{
	"type" : "FeatureCollection",
	"name" : "AIDED_PRS",
	"features" : [
		{
			"type" : "Feature",
			"geometry" : {
				"type" : "Point",
				"coordinates" : [ 114.1767828923, 22.4553536926 ]
			},
			"properties" : {
				"OBJECTID" : 1,
				"DATASET_EN" : "Aided Primary Schools",
				"DATASET_TC" : "資助小學",
				"NAME_EN" : "TAI PO BAPTIST PUBLIC SCHOOL",
				"ADDRESS_EN" : "FU SHIN ESTATE, TAI PO, NEW TERRITORIES",
				"NAME_TC" : "大埔浸信會公立學校",
				"ADDRESS_TC" : "新界大埔富善邨",
				"SEARCH01_EN" : "CO-ED",
				"SEARCH01_TC" : "男女",
				"SEARCH02_EN" : "WHOLE DAY",
				"SEARCH02_TC" : "全日",
				"SEARCH03_EN" : "TAI PO",
				"SEARCH03_TC" : "大埔區",
				"SEARCH04_EN" : "PRIMARY",
				"SEARCH04_TC" : "小學",
				"SEARCH05_EN" : "AIDED",
				"SEARCH05_TC" : "資助",
				"NSEARCH01_EN" : "PROTESTANTISM / CHRISTIANITY",
				"NSEARCH01_TC" : "基督教",
				"NSEARCH02_EN" : null,
				"NSEARCH02_TC" : null,
				"NSEARCH03_EN" : null,
				"NSEARCH03_TC" : null,
				"NSEARCH04_EN" : null,
				"NSEARCH04_TC" : null,
				"NSEARCH05_EN" : "114855000423",
				"NSEARCH05_TC" : "114855000423",
				"NORTHING" : 835098.90408257,
				"EASTING" : 836258.5814187,
				"LATITUDE" : 22.4553534,
				"LONGITUDE" : 114.17678289,
				"LASTUPDATE" : "20260904163644"
			}
		},
		{
			"type" : "Feature",
			"geometry" : {
				"type" : "Point",
				"coordinates" : [ 114.2033567995, 22.3280300038 ]
			},
			"properties" : {
				"OBJECTID" : 2,
				"DATASET_EN" : "Aided Primary Schools",
				"DATASET_TC" : "資助小學",
				"NAME_EN" : "BAPTIST HUNG HIN SHIU RAINBOW PRIMARY SCHOOL",
				"ADDRESS_EN" : "2 MUK ON STREET, KOWLOON CITY, KOWLOON",
				"NAME_TC" : "浸信會孔憲紹天虹小學",
				"ADDRESS_TC" : "九龍城沐安街2號",
				"SEARCH01_EN" : "CO-ED",
				"SEARCH01_TC" : "男女",
				"SEARCH02_EN" : "WHOLE DAY",
				"SEARCH02_TC" : "全日",
				"SEARCH03_EN" : "KOWLOON CITY",
				"SEARCH03_TC" : "九龍城區",
				"SEARCH04_EN" : "PRIMARY",
				"SEARCH04_TC" : "小學",
				"SEARCH05_EN" : "AIDED",
				"SEARCH05_TC" : "資助",
				"NSEARCH01_EN" : "PROTESTANTISM / CHRISTIANITY",
				"NSEARCH01_TC" : "基督教",
				"NSEARCH02_EN" : null,
				"NSEARCH02_TC" : null,
				"NSEARCH03_EN" : null,
				"NSEARCH03_TC" : null,
				"NSEARCH04_EN" : null,
				"NSEARCH04_TC" : null,
				"NSEARCH05_EN" : "511161000323",
				"NSEARCH05_TC" : "511161000323",
				"NORTHING" : 820999.87085389,
				"EASTING" : 838996.30154333,
				"LATITUDE" : 22.32802971,
				"LONGITUDE" : 114.2033568,
				"LASTUPDATE" : "20260831111835"
			}
		},
		{
			"type" : "Feature",
			"geometry" : {
				"type" : "Point",
				"coordinates" : [ 114.1946821922, 22.3750544753 ]
			},
			"properties" : {
				"OBJECTID" : 3,
				"DATASET_EN" : "Aided Primary Schools",
				"DATASET_TC" : "資助小學",
				"NAME_EN" : "ELCHK WISDOM LUTHERAN SCHOOL",
				"ADDRESS_EN" : "6B SHA KOK STREET, POK HONG ESTATE, SHATIN, NEW TERRITORIES",
				"NAME_TC" : "基督教香港信義會睿信學校",
				"ADDRESS_TC" : "新界沙田博康邨沙角街6B號",
				"SEARCH01_EN" : "CO-ED",
				"SEARCH01_TC" : "男女",
				"SEARCH02_EN" : "WHOLE DAY",
				"SEARCH02_TC" : "全日",
				"SEARCH03_EN" : "SHA TIN",
				"SEARCH03_TC" : "沙田區",
				"SEARCH04_EN" : "PRIMARY",
				"SEARCH04_TC" : "小學",
				"SEARCH05_EN" : "AIDED",
				"SEARCH05_TC" : "資助",
				"NSEARCH01_EN" : null,
				"NSEARCH01_TC" : null,
				"NSEARCH02_EN" : null,
				"NSEARCH02_TC" : null,
				"NSEARCH03_EN" : null,
				"NSEARCH03_TC" : null,
				"NSEARCH04_EN" : null,
				"NSEARCH04_TC" : null,
				"NSEARCH05_EN" : "114596000223",
				"NSEARCH05_TC" : "114596000223",
				"NORTHING" : 826207,
				"EASTING" : 838102,
				"LATITUDE" : 22.37505418,
				"LONGITUDE" : 114.19468219,
				"LASTUPDATE" : "20260831111705"
			}
		},
		{
			"type" : "Feature",
			"geometry" : {
				"type" : "Point",
				"coordinates" : [ 114.1939226173, 22.2772442724 ]
			},
			"properties" : {
				"OBJECTID" : 4,
				"DATASET_EN" : "Aided Primary Schools",
				"DATASET_TC" : "資助小學",
				"NAME_EN" : "LI SING TAI HANG SCHOOL",
				"ADDRESS_EN" : "73 WUN SHA STREET TAI HANG HONG KONG",
				"NAME_TC" : "李陞大坑學校",
				"ADDRESS_TC" : "香港大坑浣紗街73號",
				"SEARCH01_EN" : "CO-ED",
				"SEARCH01_TC" : "男女",
				"SEARCH02_EN" : "WHOLE DAY",
				"SEARCH02_TC" : "全日",
				"SEARCH03_EN" : "WAN CHAI",
				"SEARCH03_TC" : "灣仔區",
				"SEARCH04_EN" : "PRIMARY",
				"SEARCH04_TC" : "小學",
				"SEARCH05_EN" : "AIDED",
				"SEARCH05_TC" : "資助",
				"NSEARCH01_EN" : "NOT APPLICABLE",
				"NSEARCH01_TC" : "不適用",
				"NSEARCH02_EN" : "25775188",
				"NSEARCH02_TC" : "25775188",
				"NSEARCH03_EN" : "28824510",
				"NSEARCH03_TC" : "28824510",
				"NSEARCH04_EN" : "https://lsths.edu.hk/tc/index.php",
				"NSEARCH04_TC" : "https://lsths.edu.hk/tc/index.php",
				"NSEARCH05_EN" : "512648000123",
				"NSEARCH05_TC" : "512648000123",
				"NORTHING" : 815376,
				"EASTING" : 838025,
				"LATITUDE" : 22.27724398,
				"LONGITUDE" : 114.19392261,
				"LASTUPDATE" : "20260803175807"
			}
		},
		{
			"type" : "Feature",
			"geometry" : {
				"type" : "Point",
				"coordinates" : [ 114.125586968, 22.3753995358 ]
			},
			"properties" : {
				"OBJECTID" : 5,
				"DATASET_EN" : "Aided Primary Schools",
				"DATASET_TC" : "資助小學",
				"NAME_EN" : "TSUEN WAN PUBLIC HO CHUEN YIU MEMORIAL PRIMARY SCHOOL",
				"ADDRESS_EN" : "ESTATE PRIMARY SCHOOL NO 1 SHEK WAI KOK ESTATE TSUEN WAN NEW TERRITORIES",
				"NAME_TC" : "荃灣公立何傳耀紀念小學",
				"ADDRESS_TC" : "新界荃灣石圍角邨屋邨第一小學",
				"SEARCH01_EN" : "CO-ED",
				"SEARCH01_TC" : "男女",
				"SEARCH02_EN" : "WHOLE DAY",
				"SEARCH02_TC" : "全日",
				"SEARCH03_EN" : "TSUEN WAN",
				"SEARCH03_TC" : "荃灣區",
				"SEARCH04_EN" : "PRIMARY",
				"SEARCH04_TC" : "小學",
				"SEARCH05_EN" : "AIDED",
				"SEARCH05_TC" : "資助",
				"NSEARCH01_EN" : "NOT APPLICABLE",
				"NSEARCH01_TC" : "不適用",
				"NSEARCH02_EN" : "24902047",
				"NSEARCH02_TC" : "24902047",
				"NSEARCH03_EN" : "24902331",
				"NSEARCH03_TC" : "24902331",
				"NSEARCH04_EN" : "https://www.hcy.edu.hk",
				"NSEARCH04_TC" : "https://www.hcy.edu.hk",
				"NSEARCH05_EN" : "514632000123",
				"NSEARCH05_TC" : "514632000123",
				"NORTHING" : 826246,
				"EASTING" : 830986,
				"LATITUDE" : 22.37539924,
				"LONGITUDE" : 114.12558696,
				"LASTUPDATE" : "20260803175713"
			}
		},
		{
			"type" : "Feature",
			"geometry" : {
				"type" : "Point",
				"coordinates" : [ 114.2361853751, 22.2683481709 ]
			},
			"properties" : {
				"OBJECTID" : 6,
				"DATASET_EN" : "Aided Primary Schools",
				"DATASET_TC" : "資助小學",
				"NAME_EN" : "MENG TAK CATHOLIC SCHOOL",
				"ADDRESS_EN" : "NEW ANNEX AND 11 CHEUNG MAN ROAD, CHAI WAN, HONG KONG",
				"NAME_TC" : "天主教明德學校",
				"ADDRESS_TC" : "香港柴灣祥民道11號及新翼校舍",
				"SEARCH01_EN" : "CO-ED",
				"SEARCH01_TC" : "男女",
				"SEARCH02_EN" : "WHOLE DAY",
				"SEARCH02_TC" : "全日",
				"SEARCH03_EN" : "EASTERN",
				"SEARCH03_TC" : "東區",
				"SEARCH04_EN" : "PRIMARY",
				"SEARCH04_TC" : "小學",
				"SEARCH05_EN" : "AIDED",
				"SEARCH05_TC" : "資助",
				"NSEARCH01_EN" : "CATHOLICISM",
				"NSEARCH01_TC" : "天主教",
				"NSEARCH02_EN" : "25572244",
				"NSEARCH02_TC" : "25572244",
				"NSEARCH03_EN" : "25575324",
				"NSEARCH03_TC" : "25575324",
				"NSEARCH04_EN" : "https://www.mengtak.edu.hk",
				"NSEARCH04_TC" : "https://www.mengtak.edu.hk",
				"NSEARCH05_EN" : "150436000123",
				"NSEARCH05_TC" : "150436000123",
				"NORTHING" : 814392,
				"EASTING" : 842381,
				"LATITUDE" : 22.26834788,
				"LONGITUDE" : 114.23618537,
				"LASTUPDATE" : "20260803175631"
			}
		},
		{
			"type" : "Feature",
			"geometry" : {
				"type" : "Point",
				"coordinates" : [ 114.2297272336, 22.3276758325 ]
			},
			"properties" : {
				"OBJECTID" : 7,
				"DATASET_EN" : "Aided Primary Schools",
				"DATASET_TC" : "資助小學",
				"NAME_EN" : "HONG KONG TAOIST ASSOCIATION WUN TSUEN SCHOOL",
				"ADDRESS_EN" : "2 ON YAN STREET, KWUN TONG, KOWLOON",
				"NAME_TC" : "香港道教聯合會雲泉學校",
				"ADDRESS_TC" : "九龍觀塘安茵街2號",
				"SEARCH01_EN" : "CO-ED",
				"SEARCH01_TC" : "男女",
				"SEARCH02_EN" : "WHOLE DAY",
				"SEARCH02_TC" : "全日",
				"SEARCH03_EN" : "KWUN TONG",
				"SEARCH03_TC" : "觀塘區",
				"SEARCH04_EN" : "PRIMARY",
				"SEARCH04_TC" : "小學",
				"SEARCH05_EN" : "AIDED",
				"SEARCH05_TC" : "資助",
				"NSEARCH01_EN" : "TAOISM",
				"NSEARCH01_TC" : "道教",
				"NSEARCH02_EN" : "27570854,27574884",
				"NSEARCH02_TC" : "27570854,27574884",
				"NSEARCH03_EN" : "23313420",
				"NSEARCH03_TC" : "23313420",
				"NSEARCH04_EN" : "https://www.hktawts.edu.hk",
				"NSEARCH04_TC" : "https://www.hktawts.edu.hk",
				"NSEARCH05_EN" : "514519000223",
				"NSEARCH05_TC" : "514519000223",
				"NORTHING" : 820961.3672019,
				"EASTING" : 841713.07823542,
				"LATITUDE" : 22.32767554,
				"LONGITUDE" : 114.22972723,
				"LASTUPDATE" : "20260803175558"
			}
		},
		{
			"type" : "Feature",
			"geometry" : {
				"type" : "Point",
				"coordinates" : [ 114.1506003979, 22.3273844645 ]
			},
			"properties" : {
				"OBJECTID" : 8,
				"DATASET_EN" : "Aided Primary Schools",
				"DATASET_TC" : "資助小學",
				"NAME_EN" : "FR. CUCCHIARA MEMORIAL SCHOOL",
				"ADDRESS_EN" : "5 LAI YING STREET, SHAM SHUI PO, KOWLOON",
				"NAME_TC" : "郭怡雅神父紀念學校",
				"ADDRESS_TC" : "九龍深水埗荔盈街5號",
				"SEARCH01_EN" : "CO-ED",
				"SEARCH01_TC" : "男女",
				"SEARCH02_EN" : "WHOLE DAY",
				"SEARCH02_TC" : "全日",
				"SEARCH03_EN" : "SHAM SHUI PO",
				"SEARCH03_TC" : "深水埗區",
				"SEARCH04_EN" : "PRIMARY",
				"SEARCH04_TC" : "小學",
				"SEARCH05_EN" : "AIDED",
				"SEARCH05_TC" : "資助",
				"NSEARCH01_EN" : "CATHOLICISM",
				"NSEARCH01_TC" : "天主教",
				"NSEARCH02_EN" : "24951922",
				"NSEARCH02_TC" : "24951922",
				"NSEARCH03_EN" : "24977197",
				"NSEARCH03_TC" : "24977197",
				"NSEARCH04_EN" : "http://fcms.edu.hk",
				"NSEARCH04_TC" : "http://fcms.edu.hk",
				"NSEARCH05_EN" : "114545000223",
				"NSEARCH05_TC" : "114545000223",
				"NORTHING" : 820928.3819305,
				"EASTING" : 833561.16361443,
				"LATITUDE" : 22.32738417,
				"LONGITUDE" : 114.15060039,
				"LASTUPDATE" : "20260803175520"
			}
		},
		{
			"type" : "Feature",
			"geometry" : {
				"type" : "Point",
				"coordinates" : [ 114.1970240779, 22.396161058 ]
			},
			"properties" : {
				"OBJECTID" : 9,
				"DATASET_EN" : "Aided Primary Schools",
				"DATASET_TC" : "資助小學",
				"NAME_EN" : "PO LEUNG KUK SIU HON-SUM PRIMARY SCHOOL",
				"ADDRESS_EN" : "3 AU PUI WAN STREET, FO TAN, SHA TIN, NEW TERRITORIES",
				"NAME_TC" : "保良局蕭漢森小學",
				"ADDRESS_TC" : "新界沙田火炭坳背灣街3號",
				"SEARCH01_EN" : "CO-ED",
				"SEARCH01_TC" : "男女",
				"SEARCH02_EN" : "WHOLE DAY",
				"SEARCH02_TC" : "全日",
				"SEARCH03_EN" : "SHA TIN",
				"SEARCH03_TC" : "沙田區",
				"SEARCH04_EN" : "PRIMARY",
				"SEARCH04_TC" : "小學",
				"SEARCH05_EN" : "AIDED",
				"SEARCH05_TC" : "資助",
				"NSEARCH01_EN" : "NOT APPLICABLE",
				"NSEARCH01_TC" : "不適用",
				"NSEARCH02_EN" : "26041966",
				"NSEARCH02_TC" : "26041966",
				"NSEARCH03_EN" : "26062304",
				"NSEARCH03_TC" : "26062304",
				"NSEARCH04_EN" : "https://www.plkshs.edu.hk",
				"NSEARCH04_TC" : "https://www.plkshs.edu.hk",
				"NSEARCH05_EN" : "114634000223",
				"NSEARCH05_TC" : "114634000223",
				"NORTHING" : 828544.2802576,
				"EASTING" : 838342.87360365,
				"LATITUDE" : 22.39616076,
				"LONGITUDE" : 114.19702407,
				"LASTUPDATE" : "20260420100416"
			}
		},
		{
			"type" : "Feature",
			"geometry" : {
				"type" : "Point",
				"coordinates" : [ 114.1714046248, 22.4553364062 ]
			},
			"properties" : {
				"OBJECTID" : 10,
				"DATASET_EN" : "Aided Primary Schools",
				"DATASET_TC" : "資助小學",
				"NAME_EN" : "NEW TERRITORIES WOMEN & JUVENILES WELFARE ASSOCIATION CHRISTIAN REMEMBRANCE OF GRACE PRIMARY SCHOOL",
				"ADDRESS_EN" : "ESTATE PRIMARY SCHOOL NO. 1, TAI YUEN ESTATE, TAI PO, NEW TERRITORIES (EXCLUDING ROOMS 201-204 AND ROOMS 501-504) (FROM 3 DEC 2025 TO 31 AUG 2026)",
				"NAME_TC" : "新界婦孺福利會基督教銘恩小學",
				"ADDRESS_TC" : "新界大埔大元邨屋邨第一小學(201至204室及501至504室除外)(於2025年12月3日至2026年8月31日)",
				"SEARCH01_EN" : "CO-ED",
				"SEARCH01_TC" : "男女",
				"SEARCH02_EN" : "WHOLE DAY",
				"SEARCH02_TC" : "全日",
				"SEARCH03_EN" : "TAI PO",
				"SEARCH03_TC" : "大埔區",
				"SEARCH04_EN" : "PRIMARY",
				"SEARCH04_TC" : "小學",
				"SEARCH05_EN" : "AIDED",
				"SEARCH05_TC" : "資助",
				"NSEARCH01_EN" : "PROTESTANTISM / CHRISTIANITY",
				"NSEARCH01_TC" : "基督教",
				"NSEARCH02_EN" : "26686112",
				"NSEARCH02_TC" : "26686112",
				"NSEARCH03_EN" : "26686512",
				"NSEARCH03_TC" : "26686512",
				"NSEARCH04_EN" : "http://taipocrgps.edu.hk",
				"NSEARCH04_TC" : "http://taipocrgps.edu.hk",
				"NSEARCH05_EN" : "610224000123",
				"NSEARCH05_TC" : "610224000123",
				"NORTHING" : 835097,
				"EASTING" : 835705,
				"LATITUDE" : 22.45533611,
				"LONGITUDE" : 114.17140462,
				"LASTUPDATE" : "20260126154150"
			}
		},
		{
			"type" : "Feature",
			"geometry" : {
				"type" : "Point",
				"coordinates" : [ 114.229638991, 22.2757104064 ]
			},
			"properties" : {
				"OBJECTID" : 11,
				"DATASET_EN" : "Aided Primary Schools",
				"DATASET_TC" : "資助小學",
				"NAME_EN" : "SALESIAN SCHOOL",
				"ADDRESS_EN" : "16 CHAI WAN ROAD SHAUKEIWAN HONG KONG",
				"NAME_TC" : "慈幼學校",
				"ADDRESS_TC" : "香港筲箕灣柴灣道16號",
				"SEARCH01_EN" : "CO-ED",
				"SEARCH01_TC" : "男女",
				"SEARCH02_EN" : "WHOLE DAY",
				"SEARCH02_TC" : "全日",
				"SEARCH03_EN" : "EASTERN",
				"SEARCH03_TC" : "東區",
				"SEARCH04_EN" : "PRIMARY",
				"SEARCH04_TC" : "小學",
				"SEARCH05_EN" : "AIDED",
				"SEARCH05_TC" : "資助",
				"NSEARCH01_EN" : "CATHOLICISM",
				"NSEARCH01_TC" : "天主教",
				"NSEARCH02_EN" : "28850032",
				"NSEARCH02_TC" : "28850032",
				"NSEARCH03_EN" : "25689450",
				"NSEARCH03_TC" : "25689450",
				"NSEARCH04_EN" : "http://salesian.edu.hk",
				"NSEARCH04_TC" : "http://salesian.edu.hk",
				"NSEARCH05_EN" : "513709000123",
				"NSEARCH05_TC" : "513709000123",
				"NORTHING" : 815207,
				"EASTING" : 841706,
				"LATITUDE" : 22.27571011,
				"LONGITUDE" : 114.22963899,
				"LASTUPDATE" : "20251231150501"
			}
		},
		{
			"type" : "Feature",
			"geometry" : {
				"type" : "Point",
				"coordinates" : [ 114.1599707581, 22.4530156281 ]
			},
			"properties" : {
				"OBJECTID" : 12,
				"DATASET_EN" : "Aided Primary Schools",
				"DATASET_TC" : "資助小學",
				"NAME_EN" : "TAI PO BAPTIST PUBLIC SCHOOL",
				"ADDRESS_EN" : "ROOMS 301, 305-307, 312, 401, 501-503, 506-508 AND 602-607, TAI PO GOVERNMENT PRIMARY SCHOOL, 8 TAI PO TAI WO ROAD, TAI PO, NEW TERRITORIES (FROM 3 DEC 2025 TO 31 AUG 2026)",
				"NAME_TC" : "大埔浸信會公立學校",
				"ADDRESS_TC" : "新界大埔大埔太和路八號大埔官立小學301室、305至307室、312室、401室、501至503室、506至508室及602至607室(於2025年12月3日至2026年8月31日)",
				"SEARCH01_EN" : "CO-ED",
				"SEARCH01_TC" : "男女",
				"SEARCH02_EN" : "WHOLE DAY",
				"SEARCH02_TC" : "全日",
				"SEARCH03_EN" : "TAI PO",
				"SEARCH03_TC" : "大埔區",
				"SEARCH04_EN" : "PRIMARY",
				"SEARCH04_TC" : "小學",
				"SEARCH05_EN" : "AIDED",
				"SEARCH05_TC" : "資助",
				"NSEARCH01_EN" : "PROTESTANTISM / CHRISTIANITY",
				"NSEARCH01_TC" : "基督教",
				"NSEARCH02_EN" : null,
				"NSEARCH02_TC" : null,
				"NSEARCH03_EN" : null,
				"NSEARCH03_TC" : null,
				"NSEARCH04_EN" : null,
				"NSEARCH04_TC" : null,
				"NSEARCH05_EN" : "114855000323",
				"NSEARCH05_TC" : "114855000323",
				"NORTHING" : 834840.09262254,
				"EASTING" : 834528.09104925,
				"LATITUDE" : 22.45301533,
				"LONGITUDE" : 114.15997075,
				"LASTUPDATE" : "20251231101306"
			}
		},
		{
			"type" : "Feature",
			"geometry" : {
				"type" : "Point",
				"coordinates" : [ 114.1714054902, 22.4553423311 ]
			},
			"properties" : {
				"OBJECTID" : 13,
				"DATASET_EN" : "Aided Primary Schools",
				"DATASET_TC" : "資助小學",
				"NAME_EN" : "TAI PO BAPTIST PUBLIC SCHOOL",
				"ADDRESS_EN" : "ROOMS 201-204 AND ROOMS 501-504, NTWJWA CHRISTIAN REMEMBRANCE OF GRACE PRIMARY SCHOOL, ESTATE PRIMARY SCHOOL NO. 1, TAI YUEN ESTATE, TAI PO, NEW TERRITORIES (FROM 3 DEC 2025 TO 31 AUG 2026)",
				"NAME_TC" : "大埔浸信會公立學校",
				"ADDRESS_TC" : "新界大埔大元邨屋邨第一小學新界婦孺福利會基督教銘恩小學201至204室及501至504室(於2025年12月3日至2026年8月31日)",
				"SEARCH01_EN" : "CO-ED",
				"SEARCH01_TC" : "男女",
				"SEARCH02_EN" : "WHOLE DAY",
				"SEARCH02_TC" : "全日",
				"SEARCH03_EN" : "TAI PO",
				"SEARCH03_TC" : "大埔區",
				"SEARCH04_EN" : "PRIMARY",
				"SEARCH04_TC" : "小學",
				"SEARCH05_EN" : "AIDED",
				"SEARCH05_TC" : "資助",
				"NSEARCH01_EN" : "PROTESTANTISM / CHRISTIANITY",
				"NSEARCH01_TC" : "基督教",
				"NSEARCH02_EN" : null,
				"NSEARCH02_TC" : null,
				"NSEARCH03_EN" : null,
				"NSEARCH03_TC" : null,
				"NSEARCH04_EN" : null,
				"NSEARCH04_TC" : null,
				"NSEARCH05_EN" : "114855000223",
				"NSEARCH05_TC" : "114855000223",
				"NORTHING" : 835097.65613817,
				"EASTING" : 835705.08907547,
				"LATITUDE" : 22.45534204,
				"LONGITUDE" : 114.17140549,
				"LASTUPDATE" : "20251231101245"
			}
		},
		{
			"type" : "Feature",
			"geometry" : {
				"type" : "Point",
				"coordinates" : [ 114.1979873291, 22.4001679485 ]
			},
			"properties" : {
				"OBJECTID" : 14,
				"DATASET_EN" : "Aided Primary Schools",
				"DATASET_TC" : "資助小學",
				"NAME_EN" : "STEWARDS POOI KEI PRIMARY SCHOOL",
				"ADDRESS_EN" : "ECO-GARDEN CUM PLANT NURSERY LOK LIN PATH SHA TIN NEW TERRITORIES",
				"NAME_TC" : "培基小學",
				"ADDRESS_TC" : "新界沙田樂蓮徑生態花園暨植物苗圃",
				"SEARCH01_EN" : "CO-ED",
				"SEARCH01_TC" : "男女",
				"SEARCH02_EN" : "WHOLE DAY",
				"SEARCH02_TC" : "全日",
				"SEARCH03_EN" : "SHA TIN",
				"SEARCH03_TC" : "沙田區",
				"SEARCH04_EN" : "PRIMARY",
				"SEARCH04_TC" : "小學",
				"SEARCH05_EN" : "AIDED",
				"SEARCH05_TC" : "資助",
				"NSEARCH01_EN" : "PROTESTANTISM / CHRISTIANITY",
				"NSEARCH01_TC" : "基督教",
				"NSEARCH02_EN" : "26025353",
				"NSEARCH02_TC" : "26025353",
				"NSEARCH03_EN" : "2697 3808",
				"NSEARCH03_TC" : "2697 3808",
				"NSEARCH04_EN" : null,
				"NSEARCH04_TC" : null,
				"NSEARCH05_EN" : "115584000223",
				"NSEARCH05_TC" : "115584000223",
				"NORTHING" : 828988,
				"EASTING" : 838442,
				"LATITUDE" : 22.40016765,
				"LONGITUDE" : 114.19798732,
				"LASTUPDATE" : "20251215133756"
			}
		},
		{
			"type" : "Feature",
			"geometry" : {
				"type" : "Point",
				"coordinates" : [ 114.1380591902, 22.2526500759 ]
			},
			"properties" : {
				"OBJECTID" : 15,
				"DATASET_EN" : "Aided Primary Schools",
				"DATASET_TC" : "資助小學",
				"NAME_EN" : "TUNG WAH GROUP OF HOSPITALS HOK SHAN SCHOOL",
				"ADDRESS_EN" : "5 WAH LAM PATH, WAH FU ESTATE, POKFULAM, HONG KONG",
				"NAME_TC" : "東華三院鶴山學校",
				"ADDRESS_TC" : "香港薄扶林華富邨華林徑5號",
				"SEARCH01_EN" : "CO-ED",
				"SEARCH01_TC" : "男女",
				"SEARCH02_EN" : "WHOLE DAY",
				"SEARCH02_TC" : "全日",
				"SEARCH03_EN" : "SOUTHERN",
				"SEARCH03_TC" : "南區",
				"SEARCH04_EN" : "PRIMARY",
				"SEARCH04_TC" : "小學",
				"SEARCH05_EN" : "AIDED",
				"SEARCH05_TC" : "資助",
				"NSEARCH01_EN" : "NOT APPLICABLE",
				"NSEARCH01_TC" : "不適用",
				"NSEARCH02_EN" : "25511142",
				"NSEARCH02_TC" : "25511142",
				"NSEARCH03_EN" : "25517151",
				"NSEARCH03_TC" : "25517151",
				"NSEARCH04_EN" : "http://www.hokshan.edu.hk",
				"NSEARCH04_TC" : "http://www.hokshan.edu.hk",
				"NSEARCH05_EN" : "512036000123",
				"NSEARCH05_TC" : "512036000123",
				"NORTHING" : 812653,
				"EASTING" : 832267,
				"LATITUDE" : 22.25264978,
				"LONGITUDE" : 114.13805919,
				"LASTUPDATE" : "20251215121653"
			}
		},
		{
			"type" : "Feature",
			"geometry" : {
				"type" : "Point",
				"coordinates" : [ 114.1664313732, 22.4414563591 ]
			},
			"properties" : {
				"OBJECTID" : 16,
				"DATASET_EN" : "Aided Primary Schools",
				"DATASET_TC" : "資助小學",
				"NAME_EN" : "YAN CHAI HOSPITAL CHOI HIN TO PRIMARY SCHOOL",
				"ADDRESS_EN" : "WAN TAU TONG ESTATE, AREA 6, TAI PO, NEW TERRITORIES",
				"NAME_TC" : "仁濟醫院蔡衍濤小學",
				"ADDRESS_TC" : "新界大埔第六區運頭塘邨",
				"SEARCH01_EN" : "CO-ED",
				"SEARCH01_TC" : "男女",
				"SEARCH02_EN" : "WHOLE DAY",
				"SEARCH02_TC" : "全日",
				"SEARCH03_EN" : "TAI PO",
				"SEARCH03_TC" : "大埔區",
				"SEARCH04_EN" : "PRIMARY",
				"SEARCH04_TC" : "小學",
				"SEARCH05_EN" : "AIDED",
				"SEARCH05_TC" : "資助",
				"NSEARCH01_EN" : "NOT APPLICABLE",
				"NSEARCH01_TC" : "不適用",
				"NSEARCH02_EN" : "26566116",
				"NSEARCH02_TC" : "26566116",
				"NSEARCH03_EN" : "26578298",
				"NSEARCH03_TC" : "26578298",
				"NSEARCH04_EN" : "http://www.ychchtps.edu.hk",
				"NSEARCH04_TC" : "http://www.ychchtps.edu.hk",
				"NSEARCH05_EN" : "115762000123",
				"NSEARCH05_TC" : "115762000123",
				"NORTHING" : 833560,
				"EASTING" : 835193,
				"LATITUDE" : 22.44145606,
				"LONGITUDE" : 114.16643137,
				"LASTUPDATE" : "20251126155707"
			}
		},
		{
			"type" : "Feature",
			"geometry" : {
				"type" : "Point",
				"coordinates" : [ 113.9772588137, 22.3895888718 ]
			},
			"properties" : {
				"OBJECTID" : 17,
				"DATASET_EN" : "Aided Primary Schools",
				"DATASET_TC" : "資助小學",
				"NAME_EN" : "YAN OI TONG MADAM LAU WONG FAT PRIMARY SCHOOL",
				"ADDRESS_EN" : "ESTATE PRIMARY SCHOOL NO 6 ON TING ESTATE AREA 13 TUEN MUN NEW TERRITORIES",
				"NAME_TC" : "仁愛堂劉皇發夫人小學",
				"ADDRESS_TC" : "新界屯門13區安定邨屋邨小學第六校舍",
				"SEARCH01_EN" : "CO-ED",
				"SEARCH01_TC" : "男女",
				"SEARCH02_EN" : "WHOLE DAY",
				"SEARCH02_TC" : "全日",
				"SEARCH03_EN" : "TUEN MUN",
				"SEARCH03_TC" : "屯門區",
				"SEARCH04_EN" : "PRIMARY",
				"SEARCH04_TC" : "小學",
				"SEARCH05_EN" : "AIDED",
				"SEARCH05_TC" : "資助",
				"NSEARCH01_EN" : "NOT APPLICABLE",
				"NSEARCH01_TC" : "不適用",
				"NSEARCH02_EN" : "24510372",
				"NSEARCH02_TC" : "24510372",
				"NSEARCH03_EN" : "24417784",
				"NSEARCH03_TC" : "24417784",
				"NSEARCH04_EN" : "http://www.yotps.edu.hk",
				"NSEARCH04_TC" : "http://www.yotps.edu.hk",
				"NSEARCH05_EN" : "114928000123",
				"NSEARCH05_TC" : "114928000123",
				"NORTHING" : 827830,
				"EASTING" : 815712,
				"LATITUDE" : 22.38958858,
				"LONGITUDE" : 113.97725881,
				"LASTUPDATE" : "20251126130007"
			}
		},
		{
			"type" : "Feature",
			"geometry" : {
				"type" : "Point",
				"coordinates" : [ 114.1740875666, 22.3796519761 ]
			},
			"properties" : {
				"OBJECTID" : 18,
				"DATASET_EN" : "Aided Primary Schools",
				"DATASET_TC" : "資助小學",
				"NAME_EN" : "FREE METHODIST MEI LAM PRIMARY SCHOOL",
				"ADDRESS_EN" : "MEI SHING COURT, TAI WAI, SHATIN, NEW TERRITORIES",
				"NAME_TC" : "循理會美林小學",
				"ADDRESS_TC" : "新界沙田大圍美城苑",
				"SEARCH01_EN" : "CO-ED",
				"SEARCH01_TC" : "男女",
				"SEARCH02_EN" : "WHOLE DAY",
				"SEARCH02_TC" : "全日",
				"SEARCH03_EN" : "SHA TIN",
				"SEARCH03_TC" : "沙田區",
				"SEARCH04_EN" : "PRIMARY",
				"SEARCH04_TC" : "小學",
				"SEARCH05_EN" : "AIDED",
				"SEARCH05_TC" : "資助",
				"NSEARCH01_EN" : "PROTESTANTISM / CHRISTIANITY",
				"NSEARCH01_TC" : "基督教",
				"NSEARCH02_EN" : "26052868",
				"NSEARCH02_TC" : "26052868",
				"NSEARCH03_EN" : "26022709",
				"NSEARCH03_TC" : "26022709",
				"NSEARCH04_EN" : "http://www.fmml.edu.hk",
				"NSEARCH04_TC" : "http://www.fmml.edu.hk",
				"NSEARCH05_EN" : "114723000123",
				"NSEARCH05_TC" : "114723000123",
				"NORTHING" : 826716,
				"EASTING" : 835981,
				"LATITUDE" : 22.37965168,
				"LONGITUDE" : 114.17408756,
				"LASTUPDATE" : "20251126125904"
			}
		},
		{
			"type" : "Feature",
			"geometry" : {
				"type" : "Point",
				"coordinates" : [ 114.1874644514, 22.3310130837 ]
			},
			"properties" : {
				"OBJECTID" : 19,
				"DATASET_EN" : "Aided Primary Schools",
				"DATASET_TC" : "資助小學",
				"NAME_EN" : "HOLY FAMILY CANOSSIAN SCHOOL",
				"ADDRESS_EN" : "G/F 99 FUK LO TSUN ROAD KOWLOON CITY KOWLOON",
				"NAME_TC" : "嘉諾撒聖家學校",
				"ADDRESS_TC" : "九龍九龍城福佬村道99號地下",
				"SEARCH01_EN" : "GIRLS",
				"SEARCH01_TC" : "女",
				"SEARCH02_EN" : "WHOLE DAY",
				"SEARCH02_TC" : "全日",
				"SEARCH03_EN" : "KOWLOON CITY",
				"SEARCH03_TC" : "九龍城區",
				"SEARCH04_EN" : "PRIMARY",
				"SEARCH04_TC" : "小學",
				"SEARCH05_EN" : "AIDED",
				"SEARCH05_TC" : "資助",
				"NSEARCH01_EN" : "CATHOLICISM",
				"NSEARCH01_TC" : "天主教",
				"NSEARCH02_EN" : "23821035",
				"NSEARCH02_TC" : "23821035",
				"NSEARCH03_EN" : "23824406",
				"NSEARCH03_TC" : "23824406",
				"NSEARCH04_EN" : null,
				"NSEARCH04_TC" : null,
				"NSEARCH05_EN" : "512060000223",
				"NSEARCH05_TC" : "512060000223",
				"NORTHING" : 821330,
				"EASTING" : 837359,
				"LATITUDE" : 22.33101279,
				"LONGITUDE" : 114.18746445,
				"LASTUPDATE" : "20251126104132"
			}
		},
		{
			"type" : "Feature",
			"geometry" : {
				"type" : "Point",
				"coordinates" : [ 114.189746802, 22.3446852067 ]
			},
			"properties" : {
				"OBJECTID" : 20,
				"DATASET_EN" : "Aided Primary Schools",
				"DATASET_TC" : "資助小學",
				"NAME_EN" : "BAPTIST HUNG HIN SHIU RAINBOW PRIMARY SCHOOL",
				"ADDRESS_EN" : "CHUK YUEN SOUTH ESTATE WONG TAI SIN KOWLOON",
				"NAME_TC" : "浸信會孔憲紹天虹小學",
				"ADDRESS_TC" : "九龍黃大仙竹園南邨",
				"SEARCH01_EN" : "CO-ED",
				"SEARCH01_TC" : "男女",
				"SEARCH02_EN" : "WHOLE DAY",
				"SEARCH02_TC" : "全日",
				"SEARCH03_EN" : "WONG TAI SIN",
				"SEARCH03_TC" : "黃大仙區",
				"SEARCH04_EN" : "PRIMARY",
				"SEARCH04_TC" : "小學",
				"SEARCH05_EN" : "AIDED",
				"SEARCH05_TC" : "資助",
				"NSEARCH01_EN" : "PROTESTANTISM / CHRISTIANITY",
				"NSEARCH01_TC" : "基督教",
				"NSEARCH02_EN" : "23287971",
				"NSEARCH02_TC" : "23287971",
				"NSEARCH03_EN" : "23227419",
				"NSEARCH03_TC" : "23227419",
				"NSEARCH04_EN" : "http://www.rainbow.edu.hk",
				"NSEARCH04_TC" : "http://www.rainbow.edu.hk",
				"NSEARCH05_EN" : "511161000123",
				"NSEARCH05_TC" : "511161000123",
				"NORTHING" : 822844,
				"EASTING" : 837594,
				"LATITUDE" : 22.34468491,
				"LONGITUDE" : 114.1897468,
				"LASTUPDATE" : "20250901120837"
			}
		},
		{
			"type" : "Feature",
			"geometry" : {
				"type" : "Point",
				"coordinates" : [ 114.1701427115, 22.3311171462 ]
			},
			"properties" : {
				"OBJECTID" : 21,
				"DATASET_EN" : "Aided Primary Schools",
				"DATASET_TC" : "資助小學",
				"NAME_EN" : "ALLIANCE PRIMARY SCHOOL, TAI HANG TUNG",
				"ADDRESS_EN" : "13 & 23 TONG YAM STREET TAI HANG TUNG KOWLOON",
				"NAME_TC" : "大坑東宣道小學",
				"ADDRESS_TC" : "九龍大坑東棠蔭街十三及廿三號",
				"SEARCH01_EN" : "CO-ED",
				"SEARCH01_TC" : "男女",
				"SEARCH02_EN" : "WHOLE DAY",
				"SEARCH02_TC" : "全日",
				"SEARCH03_EN" : "SHAM SHUI PO",
				"SEARCH03_TC" : "深水埗區",
				"SEARCH04_EN" : "PRIMARY",
				"SEARCH04_TC" : "小學",
				"SEARCH05_EN" : "AIDED",
				"SEARCH05_TC" : "資助",
				"NSEARCH01_EN" : "PROTESTANTISM / CHRISTIANITY",
				"NSEARCH01_TC" : "基督教",
				"NSEARCH02_EN" : "27778949",
				"NSEARCH02_TC" : "27778949",
				"NSEARCH03_EN" : "27761585",
				"NSEARCH03_TC" : "27761585",
				"NSEARCH04_EN" : "http://www.apstht.edu.hk",
				"NSEARCH04_TC" : "http://www.apstht.edu.hk",
				"NSEARCH05_EN" : "511129000123",
				"NSEARCH05_TC" : "511129000123",
				"NORTHING" : 821341.5,
				"EASTING" : 835574.5,
				"LATITUDE" : 22.33111685,
				"LONGITUDE" : 114.17014271,
				"LASTUPDATE" : "20250815142831"
			}
		},
		{
			"type" : "Feature",
			"geometry" : {
				"type" : "Point",
				"coordinates" : [ 114.1724762701, 22.3607871469 ]
			},
			"properties" : {
				"OBJECTID" : 22,
				"DATASET_EN" : "Aided Primary Schools",
				"DATASET_TC" : "資助小學",
				"NAME_EN" : "CUHK FEDERATION OF ALUMNI ASSOCIATION THOMAS CHEUNG SCHOOL",
				"ADDRESS_EN" : "KA TIN COURT HIN KENG ESTATE SHATIN NEW TERRITORIES",
				"NAME_TC" : "香港中文大學校友會聯會張煊昌學校",
				"ADDRESS_TC" : "新界沙田顯徑邨嘉田苑",
				"SEARCH01_EN" : "CO-ED",
				"SEARCH01_TC" : "男女",
				"SEARCH02_EN" : "WHOLE DAY",
				"SEARCH02_TC" : "全日",
				"SEARCH03_EN" : "SHA TIN",
				"SEARCH03_TC" : "沙田區",
				"SEARCH04_EN" : "PRIMARY",
				"SEARCH04_TC" : "小學",
				"SEARCH05_EN" : "AIDED",
				"SEARCH05_TC" : "資助",
				"NSEARCH01_EN" : "NOT APPLICABLE",
				"NSEARCH01_TC" : "不適用",
				"NSEARCH02_EN" : "26931898",
				"NSEARCH02_TC" : "26931898",
				"NSEARCH03_EN" : "26936538",
				"NSEARCH03_TC" : "26936538",
				"NSEARCH04_EN" : "http://www.tcps.edu.hk",
				"NSEARCH04_TC" : "http://www.tcps.edu.hk",
				"NSEARCH05_EN" : "115320000123",
				"NSEARCH05_TC" : "115320000123",
				"NORTHING" : 824627,
				"EASTING" : 835815,
				"LATITUDE" : 22.36078685,
				"LONGITUDE" : 114.17247627,
				"LASTUPDATE" : "20250731121008"
			}
		},
		{
			"type" : "Feature",
			"geometry" : {
				"type" : "Point",
				"coordinates" : [ 114.1297599583, 22.3531856696 ]
			},
			"properties" : {
				"OBJECTID" : 23,
				"DATASET_EN" : "Aided Primary Schools",
				"DATASET_TC" : "資助小學",
				"NAME_EN" : "T.W.G.HS KO HO NING MEMORIAL PRIMARY SCHOOL",
				"ADDRESS_EN" : "LAI YIU ESTATE KWAI CHUNG NEW TERRITORIES",
				"NAME_TC" : "東華三院高可寧紀念小學",
				"ADDRESS_TC" : "新界葵涌麗瑤邨",
				"SEARCH01_EN" : "CO-ED",
				"SEARCH01_TC" : "男女",
				"SEARCH02_EN" : "WHOLE DAY",
				"SEARCH02_TC" : "全日",
				"SEARCH03_EN" : "KWAI TSING",
				"SEARCH03_TC" : "葵青區",
				"SEARCH04_EN" : "PRIMARY",
				"SEARCH04_TC" : "小學",
				"SEARCH05_EN" : "AIDED",
				"SEARCH05_TC" : "資助",
				"NSEARCH01_EN" : "NOT APPLICABLE",
				"NSEARCH01_TC" : "不適用",
				"NSEARCH02_EN" : "27450511",
				"NSEARCH02_TC" : "27450511",
				"NSEARCH03_EN" : "27863085",
				"NSEARCH03_TC" : "27863085",
				"NSEARCH04_EN" : "http://www.twghkhnmp.edu.hk",
				"NSEARCH04_TC" : "http://www.twghkhnmp.edu.hk",
				"NSEARCH05_EN" : "114499000123",
				"NSEARCH05_TC" : "114499000123",
				"NORTHING" : 823786,
				"EASTING" : 831415,
				"LATITUDE" : 22.35318538,
				"LONGITUDE" : 114.12975995,
				"LASTUPDATE" : "20250731120945"
			}
		},
		{
			"type" : "Feature",
			"geometry" : {
				"type" : "Point",
				"coordinates" : [ 114.2371139067, 22.3068363585 ]
			},
			"properties" : {
				"OBJECTID" : 24,
				"DATASET_EN" : "Aided Primary Schools",
				"DATASET_TC" : "資助小學",
				"NAME_EN" : "S.K.H. LEE SHIU KEUNG PRIMARY SCHOOL",
				"ADDRESS_EN" : "SCHOOL NO. 1 ON TIN STREET PING TIN ESTATE LAM TIN KWUN TONG KOWLOON",
				"NAME_TC" : "聖公會李兆強小學",
				"ADDRESS_TC" : "九龍觀塘藍田平田邨安田街第一校舍",
				"SEARCH01_EN" : "CO-ED",
				"SEARCH01_TC" : "男女",
				"SEARCH02_EN" : "WHOLE DAY",
				"SEARCH02_TC" : "全日",
				"SEARCH03_EN" : "KWUN TONG",
				"SEARCH03_TC" : "觀塘區",
				"SEARCH04_EN" : "PRIMARY",
				"SEARCH04_TC" : "小學",
				"SEARCH05_EN" : "AIDED",
				"SEARCH05_TC" : "資助",
				"NSEARCH01_EN" : "PROTESTANTISM / CHRISTIANITY",
				"NSEARCH01_TC" : "基督教",
				"NSEARCH02_EN" : "23465430",
				"NSEARCH02_TC" : "23465430",
				"NSEARCH03_EN" : "27273203",
				"NSEARCH03_TC" : "27273203",
				"NSEARCH04_EN" : "http://www.skhlsk.edu.hk",
				"NSEARCH04_TC" : "http://www.skhlsk.edu.hk",
				"NSEARCH05_EN" : "518425000123",
				"NSEARCH05_TC" : "518425000123",
				"NORTHING" : 818654,
				"EASTING" : 842475,
				"LATITUDE" : 22.30683607,
				"LONGITUDE" : 114.2371139,
				"LASTUPDATE" : "20250731120930"
			}
		},
		{
			"type" : "Feature",
			"geometry" : {
				"type" : "Point",
				"coordinates" : [ 114.1270248483, 22.3457797936 ]
			},
			"properties" : {
				"OBJECTID" : 25,
				"DATASET_EN" : "Aided Primary Schools",
				"DATASET_TC" : "資助小學",
				"NAME_EN" : "ASBURY METHODIST PRIMARY SCHOOL",
				"ADDRESS_EN" : "ESTATE SCHOOL NO. 2 LAI KING ESTATE KWAI CHUNG NEW TERRITORIES",
				"NAME_TC" : "亞斯理衛理小學",
				"ADDRESS_TC" : "新界葵涌茘景邨第二校舍",
				"SEARCH01_EN" : "CO-ED",
				"SEARCH01_TC" : "男女",
				"SEARCH02_EN" : "WHOLE DAY",
				"SEARCH02_TC" : "全日",
				"SEARCH03_EN" : "KWAI TSING",
				"SEARCH03_TC" : "葵青區",
				"SEARCH04_EN" : "PRIMARY",
				"SEARCH04_TC" : "小學",
				"SEARCH05_EN" : "AIDED",
				"SEARCH05_TC" : "資助",
				"NSEARCH01_EN" : "PROTESTANTISM / CHRISTIANITY",
				"NSEARCH01_TC" : "基督教",
				"NSEARCH02_EN" : "27429444",
				"NSEARCH02_TC" : "27429444",
				"NSEARCH03_EN" : "23700675",
				"NSEARCH03_TC" : "23700675",
				"NSEARCH04_EN" : "http://www.asbury.edu.hk",
				"NSEARCH04_TC" : "http://www.asbury.edu.hk",
				"NSEARCH05_EN" : "113247000123",
				"NSEARCH05_TC" : "113247000123",
				"NORTHING" : 822966,
				"EASTING" : 831133,
				"LATITUDE" : 22.3457795,
				"LONGITUDE" : 114.12702484,
				"LASTUPDATE" : "20250731120914"
			}
		},
		{
			"type" : "Feature",
			"geometry" : {
				"type" : "Point",
				"coordinates" : [ 114.2199691318, 22.3202883863 ]
			},
			"properties" : {
				"OBJECTID" : 26,
				"DATASET_EN" : "Aided Primary Schools",
				"DATASET_TC" : "資助小學",
				"NAME_EN" : "S.K.H. KEI LOK PRIMARY SCHOOL",
				"ADDRESS_EN" : "ESTATE PRIMARY SCHOOL LOK WAH ESTATE PHASE I NGAU TAU KOK KOWLOON",
				"NAME_TC" : "聖公會基樂小學",
				"ADDRESS_TC" : "九龍牛頭角樂華邨第一期",
				"SEARCH01_EN" : "CO-ED",
				"SEARCH01_TC" : "男女",
				"SEARCH02_EN" : "WHOLE DAY",
				"SEARCH02_TC" : "全日",
				"SEARCH03_EN" : "KWUN TONG",
				"SEARCH03_TC" : "觀塘區",
				"SEARCH04_EN" : "PRIMARY",
				"SEARCH04_TC" : "小學",
				"SEARCH05_EN" : "AIDED",
				"SEARCH05_TC" : "資助",
				"NSEARCH01_EN" : "PROTESTANTISM / CHRISTIANITY",
				"NSEARCH01_TC" : "基督教",
				"NSEARCH02_EN" : "27555611",
				"NSEARCH02_TC" : "27555611",
				"NSEARCH03_EN" : "27508790",
				"NSEARCH03_TC" : "27508790",
				"NSEARCH04_EN" : "http://www.skhklps.edu.hk",
				"NSEARCH04_TC" : "http://www.skhklps.edu.hk",
				"NSEARCH05_EN" : "513474000123",
				"NSEARCH05_TC" : "513474000123",
				"NORTHING" : 820143,
				"EASTING" : 840708,
				"LATITUDE" : 22.32028809,
				"LONGITUDE" : 114.21996913,
				"LASTUPDATE" : "20250731120841"
			}
		},
		{
			"type" : "Feature",
			"geometry" : {
				"type" : "Point",
				"coordinates" : [ 114.1793591074, 22.3205108397 ]
			},
			"properties" : {
				"OBJECTID" : 27,
				"DATASET_EN" : "Aided Primary Schools",
				"DATASET_TC" : "資助小學",
				"NAME_EN" : "HOP YAT CHURCH SCHOOL",
				"ADDRESS_EN" : "7 PRINCESS MARGARET ROAD HOMANTIN KOWLOON",
				"NAME_TC" : "合一堂學校",
				"ADDRESS_TC" : "九龍公主道七號",
				"SEARCH01_EN" : "CO-ED",
				"SEARCH01_TC" : "男女",
				"SEARCH02_EN" : "WHOLE DAY",
				"SEARCH02_TC" : "全日",
				"SEARCH03_EN" : "KOWLOON CITY",
				"SEARCH03_TC" : "九龍城區",
				"SEARCH04_EN" : "PRIMARY",
				"SEARCH04_TC" : "小學",
				"SEARCH05_EN" : "AIDED",
				"SEARCH05_TC" : "資助",
				"NSEARCH01_EN" : "PROTESTANTISM / CHRISTIANITY",
				"NSEARCH01_TC" : "基督教",
				"NSEARCH02_EN" : "27111013",
				"NSEARCH02_TC" : "27111013",
				"NSEARCH03_EN" : "27142465",
				"NSEARCH03_TC" : "27142465",
				"NSEARCH04_EN" : "http://www.hycs.edu.hk",
				"NSEARCH04_TC" : "http://www.hycs.edu.hk",
				"NSEARCH05_EN" : "512176000123",
				"NSEARCH05_TC" : "512176000123",
				"NORTHING" : 820167,
				"EASTING" : 836524,
				"LATITUDE" : 22.32051055,
				"LONGITUDE" : 114.1793591,
				"LASTUPDATE" : "20250731120804"
			}
		},
		{
			"type" : "Feature",
			"geometry" : {
				"type" : "Point",
				"coordinates" : [ 114.1804367135, 22.3296588051 ]
			},
			"properties" : {
				"OBJECTID" : 28,
				"DATASET_EN" : "Aided Primary Schools",
				"DATASET_TC" : "資助小學",
				"NAME_EN" : "THE CHURCH OF CHRIST IN CHINA KEI WA PRIMARY SCHOOL (KOWLOON TONG)",
				"ADDRESS_EN" : "1B OXFORD ROAD KOWLOON TONG KOWLOON",
				"NAME_TC" : "中華基督教會基華小學(九龍塘)",
				"ADDRESS_TC" : "九龍九龍塘牛津道1號B",
				"SEARCH01_EN" : "CO-ED",
				"SEARCH01_TC" : "男女",
				"SEARCH02_EN" : "WHOLE DAY",
				"SEARCH02_TC" : "全日",
				"SEARCH03_EN" : "KOWLOON CITY",
				"SEARCH03_TC" : "九龍城區",
				"SEARCH04_EN" : "PRIMARY",
				"SEARCH04_TC" : "小學",
				"SEARCH05_EN" : "AIDED",
				"SEARCH05_TC" : "資助",
				"NSEARCH01_EN" : "PROTESTANTISM / CHRISTIANITY",
				"NSEARCH01_TC" : "基督教",
				"NSEARCH02_EN" : "22676676",
				"NSEARCH02_TC" : "22676676",
				"NSEARCH03_EN" : "23360665",
				"NSEARCH03_TC" : "23360665",
				"NSEARCH04_EN" : "http://www.kwpskt.edu.hk",
				"NSEARCH04_TC" : "http://www.kwpskt.edu.hk",
				"NSEARCH05_EN" : "560642000123",
				"NSEARCH05_TC" : "560642000123",
				"NORTHING" : 821180,
				"EASTING" : 836635,
				"LATITUDE" : 22.32965851,
				"LONGITUDE" : 114.18043671,
				"LASTUPDATE" : "20250731115821"
			}
		},
		{
			"type" : "Feature",
			"geometry" : {
				"type" : "Point",
				"coordinates" : [ 114.0050747223, 22.4651333815 ]
			},
			"properties" : {
				"OBJECTID" : 29,
				"DATASET_EN" : "Aided Primary Schools",
				"DATASET_TC" : "資助小學",
				"NAME_EN" : "CHRISTIAN PUI YAN PRIMARY SCHOOL",
				"ADDRESS_EN" : "2 TIN YIP ROAD TIN SHUI WAI YUEN LONG NEW TERRITORIES",
				"NAME_TC" : "基督教培恩小學",
				"ADDRESS_TC" : "新界元朗天水圍天業路2號",
				"SEARCH01_EN" : "CO-ED",
				"SEARCH01_TC" : "男女",
				"SEARCH02_EN" : "WHOLE DAY",
				"SEARCH02_TC" : "全日",
				"SEARCH03_EN" : "YUEN LONG",
				"SEARCH03_TC" : "元朗區",
				"SEARCH04_EN" : "PRIMARY",
				"SEARCH04_TC" : "小學",
				"SEARCH05_EN" : "AIDED",
				"SEARCH05_TC" : "資助",
				"NSEARCH01_EN" : "PROTESTANTISM / CHRISTIANITY",
				"NSEARCH01_TC" : "基督教",
				"NSEARCH02_EN" : "23420555",
				"NSEARCH02_TC" : "23420555",
				"NSEARCH03_EN" : "34014724",
				"NSEARCH03_TC" : "34014724",
				"NSEARCH04_EN" : "https://www.cpyps.edu.hk",
				"NSEARCH04_TC" : "https://www.cpyps.edu.hk",
				"NSEARCH05_EN" : "543233000223",
				"NSEARCH05_TC" : "543233000223",
				"NORTHING" : 836192,
				"EASTING" : 818586,
				"LATITUDE" : 22.46513309,
				"LONGITUDE" : 114.00507472,
				"LASTUPDATE" : "20250723164912"
			}
		},
		{
			"type" : "Feature",
			"geometry" : {
				"type" : "Point",
				"coordinates" : [ 114.1150293804, 22.3632304603 ]
			},
			"properties" : {
				"OBJECTID" : 30,
				"DATASET_EN" : "Aided Primary Schools",
				"DATASET_TC" : "資助小學",
				"NAME_EN" : "THE CHURCH OF CHRIST IN CHINA CHUEN YUEN FIRST PRIMARY SCHOOL",
				"ADDRESS_EN" : "36 WING SHUN STREET, TSUEN WAN, NEW TERRITORIES",
				"NAME_TC" : "中華基督教會全完第一小學",
				"ADDRESS_TC" : "新界荃灣永順街36號",
				"SEARCH01_EN" : "CO-ED",
				"SEARCH01_TC" : "男女",
				"SEARCH02_EN" : "WHOLE DAY",
				"SEARCH02_TC" : "全日",
				"SEARCH03_EN" : "TSUEN WAN",
				"SEARCH03_TC" : "荃灣區",
				"SEARCH04_EN" : "PRIMARY",
				"SEARCH04_TC" : "小學",
				"SEARCH05_EN" : "AIDED",
				"SEARCH05_TC" : "資助",
				"NSEARCH01_EN" : "PROTESTANTISM / CHRISTIANITY",
				"NSEARCH01_TC" : "基督教",
				"NSEARCH02_EN" : "24900336",
				"NSEARCH02_TC" : "24900336",
				"NSEARCH03_EN" : "24158627",
				"NSEARCH03_TC" : "24158627",
				"NSEARCH04_EN" : "http://www.cyf.edu.hk",
				"NSEARCH04_TC" : "http://www.cyf.edu.hk",
				"NSEARCH05_EN" : "113417000223",
				"NSEARCH05_TC" : "113417000223",
				"NORTHING" : 824898.86077027,
				"EASTING" : 829898.139065,
				"LATITUDE" : 22.36323017,
				"LONGITUDE" : 114.11502938,
				"LASTUPDATE" : "20250723163738"
			}
		},
		{
			"type" : "Feature",
			"geometry" : {
				"type" : "Point",
				"coordinates" : [ 113.9662702524, 22.4062451741 ]
			},
			"properties" : {
				"OBJECTID" : 31,
				"DATASET_EN" : "Aided Primary Schools",
				"DATASET_TC" : "資助小學",
				"NAME_EN" : "THE CHURCH OF CHRIST IN CHINA MONG WONG FAR YOK MEMORIAL PRIMARY SCHOOL",
				"ADDRESS_EN" : "TIN KING ESTATE AREA 1 TUEN MUN NEW TERRITORIES",
				"NAME_TC" : "中華基督教會蒙黃花沃紀念小學",
				"ADDRESS_TC" : "新界屯門一區田景邨",
				"SEARCH01_EN" : "CO-ED",
				"SEARCH01_TC" : "男女",
				"SEARCH02_EN" : "WHOLE DAY",
				"SEARCH02_TC" : "全日",
				"SEARCH03_EN" : "TUEN MUN",
				"SEARCH03_TC" : "屯門區",
				"SEARCH04_EN" : "PRIMARY",
				"SEARCH04_TC" : "小學",
				"SEARCH05_EN" : "AIDED",
				"SEARCH05_TC" : "資助",
				"NSEARCH01_EN" : "PROTESTANTISM / CHRISTIANITY",
				"NSEARCH01_TC" : "基督教",
				"NSEARCH02_EN" : "24563678",
				"NSEARCH02_TC" : "24563678",
				"NSEARCH03_EN" : "24542863",
				"NSEARCH03_TC" : "24542863",
				"NSEARCH04_EN" : "http://www.cccmwfys.edu.hk",
				"NSEARCH04_TC" : "http://www.cccmwfys.edu.hk",
				"NSEARCH05_EN" : "115568000123",
				"NSEARCH05_TC" : "115568000123",
				"NORTHING" : 829676,
				"EASTING" : 814583,
				"LATITUDE" : 22.40624488,
				"LONGITUDE" : 113.96627025,
				"LASTUPDATE" : "20250328112535"
			}
		},
		{
			"type" : "Feature",
			"geometry" : {
				"type" : "Point",
				"coordinates" : [ 114.2146372623, 22.3801803843 ]
			},
			"properties" : {
				"OBJECTID" : 32,
				"DATASET_EN" : "Aided Primary Schools",
				"DATASET_TC" : "資助小學",
				"NAME_EN" : "SHA TIN METHODIST PRIMARY SCHOOL",
				"ADDRESS_EN" : "KWONG YUEN ESTATE, SHATIN, NEW TERRITORIES",
				"NAME_TC" : "沙田循道衛理小學",
				"ADDRESS_TC" : "新界沙田廣源邨",
				"SEARCH01_EN" : "CO-ED",
				"SEARCH01_TC" : "男女",
				"SEARCH02_EN" : "WHOLE DAY",
				"SEARCH02_TC" : "全日",
				"SEARCH03_EN" : "SHA TIN",
				"SEARCH03_TC" : "沙田區",
				"SEARCH04_EN" : "PRIMARY",
				"SEARCH04_TC" : "小學",
				"SEARCH05_EN" : "AIDED",
				"SEARCH05_TC" : "資助",
				"NSEARCH01_EN" : "PROTESTANTISM / CHRISTIANITY",
				"NSEARCH01_TC" : "基督教",
				"NSEARCH02_EN" : "26366533",
				"NSEARCH02_TC" : "26366533",
				"NSEARCH03_EN" : "26494329",
				"NSEARCH03_TC" : "26494329",
				"NSEARCH04_EN" : "http://www.smps.edu.hk",
				"NSEARCH04_TC" : "http://www.smps.edu.hk",
				"NSEARCH05_EN" : "115509000123",
				"NSEARCH05_TC" : "115509000123",
				"NORTHING" : 826775,
				"EASTING" : 840157,
				"LATITUDE" : 22.38018009,
				"LONGITUDE" : 114.21463726,
				"LASTUPDATE" : "20241025171631"
			}
		},
		{
			"type" : "Feature",
			"geometry" : {
				"type" : "Point",
				"coordinates" : [ 113.9354534842, 22.2826737708 ]
			},
			"properties" : {
				"OBJECTID" : 33,
				"DATASET_EN" : "Aided Primary Schools",
				"DATASET_TC" : "資助小學",
				"NAME_EN" : "TUNG CHUNG CATHOLIC SCHOOL",
				"ADDRESS_EN" : "8 YAT TUNG STREET YAT TUNG (2) ESTATE TUNG CHUNG LANTAU ISLAND NEW TERRITORIES",
				"NAME_TC" : "東涌天主教學校",
				"ADDRESS_TC" : "新界大嶼山東涌逸東街8號逸東(二)邨",
				"SEARCH01_EN" : "CO-ED",
				"SEARCH01_TC" : "男女",
				"SEARCH02_EN" : "WHOLE DAY",
				"SEARCH02_TC" : "全日",
				"SEARCH03_EN" : "ISLANDS",
				"SEARCH03_TC" : "離島區",
				"SEARCH04_EN" : "PRIMARY",
				"SEARCH04_TC" : "小學",
				"SEARCH05_EN" : "AIDED",
				"SEARCH05_TC" : "資助",
				"NSEARCH01_EN" : "CATHOLICISM",
				"NSEARCH01_TC" : "天主教",
				"NSEARCH02_EN" : "21094962",
				"NSEARCH02_TC" : "21094962",
				"NSEARCH03_EN" : "21210166",
				"NSEARCH03_TC" : "21210166",
				"NSEARCH04_EN" : "http://www.tccs.edu.hk",
				"NSEARCH04_TC" : "http://www.tccs.edu.hk",
				"NSEARCH05_EN" : "536547000223",
				"NSEARCH05_TC" : "536547000223",
				"NORTHING" : 815997,
				"EASTING" : 811388,
				"LATITUDE" : 22.28267348,
				"LONGITUDE" : 113.93545348,
				"LASTUPDATE" : "20241025171529"
			}
		},
		{
			"type" : "Feature",
			"geometry" : {
				"type" : "Point",
				"coordinates" : [ 114.1310214993, 22.5028209433 ]
			},
			"properties" : {
				"OBJECTID" : 34,
				"DATASET_EN" : "Aided Primary Schools",
				"DATASET_TC" : "資助小學",
				"NAME_EN" : "TUNG KOON SCHOOL",
				"ADDRESS_EN" : "JOCKEY CLUB ROAD, SHEUNG SHUI, NEW TERRITORIES",
				"NAME_TC" : "東莞學校",
				"ADDRESS_TC" : "新界上水馬會道",
				"SEARCH01_EN" : "CO-ED",
				"SEARCH01_TC" : "男女",
				"SEARCH02_EN" : "WHOLE DAY",
				"SEARCH02_TC" : "全日",
				"SEARCH03_EN" : "NORTH",
				"SEARCH03_TC" : "北區",
				"SEARCH04_EN" : "PRIMARY",
				"SEARCH04_TC" : "小學",
				"SEARCH05_EN" : "AIDED",
				"SEARCH05_TC" : "資助",
				"NSEARCH01_EN" : "NOT APPLICABLE",
				"NSEARCH01_TC" : "不適用",
				"NSEARCH02_EN" : "26700334",
				"NSEARCH02_TC" : "26700334",
				"NSEARCH03_EN" : "26684311",
				"NSEARCH03_TC" : "26684311",
				"NSEARCH04_EN" : "http://www.tks.edu.hk",
				"NSEARCH04_TC" : "http://www.tks.edu.hk",
				"NSEARCH05_EN" : "113000000123",
				"NSEARCH05_TC" : "113000000123",
				"NORTHING" : 840356,
				"EASTING" : 831550,
				"LATITUDE" : 22.50282065,
				"LONGITUDE" : 114.1310215,
				"LASTUPDATE" : "20241025171509"
			}
		},
		{
			"type" : "Feature",
			"geometry" : {
				"type" : "Point",
				"coordinates" : [ 114.1794464672, 22.3207998173 ]
			},
			"properties" : {
				"OBJECTID" : 35,
				"DATASET_EN" : "Aided Primary Schools",
				"DATASET_TC" : "資助小學",
				"NAME_EN" : "HOP YAT CHURCH SCHOOL",
				"ADDRESS_EN" : "6 PERTH STREET HOMANTIN KOWLOON",
				"NAME_TC" : "合一堂學校",
				"ADDRESS_TC" : "九龍何文田巴富街6號",
				"SEARCH01_EN" : "CO-ED",
				"SEARCH01_TC" : "男女",
				"SEARCH02_EN" : "WHOLE DAY",
				"SEARCH02_TC" : "全日",
				"SEARCH03_EN" : "KOWLOON CITY",
				"SEARCH03_TC" : "九龍城區",
				"SEARCH04_EN" : "PRIMARY",
				"SEARCH04_TC" : "小學",
				"SEARCH05_EN" : "AIDED",
				"SEARCH05_TC" : "資助",
				"NSEARCH01_EN" : "PROTESTANTISM / CHRISTIANITY",
				"NSEARCH01_TC" : "基督教",
				"NSEARCH02_EN" : "27111013",
				"NSEARCH02_TC" : "27111013",
				"NSEARCH03_EN" : "27142465",
				"NSEARCH03_TC" : "27142465",
				"NSEARCH04_EN" : "http://www.hycs.edu.hk",
				"NSEARCH04_TC" : "http://www.hycs.edu.hk",
				"NSEARCH05_EN" : "512176000223",
				"NSEARCH05_TC" : "512176000223",
				"NORTHING" : 820199,
				"EASTING" : 836533,
				"LATITUDE" : 22.32079952,
				"LONGITUDE" : 114.17944646,
				"LASTUPDATE" : "20240930160004"
			}
		},
		{
			"type" : "Feature",
			"geometry" : {
				"type" : "Point",
				"coordinates" : [ 114.1755950953, 22.4626647521 ]
			},
			"properties" : {
				"OBJECTID" : 36,
				"DATASET_EN" : "Aided Primary Schools",
				"DATASET_TC" : "資助小學",
				"NAME_EN" : "THE PENTECOSTAL HOLINESS CHURCH WING KWONG JUNIOR SCHOOL",
				"ADDRESS_EN" : "10 CHOI TIP STREET, TAI PO, NEW TERRITORIES",
				"NAME_TC" : "五旬節聖潔會永光小學",
				"ADDRESS_TC" : "新界大埔彩蝶街10號",
				"SEARCH01_EN" : "CO-ED",
				"SEARCH01_TC" : "男女",
				"SEARCH02_EN" : "WHOLE DAY",
				"SEARCH02_TC" : "全日",
				"SEARCH03_EN" : "TAI PO",
				"SEARCH03_TC" : "大埔區",
				"SEARCH04_EN" : "PRIMARY",
				"SEARCH04_TC" : "小學",
				"SEARCH05_EN" : "AIDED",
				"SEARCH05_TC" : "資助",
				"NSEARCH01_EN" : "PROTESTANTISM / CHRISTIANITY",
				"NSEARCH01_TC" : "基督教",
				"NSEARCH02_EN" : "26275600",
				"NSEARCH02_TC" : "26275600",
				"NSEARCH03_EN" : "37403290",
				"NSEARCH03_TC" : "37403290",
				"NSEARCH04_EN" : "https://wkjs.edu.hk",
				"NSEARCH04_TC" : "https://wkjs.edu.hk",
				"NSEARCH05_EN" : "623709000123",
				"NSEARCH05_TC" : "623709000123",
				"NORTHING" : 835908.50637909,
				"EASTING" : 836136.3290492,
				"LATITUDE" : 22.46266446,
				"LONGITUDE" : 114.17559509,
				"LASTUPDATE" : "20240930145435"
			}
		},
		{
			"type" : "Feature",
			"geometry" : {
				"type" : "Point",
				"coordinates" : [ 114.1534784334, 22.2801653118 ]
			},
			"properties" : {
				"OBJECTID" : 37,
				"DATASET_EN" : "Aided Primary Schools",
				"DATASET_TC" : "資助小學",
				"NAME_EN" : "SACRED HEART CANOSSIAN SCHOOL",
				"ADDRESS_EN" : "26 CAINE ROAD HONG KONG",
				"NAME_TC" : "嘉諾撒聖心學校",
				"ADDRESS_TC" : "香港堅道26號",
				"SEARCH01_EN" : "GIRLS",
				"SEARCH01_TC" : "女",
				"SEARCH02_EN" : "P.M.",
				"SEARCH02_TC" : "下午",
				"SEARCH03_EN" : "CENTRAL AND WESTERN",
				"SEARCH03_TC" : "中西區",
				"SEARCH04_EN" : "PRIMARY",
				"SEARCH04_TC" : "小學",
				"SEARCH05_EN" : "AIDED",
				"SEARCH05_TC" : "資助",
				"NSEARCH01_EN" : "CATHOLICISM",
				"NSEARCH01_TC" : "天主教",
				"NSEARCH02_EN" : "25248679",
				"NSEARCH02_TC" : "25248679",
				"NSEARCH03_EN" : "28698154",
				"NSEARCH03_TC" : "28698154",
				"NSEARCH04_EN" : "http://www.shcs.edu.hk",
				"NSEARCH04_TC" : "http://www.shcs.edu.hk",
				"NSEARCH05_EN" : "513687000122",
				"NSEARCH05_TC" : "513687000122",
				"NORTHING" : 815699.54498321,
				"EASTING" : 833856.8602397,
				"LATITUDE" : 22.28016502,
				"LONGITUDE" : 114.15347843,
				"LASTUPDATE" : "20240909131838"
			}
		},
		{
			"type" : "Feature",
			"geometry" : {
				"type" : "Point",
				"coordinates" : [ 114.1558694357, 22.3339795254 ]
			},
			"properties" : {
				"OBJECTID" : 38,
				"DATASET_EN" : "Aided Primary Schools",
				"DATASET_TC" : "資助小學",
				"NAME_EN" : "CHEUNG SHA WAN CATHOLIC PRIMARY SCHOOL",
				"ADDRESS_EN" : "7 TONKIN STREET, CHEUNG SHA WAN, KOWLOON",
				"NAME_TC" : "長沙灣天主教小學",
				"ADDRESS_TC" : "九龍長沙灣東京街7號",
				"SEARCH01_EN" : "CO-ED",
				"SEARCH01_TC" : "男女",
				"SEARCH02_EN" : "WHOLE DAY",
				"SEARCH02_TC" : "全日",
				"SEARCH03_EN" : "SHAM SHUI PO",
				"SEARCH03_TC" : "深水埗區",
				"SEARCH04_EN" : "PRIMARY",
				"SEARCH04_TC" : "小學",
				"SEARCH05_EN" : "AIDED",
				"SEARCH05_TC" : "資助",
				"NSEARCH01_EN" : "CATHOLICISM",
				"NSEARCH01_TC" : "天主教",
				"NSEARCH02_EN" : "27761423",
				"NSEARCH02_TC" : "27761423",
				"NSEARCH03_EN" : "27766201",
				"NSEARCH03_TC" : "27766201",
				"NSEARCH04_EN" : "https://www.cswcps.edu.hk",
				"NSEARCH04_TC" : "https://www.cswcps.edu.hk",
				"NSEARCH05_EN" : "513130000223",
				"NSEARCH05_TC" : "513130000223",
				"NORTHING" : 821658.6,
				"EASTING" : 834104.1,
				"LATITUDE" : 22.33397923,
				"LONGITUDE" : 114.15586943,
				"LASTUPDATE" : "20240909131806"
			}
		},
		{
			"type" : "Feature",
			"geometry" : {
				"type" : "Point",
				"coordinates" : [ 114.1924101066, 22.3751721069 ]
			},
			"properties" : {
				"OBJECTID" : 39,
				"DATASET_EN" : "Aided Primary Schools",
				"DATASET_TC" : "資助小學",
				"NAME_EN" : "THE SALVATION ARMY TIN KA PING SCHOOL",
				"ADDRESS_EN" : "POK HONG ESTATE, SHATIN, NEW TERRITORIES",
				"NAME_TC" : "救世軍田家炳學校",
				"ADDRESS_TC" : "新界沙田博康邨",
				"SEARCH01_EN" : "CO-ED",
				"SEARCH01_TC" : "男女",
				"SEARCH02_EN" : "WHOLE DAY",
				"SEARCH02_TC" : "全日",
				"SEARCH03_EN" : "SHA TIN",
				"SEARCH03_TC" : "沙田區",
				"SEARCH04_EN" : "PRIMARY",
				"SEARCH04_TC" : "小學",
				"SEARCH05_EN" : "AIDED",
				"SEARCH05_TC" : "資助",
				"NSEARCH01_EN" : "PROTESTANTISM / CHRISTIANITY",
				"NSEARCH01_TC" : "基督教",
				"NSEARCH02_EN" : "26489283",
				"NSEARCH02_TC" : "26489283",
				"NSEARCH03_EN" : "26494305",
				"NSEARCH03_TC" : "26494305",
				"NSEARCH04_EN" : "http://satkp.edu.hk",
				"NSEARCH04_TC" : "http://satkp.edu.hk",
				"NSEARCH05_EN" : "114871000123",
				"NSEARCH05_TC" : "114871000123",
				"NORTHING" : 826220,
				"EASTING" : 837868,
				"LATITUDE" : 22.37517181,
				"LONGITUDE" : 114.1924101,
				"LASTUPDATE" : "20240730101412"
			}
		},
		{
			"type" : "Feature",
			"geometry" : {
				"type" : "Point",
				"coordinates" : [ 114.1557840928, 22.2491945906 ]
			},
			"properties" : {
				"OBJECTID" : 40,
				"DATASET_EN" : "Aided Primary Schools",
				"DATASET_TC" : "資助小學",
				"NAME_EN" : "PUI TAK CANOSSIAN PRIMARY SCHOOL",
				"ADDRESS_EN" : "180 ABERDEEN MAIN ROAD HONG KONG",
				"NAME_TC" : "嘉諾撒培德學校",
				"ADDRESS_TC" : "香港香港仔大道180號",
				"SEARCH01_EN" : "CO-ED",
				"SEARCH01_TC" : "男女",
				"SEARCH02_EN" : "WHOLE DAY",
				"SEARCH02_TC" : "全日",
				"SEARCH03_EN" : "SOUTHERN",
				"SEARCH03_TC" : "南區",
				"SEARCH04_EN" : "PRIMARY",
				"SEARCH04_TC" : "小學",
				"SEARCH05_EN" : "AIDED",
				"SEARCH05_TC" : "資助",
				"NSEARCH01_EN" : "CATHOLICISM",
				"NSEARCH01_TC" : "天主教",
				"NSEARCH02_EN" : "25529529",
				"NSEARCH02_TC" : "25529529",
				"NSEARCH03_EN" : "25521603",
				"NSEARCH03_TC" : "25521603",
				"NSEARCH04_EN" : "http://www.ptcps.edu.hk",
				"NSEARCH04_TC" : "http://www.ptcps.edu.hk",
				"NSEARCH05_EN" : "513385000123",
				"NSEARCH05_TC" : "513385000123",
				"NORTHING" : 812270,
				"EASTING" : 834094,
				"LATITUDE" : 22.2491943,
				"LONGITUDE" : 114.15578409,
				"LASTUPDATE" : "20231227095556"
			}
		},
		{
			"type" : "Feature",
			"geometry" : {
				"type" : "Point",
				"coordinates" : [ 114.1911187378, 22.3755515084 ]
			},
			"properties" : {
				"OBJECTID" : 41,
				"DATASET_EN" : "Aided Primary Schools",
				"DATASET_TC" : "資助小學",
				"NAME_EN" : "SHA TIN WAI DR. CATHERINE F. WOO MEMORIAL SCHOOL",
				"ADDRESS_EN" : "2 JAT MIN CHUEN STREET, SHATIN, NEW TERRITORIES",
				"NAME_TC" : "沙田圍胡素貞博士紀念學校",
				"ADDRESS_TC" : "新界沙田乙明邨街2號",
				"SEARCH01_EN" : "CO-ED",
				"SEARCH01_TC" : "男女",
				"SEARCH02_EN" : "WHOLE DAY",
				"SEARCH02_TC" : "全日",
				"SEARCH03_EN" : "SHA TIN",
				"SEARCH03_TC" : "沙田區",
				"SEARCH04_EN" : "PRIMARY",
				"SEARCH04_TC" : "小學",
				"SEARCH05_EN" : "AIDED",
				"SEARCH05_TC" : "資助",
				"NSEARCH01_EN" : "NOT APPLICABLE",
				"NSEARCH01_TC" : "不適用",
				"NSEARCH02_EN" : "26468926",
				"NSEARCH02_TC" : "26468926",
				"NSEARCH03_EN" : "26869969",
				"NSEARCH03_TC" : "26869969",
				"NSEARCH04_EN" : "http://www.stwdcfwms.edu.hk",
				"NSEARCH04_TC" : "http://www.stwdcfwms.edu.hk",
				"NSEARCH05_EN" : "579220000123",
				"NSEARCH05_TC" : "579220000123",
				"NORTHING" : 826262,
				"EASTING" : 837735,
				"LATITUDE" : 22.37555121,
				"LONGITUDE" : 114.19111873,
				"LASTUPDATE" : "20231128123906"
			}
		},
		{
			"type" : "Feature",
			"geometry" : {
				"type" : "Point",
				"coordinates" : [ 114.14462956, 22.2839156205 ]
			},
			"properties" : {
				"OBJECTID" : 42,
				"DATASET_EN" : "Aided Primary Schools",
				"DATASET_TC" : "資助小學",
				"NAME_EN" : "ST. STEPHEN'S GIRLS' PRIMARY SCHOOL",
				"ADDRESS_EN" : "33 PARK ROAD HONG KONG",
				"NAME_TC" : "聖士提反女子中學附屬小學",
				"ADDRESS_TC" : "香港柏道三十三號",
				"SEARCH01_EN" : "GIRLS",
				"SEARCH01_TC" : "女",
				"SEARCH02_EN" : "WHOLE DAY",
				"SEARCH02_TC" : "全日",
				"SEARCH03_EN" : "CENTRAL AND WESTERN",
				"SEARCH03_TC" : "中西區",
				"SEARCH04_EN" : "PRIMARY",
				"SEARCH04_TC" : "小學",
				"SEARCH05_EN" : "AIDED",
				"SEARCH05_TC" : "資助",
				"NSEARCH01_EN" : "PROTESTANTISM / CHRISTIANITY",
				"NSEARCH01_TC" : "基督教",
				"NSEARCH02_EN" : "25405088",
				"NSEARCH02_TC" : "25405088",
				"NSEARCH03_EN" : "25414723",
				"NSEARCH03_TC" : "25414723",
				"NSEARCH04_EN" : "http://www.ssgps.edu.hk",
				"NSEARCH04_TC" : "http://www.ssgps.edu.hk",
				"NSEARCH05_EN" : "170194000223",
				"NSEARCH05_TC" : "170194000223",
				"NORTHING" : 816115,
				"EASTING" : 832945,
				"LATITUDE" : 22.28391533,
				"LONGITUDE" : 114.14462956,
				"LASTUPDATE" : "20231124121948"
			}
		},
		{
			"type" : "Feature",
			"geometry" : {
				"type" : "Point",
				"coordinates" : [ 114.0282236818, 22.203604393 ]
			},
			"properties" : {
				"OBJECTID" : 43,
				"DATASET_EN" : "Aided Primary Schools",
				"DATASET_TC" : "資助小學",
				"NAME_EN" : "THE CHURCH OF CHRIST IN CHINA CHEUNG CHAU CHURCH KAM KONG PRIMARY SCHOOL",
				"ADDRESS_EN" : "NO.1 PEAK ROAD WEST CHEUNG CHAU NEW TERRITORIES",
				"NAME_TC" : "中華基督教會長洲堂錦江小學",
				"ADDRESS_TC" : "新界長洲山頂道西一號",
				"SEARCH01_EN" : "CO-ED",
				"SEARCH01_TC" : "男女",
				"SEARCH02_EN" : "WHOLE DAY",
				"SEARCH02_TC" : "全日",
				"SEARCH03_EN" : "ISLANDS",
				"SEARCH03_TC" : "離島區",
				"SEARCH04_EN" : "PRIMARY",
				"SEARCH04_TC" : "小學",
				"SEARCH05_EN" : "AIDED",
				"SEARCH05_TC" : "資助",
				"NSEARCH01_EN" : "PROTESTANTISM / CHRISTIANITY",
				"NSEARCH01_TC" : "基督教",
				"NSEARCH02_EN" : "29810435",
				"NSEARCH02_TC" : "29810435",
				"NSEARCH03_EN" : "29816341",
				"NSEARCH03_TC" : "29816341",
				"NSEARCH04_EN" : "http://www.ccckamkongsch.edu.hk",
				"NSEARCH04_TC" : "http://www.ccckamkongsch.edu.hk",
				"NSEARCH05_EN" : "511439000123",
				"NSEARCH05_TC" : "511439000123",
				"NORTHING" : 807229,
				"EASTING" : 820940,
				"LATITUDE" : 22.2036041,
				"LONGITUDE" : 114.02822368,
				"LASTUPDATE" : "20231124121947"
			}
		},
		{
			"type" : "Feature",
			"geometry" : {
				"type" : "Point",
				"coordinates" : [ 114.0952640802, 22.3571002576 ]
			},
			"properties" : {
				"OBJECTID" : 44,
				"DATASET_EN" : "Aided Primary Schools",
				"DATASET_TC" : "資助小學",
				"NAME_EN" : "S.K.H. TSING YI CHU YAN PRIMARY SCHOOL",
				"ADDRESS_EN" : "CHEUNG WANG ESTATE TSING YI NEW TERRITORIES",
				"NAME_TC" : "聖公會青衣主恩小學",
				"ADDRESS_TC" : "新界青衣長宏邨",
				"SEARCH01_EN" : "CO-ED",
				"SEARCH01_TC" : "男女",
				"SEARCH02_EN" : "WHOLE DAY",
				"SEARCH02_TC" : "全日",
				"SEARCH03_EN" : "KWAI TSING",
				"SEARCH03_TC" : "葵青區",
				"SEARCH04_EN" : "PRIMARY",
				"SEARCH04_TC" : "小學",
				"SEARCH05_EN" : "AIDED",
				"SEARCH05_TC" : "資助",
				"NSEARCH01_EN" : "PROTESTANTISM / CHRISTIANITY",
				"NSEARCH01_TC" : "基督教",
				"NSEARCH02_EN" : "24332225",
				"NSEARCH02_TC" : "24332225",
				"NSEARCH03_EN" : "24339555",
				"NSEARCH03_TC" : "24339555",
				"NSEARCH04_EN" : "http://www.tycy.edu.hk",
				"NSEARCH04_TC" : "http://www.tycy.edu.hk",
				"NSEARCH05_EN" : "543179000123",
				"NSEARCH05_TC" : "543179000123",
				"NORTHING" : 824221,
				"EASTING" : 827862,
				"LATITUDE" : 22.35709996,
				"LONGITUDE" : 114.09526408,
				"LASTUPDATE" : "20231124121947"
			}
		},
		{
			"type" : "Feature",
			"geometry" : {
				"type" : "Point",
				"coordinates" : [ 114.1210387446, 22.3611117222 ]
			},
			"properties" : {
				"OBJECTID" : 45,
				"DATASET_EN" : "Aided Primary Schools",
				"DATASET_TC" : "資助小學",
				"NAME_EN" : "S.K.H. CHU YAN PRIMARY SCHOOL",
				"ADDRESS_EN" : "ESTATE SCHOOL NO 2 KWAI SHING ESTATE KWAI SHING NEW TERRITORIES",
				"NAME_TC" : "聖公會主恩小學",
				"ADDRESS_TC" : "新界葵盛葵盛西邨第二號校舍",
				"SEARCH01_EN" : "CO-ED",
				"SEARCH01_TC" : "男女",
				"SEARCH02_EN" : "WHOLE DAY",
				"SEARCH02_TC" : "全日",
				"SEARCH03_EN" : "KWAI TSING",
				"SEARCH03_TC" : "葵青區",
				"SEARCH04_EN" : "PRIMARY",
				"SEARCH04_TC" : "小學",
				"SEARCH05_EN" : "AIDED",
				"SEARCH05_TC" : "資助",
				"NSEARCH01_EN" : "PROTESTANTISM / CHRISTIANITY",
				"NSEARCH01_TC" : "基督教",
				"NSEARCH02_EN" : "24201915",
				"NSEARCH02_TC" : "24201915",
				"NSEARCH03_EN" : "24100695",
				"NSEARCH03_TC" : "24100695",
				"NSEARCH04_EN" : "http://www.chuyan.edu.hk",
				"NSEARCH04_TC" : "http://www.chuyan.edu.hk",
				"NSEARCH05_EN" : "113190000123",
				"NSEARCH05_TC" : "113190000123",
				"NORTHING" : 824664,
				"EASTING" : 830517,
				"LATITUDE" : 22.36111143,
				"LONGITUDE" : 114.12103874,
				"LASTUPDATE" : "20231124121947"
			}
		},
		{
			"type" : "Feature",
			"geometry" : {
				"type" : "Point",
				"coordinates" : [ 114.1016979603, 22.3625126664 ]
			},
			"properties" : {
				"OBJECTID" : 46,
				"DATASET_EN" : "Aided Primary Schools",
				"DATASET_TC" : "資助小學",
				"NAME_EN" : "CNEC LUI MING CHOI PRIMARY SCHOOL",
				"ADDRESS_EN" : "CHEUNG FAT ESTATE TSING YI NEW TERRITORIES",
				"NAME_TC" : "中華傳道會呂明才小學",
				"ADDRESS_TC" : "新界青衣長發邨",
				"SEARCH01_EN" : "CO-ED",
				"SEARCH01_TC" : "男女",
				"SEARCH02_EN" : "WHOLE DAY",
				"SEARCH02_TC" : "全日",
				"SEARCH03_EN" : "KWAI TSING",
				"SEARCH03_TC" : "葵青區",
				"SEARCH04_EN" : "PRIMARY",
				"SEARCH04_TC" : "小學",
				"SEARCH05_EN" : "AIDED",
				"SEARCH05_TC" : "資助",
				"NSEARCH01_EN" : "PROTESTANTISM / CHRISTIANITY",
				"NSEARCH01_TC" : "基督教",
				"NSEARCH02_EN" : "24977557",
				"NSEARCH02_TC" : "24977557",
				"NSEARCH03_EN" : "24357445",
				"NSEARCH03_TC" : "24357445",
				"NSEARCH04_EN" : "http://www.cneclmc.edu.hk",
				"NSEARCH04_TC" : "http://www.cneclmc.edu.hk",
				"NSEARCH05_EN" : "115355000123",
				"NSEARCH05_TC" : "115355000123",
				"NORTHING" : 824820,
				"EASTING" : 828525,
				"LATITUDE" : 22.36251237,
				"LONGITUDE" : 114.10169796,
				"LASTUPDATE" : "20231124121946"
			}
		},
		{
			"type" : "Feature",
			"geometry" : {
				"type" : "Point",
				"coordinates" : [ 114.2253985192, 22.3282256399 ]
			},
			"properties" : {
				"OBJECTID" : 47,
				"DATASET_EN" : "Aided Primary Schools",
				"DATASET_TC" : "資助小學",
				"NAME_EN" : "CARMEL LEUNG SING TAK SCHOOL",
				"ADDRESS_EN" : "ESTATE SCHOOL NO 2 SHUN ON ESTATE KWUN TONG KOWLOON",
				"NAME_TC" : "迦密梁省德學校",
				"ADDRESS_TC" : "九龍順安邨第二座校舍",
				"SEARCH01_EN" : "CO-ED",
				"SEARCH01_TC" : "男女",
				"SEARCH02_EN" : "WHOLE DAY",
				"SEARCH02_TC" : "全日",
				"SEARCH03_EN" : "KWUN TONG",
				"SEARCH03_TC" : "觀塘區",
				"SEARCH04_EN" : "PRIMARY",
				"SEARCH04_TC" : "小學",
				"SEARCH05_EN" : "AIDED",
				"SEARCH05_TC" : "資助",
				"NSEARCH01_EN" : "PROTESTANTISM / CHRISTIANITY",
				"NSEARCH01_TC" : "基督教",
				"NSEARCH02_EN" : "23458063",
				"NSEARCH02_TC" : "23458063",
				"NSEARCH03_EN" : "23438678",
				"NSEARCH03_TC" : "23438678",
				"NSEARCH04_EN" : "http://www.clst.edu.hk",
				"NSEARCH04_TC" : "http://www.clst.edu.hk",
				"NSEARCH05_EN" : "511366000123",
				"NSEARCH05_TC" : "511366000123",
				"NORTHING" : 821022.1,
				"EASTING" : 841267.1,
				"LATITUDE" : 22.32822535,
				"LONGITUDE" : 114.22539852,
				"LASTUPDATE" : "20231124121946"
			}
		},
		{
			"type" : "Feature",
			"geometry" : {
				"type" : "Point",
				"coordinates" : [ 113.977603218, 22.386410568 ]
			},
			"properties" : {
				"OBJECTID" : 48,
				"DATASET_EN" : "Aided Primary Schools",
				"DATASET_TC" : "資助小學",
				"NAME_EN" : "LUI CHEUNG KWONG LUTHERAN PRIMARY SCHOOL",
				"ADDRESS_EN" : "ON TING ESTATE TUEN MUN NEW TERRITORIES",
				"NAME_TC" : "路德會呂祥光小學",
				"ADDRESS_TC" : "新界屯門安定邨",
				"SEARCH01_EN" : "CO-ED",
				"SEARCH01_TC" : "男女",
				"SEARCH02_EN" : "WHOLE DAY",
				"SEARCH02_TC" : "全日",
				"SEARCH03_EN" : "TUEN MUN",
				"SEARCH03_TC" : "屯門區",
				"SEARCH04_EN" : "PRIMARY",
				"SEARCH04_TC" : "小學",
				"SEARCH05_EN" : "AIDED",
				"SEARCH05_TC" : "資助",
				"NSEARCH01_EN" : "PROTESTANTISM / CHRISTIANITY",
				"NSEARCH01_TC" : "基督教",
				"NSEARCH02_EN" : "24503128",
				"NSEARCH02_TC" : "24503128",
				"NSEARCH03_EN" : "24400048",
				"NSEARCH03_TC" : "24400048",
				"NSEARCH04_EN" : "http://www.lckps.edu.hk",
				"NSEARCH04_TC" : "http://www.lckps.edu.hk",
				"NSEARCH05_EN" : "114758000123",
				"NSEARCH05_TC" : "114758000123",
				"NORTHING" : 827478,
				"EASTING" : 815747,
				"LATITUDE" : 22.38641027,
				"LONGITUDE" : 113.97760321,
				"LASTUPDATE" : "20231124121946"
			}
		},
		{
			"type" : "Feature",
			"geometry" : {
				"type" : "Point",
				"coordinates" : [ 114.1693744484, 22.4489247078 ]
			},
			"properties" : {
				"OBJECTID" : 49,
				"DATASET_EN" : "Aided Primary Schools",
				"DATASET_TC" : "資助小學",
				"NAME_EN" : "SUNG TAK WONG KIN SHEUNG MEMORIAL SCHOOL",
				"ADDRESS_EN" : "TUNG CHEONG STREET TAI PO NEW TERRITORIES",
				"NAME_TC" : "大埔崇德黃建常紀念學校",
				"ADDRESS_TC" : "新界大埔東昌街",
				"SEARCH01_EN" : "CO-ED",
				"SEARCH01_TC" : "男女",
				"SEARCH02_EN" : "WHOLE DAY",
				"SEARCH02_TC" : "全日",
				"SEARCH03_EN" : "TAI PO",
				"SEARCH03_TC" : "大埔區",
				"SEARCH04_EN" : "PRIMARY",
				"SEARCH04_TC" : "小學",
				"SEARCH05_EN" : "AIDED",
				"SEARCH05_TC" : "資助",
				"NSEARCH01_EN" : "NOT APPLICABLE",
				"NSEARCH01_TC" : "不適用",
				"NSEARCH02_EN" : "26535565",
				"NSEARCH02_TC" : "26535565",
				"NSEARCH03_EN" : "26562856",
				"NSEARCH03_TC" : "26562856",
				"NSEARCH04_EN" : "http://www.wks.edu.hk",
				"NSEARCH04_TC" : "http://www.wks.edu.hk",
				"NSEARCH05_EN" : "115126000123",
				"NSEARCH05_TC" : "115126000123",
				"NORTHING" : 834387,
				"EASTING" : 835496,
				"LATITUDE" : 22.44892441,
				"LONGITUDE" : 114.16937444,
				"LASTUPDATE" : "20231124121946"
			}
		},
		{
			"type" : "Feature",
			"geometry" : {
				"type" : "Point",
				"coordinates" : [ 114.0012902434, 22.461336538 ]
			},
			"properties" : {
				"OBJECTID" : 50,
				"DATASET_EN" : "Aided Primary Schools",
				"DATASET_TC" : "資助小學",
				"NAME_EN" : "HKFYG LEE SHAU KEE PRIMARY SCHOOL",
				"ADDRESS_EN" : "11 TIN WING ROAD TIN SHUI WAI YUEN LONG NEW TERRITORIES",
				"NAME_TC" : "香港青年協會李兆基小學",
				"ADDRESS_TC" : "新界元朗天水圍天榮路十一號",
				"SEARCH01_EN" : "CO-ED",
				"SEARCH01_TC" : "男女",
				"SEARCH02_EN" : "WHOLE DAY",
				"SEARCH02_TC" : "全日",
				"SEARCH03_EN" : "YUEN LONG",
				"SEARCH03_TC" : "元朗區",
				"SEARCH04_EN" : "PRIMARY",
				"SEARCH04_TC" : "小學",
				"SEARCH05_EN" : "AIDED",
				"SEARCH05_TC" : "資助",
				"NSEARCH01_EN" : "NOT APPLICABLE",
				"NSEARCH01_TC" : "不適用",
				"NSEARCH02_EN" : "24481011",
				"NSEARCH02_TC" : "24481011",
				"NSEARCH03_EN" : "24481823",
				"NSEARCH03_TC" : "24481823",
				"NSEARCH04_EN" : "http://www.lskps.edu.hk",
				"NSEARCH04_TC" : "http://www.lskps.edu.hk",
				"NSEARCH05_EN" : "535630000123",
				"NSEARCH05_TC" : "535630000123",
				"NORTHING" : 835772,
				"EASTING" : 818196,
				"LATITUDE" : 22.46133624,
				"LONGITUDE" : 114.00129024,
				"LASTUPDATE" : "20231124121945"
			}
		},
		{
			"type" : "Feature",
			"geometry" : {
				"type" : "Point",
				"coordinates" : [ 114.2217069843, 22.3217689316 ]
			},
			"properties" : {
				"OBJECTID" : 51,
				"DATASET_EN" : "Aided Primary Schools",
				"DATASET_TC" : "資助小學",
				"NAME_EN" : "LOK WAH CATHOLIC PRIMARY SCHOOL",
				"ADDRESS_EN" : "81 CHUN WAH ROAD KWUN TONG KOWLOON",
				"NAME_TC" : "樂華天主教小學",
				"ADDRESS_TC" : "九龍觀塘振華道八十一號",
				"SEARCH01_EN" : "CO-ED",
				"SEARCH01_TC" : "男女",
				"SEARCH02_EN" : "WHOLE DAY",
				"SEARCH02_TC" : "全日",
				"SEARCH03_EN" : "KWUN TONG",
				"SEARCH03_TC" : "觀塘區",
				"SEARCH04_EN" : "PRIMARY",
				"SEARCH04_TC" : "小學",
				"SEARCH05_EN" : "AIDED",
				"SEARCH05_TC" : "資助",
				"NSEARCH01_EN" : "CATHOLICISM",
				"NSEARCH01_TC" : "天主教",
				"NSEARCH02_EN" : "27585767",
				"NSEARCH02_TC" : "27585767",
				"NSEARCH03_EN" : "27583258",
				"NSEARCH03_TC" : "27583258",
				"NSEARCH04_EN" : "http://www.lwcps.edu.hk",
				"NSEARCH04_TC" : "http://www.lwcps.edu.hk",
				"NSEARCH05_EN" : "535800000123",
				"NSEARCH05_TC" : "535800000123",
				"NORTHING" : 820307,
				"EASTING" : 840887,
				"LATITUDE" : 22.32176864,
				"LONGITUDE" : 114.22170698,
				"LASTUPDATE" : "20231124121945"
			}
		},
		{
			"type" : "Feature",
			"geometry" : {
				"type" : "Point",
				"coordinates" : [ 114.1281619478, 22.3700181333 ]
			},
			"properties" : {
				"OBJECTID" : 52,
				"DATASET_EN" : "Aided Primary Schools",
				"DATASET_TC" : "資助小學",
				"NAME_EN" : "S.K.H. YAN LAAP MEMORIAL PRIMARY SCHOOL",
				"ADDRESS_EN" : "13 SHEUNG KOK STREET KWAI CHUNG NEW TERRITORIES",
				"NAME_TC" : "聖公會仁立紀念小學",
				"ADDRESS_TC" : "新界葵涌上角街十三號",
				"SEARCH01_EN" : "CO-ED",
				"SEARCH01_TC" : "男女",
				"SEARCH02_EN" : "WHOLE DAY",
				"SEARCH02_TC" : "全日",
				"SEARCH03_EN" : "KWAI TSING",
				"SEARCH03_TC" : "葵青區",
				"SEARCH04_EN" : "PRIMARY",
				"SEARCH04_TC" : "小學",
				"SEARCH05_EN" : "AIDED",
				"SEARCH05_TC" : "資助",
				"NSEARCH01_EN" : "PROTESTANTISM / CHRISTIANITY",
				"NSEARCH01_TC" : "基督教",
				"NSEARCH02_EN" : "24286600",
				"NSEARCH02_TC" : "24286600",
				"NSEARCH03_EN" : "24286111",
				"NSEARCH03_TC" : "24286111",
				"NSEARCH04_EN" : "http://www.ylm.edu.hk",
				"NSEARCH04_TC" : "http://www.ylm.edu.hk",
				"NSEARCH05_EN" : "543195000123",
				"NSEARCH05_TC" : "543195000123",
				"NORTHING" : 825650,
				"EASTING" : 831251,
				"LATITUDE" : 22.37001784,
				"LONGITUDE" : 114.12816194,
				"LASTUPDATE" : "20231124121945"
			}
		},
		{
			"type" : "Feature",
			"geometry" : {
				"type" : "Point",
				"coordinates" : [ 113.9668370728, 22.3974321838 ]
			},
			"properties" : {
				"OBJECTID" : 53,
				"DATASET_EN" : "Aided Primary Schools",
				"DATASET_TC" : "資助小學",
				"NAME_EN" : "TAOIST CHING CHUNG PRIMARY SCHOOL",
				"ADDRESS_EN" : "SHAN KING ESTATE AREA 7 & 8 TUEN MUN NEW TERRITORIES",
				"NAME_TC" : "道教青松小學",
				"ADDRESS_TC" : "新界屯門第七及第八區山景邨",
				"SEARCH01_EN" : "CO-ED",
				"SEARCH01_TC" : "男女",
				"SEARCH02_EN" : "WHOLE DAY",
				"SEARCH02_TC" : "全日",
				"SEARCH03_EN" : "TUEN MUN",
				"SEARCH03_TC" : "屯門區",
				"SEARCH04_EN" : "PRIMARY",
				"SEARCH04_TC" : "小學",
				"SEARCH05_EN" : "AIDED",
				"SEARCH05_TC" : "資助",
				"NSEARCH01_EN" : "TAOISM",
				"NSEARCH01_TC" : "道教",
				"NSEARCH02_EN" : "24651222",
				"NSEARCH02_TC" : "24651222",
				"NSEARCH03_EN" : "24642996",
				"NSEARCH03_TC" : "24642996",
				"NSEARCH04_EN" : "http://www.tccps.edu.hk",
				"NSEARCH04_TC" : "http://www.tccps.edu.hk",
				"NSEARCH05_EN" : "115037000123",
				"NSEARCH05_TC" : "115037000123",
				"NORTHING" : 828700,
				"EASTING" : 814640,
				"LATITUDE" : 22.39743189,
				"LONGITUDE" : 113.96683707,
				"LASTUPDATE" : "20231124121945"
			}
		},
		{
			"type" : "Feature",
			"geometry" : {
				"type" : "Point",
				"coordinates" : [ 113.9438664591, 22.2884385385 ]
			},
			"properties" : {
				"OBJECTID" : 54,
				"DATASET_EN" : "Aided Primary Schools",
				"DATASET_TC" : "資助小學",
				"NAME_EN" : "CHING CHUNG HAU PO WOON PRIMARY SCHOOL",
				"ADDRESS_EN" : "FU TUNG ESTATE TUNG CHUNG LANTAU ISLAND NEW TERRITORIES",
				"NAME_TC" : "青松侯寶垣小學",
				"ADDRESS_TC" : "新界大嶼山東涌富東邨",
				"SEARCH01_EN" : "CO-ED",
				"SEARCH01_TC" : "男女",
				"SEARCH02_EN" : "WHOLE DAY",
				"SEARCH02_TC" : "全日",
				"SEARCH03_EN" : "ISLANDS",
				"SEARCH03_TC" : "離島區",
				"SEARCH04_EN" : "PRIMARY",
				"SEARCH04_TC" : "小學",
				"SEARCH05_EN" : "AIDED",
				"SEARCH05_TC" : "資助",
				"NSEARCH01_EN" : "TAOISM",
				"NSEARCH01_TC" : "道教",
				"NSEARCH02_EN" : "21090070",
				"NSEARCH02_TC" : "21090070",
				"NSEARCH03_EN" : "21090013",
				"NSEARCH03_TC" : "21090013",
				"NSEARCH04_EN" : "http://www.cchpwps.edu.hk",
				"NSEARCH04_TC" : "http://www.cchpwps.edu.hk",
				"NSEARCH05_EN" : "522023000123",
				"NSEARCH05_TC" : "522023000123",
				"NORTHING" : 816634,
				"EASTING" : 812256,
				"LATITUDE" : 22.28843824,
				"LONGITUDE" : 113.94386645,
				"LASTUPDATE" : "20231124121945"
			}
		},
		{
			"type" : "Feature",
			"geometry" : {
				"type" : "Point",
				"coordinates" : [ 114.2636139486, 22.3151415253 ]
			},
			"properties" : {
				"OBJECTID" : 55,
				"DATASET_EN" : "Aided Primary Schools",
				"DATASET_TC" : "資助小學",
				"NAME_EN" : "PO LEUNG KUK FUNG CHING MEMORIAL PRIMARY SCHOOL",
				"ADDRESS_EN" : "2 PUI SHING ROAD TSEUNG KWAN O NEW TERRITORIES (EXCLUDING CLASSROOMS 101-106 401-406 TOILET FACILITIES ROOM NO 108-109 408-409 & COMPUTER ROOM 301 (3:00PM-9:00PM FROM MONDAY-SATURDAY))",
				"NAME_TC" : "保良局馮晴紀念小學",
				"ADDRESS_TC" : "新界將軍澳培成路2號(101–106 401–406號課室108–109 408–409號洗手間及301電腦室(星期一至六下午3：30至9：00)除外)",
				"SEARCH01_EN" : "CO-ED",
				"SEARCH01_TC" : "男女",
				"SEARCH02_EN" : "WHOLE DAY",
				"SEARCH02_TC" : "全日",
				"SEARCH03_EN" : "SAI KUNG",
				"SEARCH03_TC" : "西貢區",
				"SEARCH04_EN" : "PRIMARY",
				"SEARCH04_TC" : "小學",
				"SEARCH05_EN" : "AIDED",
				"SEARCH05_TC" : "資助",
				"NSEARCH01_EN" : "NOT APPLICABLE",
				"NSEARCH01_TC" : "不適用",
				"NSEARCH02_EN" : "27066620",
				"NSEARCH02_TC" : "27066620",
				"NSEARCH03_EN" : "27064742",
				"NSEARCH03_TC" : "27064742",
				"NSEARCH04_EN" : "http://www.plkfcmps.edu.hk",
				"NSEARCH04_TC" : "http://www.plkfcmps.edu.hk",
				"NSEARCH05_EN" : "518506000123",
				"NSEARCH05_TC" : "518506000123",
				"NORTHING" : 819575,
				"EASTING" : 845205,
				"LATITUDE" : 22.31514123,
				"LONGITUDE" : 114.26361394,
				"LASTUPDATE" : "20231124121944"
			}
		},
		{
			"type" : "Feature",
			"geometry" : {
				"type" : "Point",
				"coordinates" : [ 114.2604333788, 22.319992623 ]
			},
			"properties" : {
				"OBJECTID" : 56,
				"DATASET_EN" : "Aided Primary Schools",
				"DATASET_TC" : "資助小學",
				"NAME_EN" : "HHCKLA BUDDHIST WONG CHO SUM SCHOOL",
				"ADDRESS_EN" : "KING LAM ESTATE TSEUNG KWAN O NEW TERRITORIES",
				"NAME_TC" : "香海正覺蓮社佛教黃藻森學校",
				"ADDRESS_TC" : "新界 將軍澳 景林邨",
				"SEARCH01_EN" : "CO-ED",
				"SEARCH01_TC" : "男女",
				"SEARCH02_EN" : "WHOLE DAY",
				"SEARCH02_TC" : "全日",
				"SEARCH03_EN" : "SAI KUNG",
				"SEARCH03_TC" : "西貢區",
				"SEARCH04_EN" : "PRIMARY",
				"SEARCH04_TC" : "小學",
				"SEARCH05_EN" : "AIDED",
				"SEARCH05_TC" : "資助",
				"NSEARCH01_EN" : "BUDDHISM",
				"NSEARCH01_TC" : "佛教",
				"NSEARCH02_EN" : "26234773",
				"NSEARCH02_TC" : "26234773",
				"NSEARCH03_EN" : "26232310",
				"NSEARCH03_TC" : "26232310",
				"NSEARCH04_EN" : "http://www.bwcss.edu.hk",
				"NSEARCH04_TC" : "http://www.bwcss.edu.hk",
				"NSEARCH05_EN" : "516880000123",
				"NSEARCH05_TC" : "516880000123",
				"NORTHING" : 820112,
				"EASTING" : 844877,
				"LATITUDE" : 22.31999233,
				"LONGITUDE" : 114.26043337,
				"LASTUPDATE" : "20231124121944"
			}
		},
		{
			"type" : "Feature",
			"geometry" : {
				"type" : "Point",
				"coordinates" : [ 113.9665916696, 22.4056315216 ]
			},
			"properties" : {
				"OBJECTID" : 57,
				"DATASET_EN" : "Aided Primary Schools",
				"DATASET_TC" : "資助小學",
				"NAME_EN" : "SIR ROBERT BLACK COLLEGE OF EDUCATION PAST STUDENTS' ASSOCIATION HO SAU KI SCHOOL",
				"ADDRESS_EN" : "ESTATE SCHOOL NO. 1, TIN KING ESTATE, TUEN MUN, NEW TERRITORIES",
				"NAME_TC" : "柏立基教育學院校友會何壽基學校",
				"ADDRESS_TC" : "新界屯門田景邨屋邨小學Nｏ． 1學校校舍",
				"SEARCH01_EN" : "CO-ED",
				"SEARCH01_TC" : "男女",
				"SEARCH02_EN" : "WHOLE DAY",
				"SEARCH02_TC" : "全日",
				"SEARCH03_EN" : "TUEN MUN",
				"SEARCH03_TC" : "屯門區",
				"SEARCH04_EN" : "PRIMARY",
				"SEARCH04_TC" : "小學",
				"SEARCH05_EN" : "AIDED",
				"SEARCH05_TC" : "資助",
				"NSEARCH01_EN" : "NOT APPLICABLE",
				"NSEARCH01_TC" : "不適用",
				"NSEARCH02_EN" : "24556111",
				"NSEARCH02_TC" : "24556111",
				"NSEARCH03_EN" : "24642990",
				"NSEARCH03_TC" : "24642990",
				"NSEARCH04_EN" : "http://www.hosauki.edu.hk",
				"NSEARCH04_TC" : "http://www.hosauki.edu.hk",
				"NSEARCH05_EN" : "115576000123",
				"NSEARCH05_TC" : "115576000123",
				"NORTHING" : 829608,
				"EASTING" : 814616,
				"LATITUDE" : 22.40563123,
				"LONGITUDE" : 113.96659167,
				"LASTUPDATE" : "20231124121944"
			}
		},
		{
			"type" : "Feature",
			"geometry" : {
				"type" : "Point",
				"coordinates" : [ 114.1375347944, 22.4966097544 ]
			},
			"properties" : {
				"OBJECTID" : 58,
				"DATASET_EN" : "Aided Primary Schools",
				"DATASET_TC" : "資助小學",
				"NAME_EN" : "FANLING PUBLIC SCHOOL",
				"ADDRESS_EN" : "FANLING VILLAGE, FANLING, NEW TERRITORIES & COVERED PLAYGROUND",
				"NAME_TC" : "粉嶺公立學校",
				"ADDRESS_TC" : "新界粉嶺粉嶺村及有蓋操場",
				"SEARCH01_EN" : "CO-ED",
				"SEARCH01_TC" : "男女",
				"SEARCH02_EN" : "WHOLE DAY",
				"SEARCH02_TC" : "全日",
				"SEARCH03_EN" : "NORTH",
				"SEARCH03_TC" : "北區",
				"SEARCH04_EN" : "PRIMARY",
				"SEARCH04_TC" : "小學",
				"SEARCH05_EN" : "AIDED",
				"SEARCH05_TC" : "資助",
				"NSEARCH01_EN" : "NOT APPLICABLE",
				"NSEARCH01_TC" : "不適用",
				"NSEARCH02_EN" : "26702297",
				"NSEARCH02_TC" : "26702297",
				"NSEARCH03_EN" : "26685371",
				"NSEARCH03_TC" : "26685371",
				"NSEARCH04_EN" : "http://www.flp.edu.hk",
				"NSEARCH04_TC" : "http://www.flp.edu.hk",
				"NSEARCH05_EN" : "511749000123",
				"NSEARCH05_TC" : "511749000123",
				"NORTHING" : 839668,
				"EASTING" : 832220,
				"LATITUDE" : 22.49660946,
				"LONGITUDE" : 114.13753479,
				"LASTUPDATE" : "20231124121943"
			}
		},
		{
			"type" : "Feature",
			"geometry" : {
				"type" : "Point",
				"coordinates" : [ 114.1742140489, 22.3662687254 ]
			},
			"properties" : {
				"OBJECTID" : 59,
				"DATASET_EN" : "Aided Primary Schools",
				"DATASET_TC" : "資助小學",
				"NAME_EN" : "CARMEL ALISON LAM PRIMARY SCHOOL",
				"ADDRESS_EN" : "ESTATE PRIMARY SCHOOL, HIN KENG ESTATE, SHATIN, NEW TERRITORIES",
				"NAME_TC" : "迦密愛禮信小學",
				"ADDRESS_TC" : "新界沙田顯徑邨",
				"SEARCH01_EN" : "CO-ED",
				"SEARCH01_TC" : "男女",
				"SEARCH02_EN" : "WHOLE DAY",
				"SEARCH02_TC" : "全日",
				"SEARCH03_EN" : "SHA TIN",
				"SEARCH03_TC" : "沙田區",
				"SEARCH04_EN" : "PRIMARY",
				"SEARCH04_TC" : "小學",
				"SEARCH05_EN" : "AIDED",
				"SEARCH05_TC" : "資助",
				"NSEARCH01_EN" : "PROTESTANTISM / CHRISTIANITY",
				"NSEARCH01_TC" : "基督教",
				"NSEARCH02_EN" : "26996945",
				"NSEARCH02_TC" : "26996945",
				"NSEARCH03_EN" : "26019441",
				"NSEARCH03_TC" : "26019441",
				"NSEARCH04_EN" : "http://www.calps.edu.hk",
				"NSEARCH04_TC" : "http://www.calps.edu.hk",
				"NSEARCH05_EN" : "115215000123",
				"NSEARCH05_TC" : "115215000123",
				"NORTHING" : 825234,
				"EASTING" : 835994,
				"LATITUDE" : 22.36626843,
				"LONGITUDE" : 114.17421404,
				"LASTUPDATE" : "20231124121943"
			}
		},
		{
			"type" : "Feature",
			"geometry" : {
				"type" : "Point",
				"coordinates" : [ 114.2349388977, 22.4212721774 ]
			},
			"properties" : {
				"OBJECTID" : 60,
				"DATASET_EN" : "Aided Primary Schools",
				"DATASET_TC" : "資助小學",
				"NAME_EN" : "NG CLAN'S ASSOCIATION TAI PAK MEMORIAL SCHOOL",
				"ADDRESS_EN" : "KAM YING COURT, MA ON SHAN, SHATIN, NEW TERRITORIES",
				"NAME_TC" : "吳氏宗親總會泰伯紀念學校",
				"ADDRESS_TC" : "新界沙田馬鞍山錦英苑",
				"SEARCH01_EN" : "CO-ED",
				"SEARCH01_TC" : "男女",
				"SEARCH02_EN" : "WHOLE DAY",
				"SEARCH02_TC" : "全日",
				"SEARCH03_EN" : "SHA TIN",
				"SEARCH03_TC" : "沙田區",
				"SEARCH04_EN" : "PRIMARY",
				"SEARCH04_TC" : "小學",
				"SEARCH05_EN" : "AIDED",
				"SEARCH05_TC" : "資助",
				"NSEARCH01_EN" : "NOT APPLICABLE",
				"NSEARCH01_TC" : "不適用",
				"NSEARCH02_EN" : "26404033",
				"NSEARCH02_TC" : "26404033",
				"NSEARCH03_EN" : "26400972",
				"NSEARCH03_TC" : "26400972",
				"NSEARCH04_EN" : "http://www.taipak.edu.hk",
				"NSEARCH04_TC" : "http://www.taipak.edu.hk",
				"NSEARCH05_EN" : "115649000123",
				"NSEARCH05_TC" : "115649000123",
				"NORTHING" : 831326,
				"EASTING" : 842246,
				"LATITUDE" : 22.42127188,
				"LONGITUDE" : 114.23493889,
				"LASTUPDATE" : "20231124121943"
			}
		},
		{
			"type" : "Feature",
			"geometry" : {
				"type" : "Point",
				"coordinates" : [ 113.9718905903, 22.4015836505 ]
			},
			"properties" : {
				"OBJECTID" : 61,
				"DATASET_EN" : "Aided Primary Schools",
				"DATASET_TC" : "資助小學",
				"NAME_EN" : "TOI SHAN ASSOCIATION PRIMARY SCHOOL",
				"ADDRESS_EN" : "14 & 16 SHEK PAI TAU ROAD, TUEN MUN, NEW TERRITORIES",
				"NAME_TC" : "台山商會學校",
				"ADDRESS_TC" : "新界屯門石排頭路14號",
				"SEARCH01_EN" : "CO-ED",
				"SEARCH01_TC" : "男女",
				"SEARCH02_EN" : "WHOLE DAY",
				"SEARCH02_TC" : "全日",
				"SEARCH03_EN" : "TUEN MUN",
				"SEARCH03_TC" : "屯門區",
				"SEARCH04_EN" : "PRIMARY",
				"SEARCH04_TC" : "小學",
				"SEARCH05_EN" : "AIDED",
				"SEARCH05_TC" : "資助",
				"NSEARCH01_EN" : "NOT APPLICABLE",
				"NSEARCH01_TC" : "不適用",
				"NSEARCH02_EN" : "24622866",
				"NSEARCH02_TC" : "24622866",
				"NSEARCH03_EN" : "24693274",
				"NSEARCH03_TC" : "24693274",
				"NSEARCH04_EN" : "http://www.ts.edu.hk",
				"NSEARCH04_TC" : "http://www.ts.edu.hk",
				"NSEARCH05_EN" : "114529000123",
				"NSEARCH05_TC" : "114529000123",
				"NORTHING" : 829159,
				"EASTING" : 815161,
				"LATITUDE" : 22.40158336,
				"LONGITUDE" : 113.97189059,
				"LASTUPDATE" : "20231124121942"
			}
		},
		{
			"type" : "Feature",
			"geometry" : {
				"type" : "Point",
				"coordinates" : [ 114.1386467453, 22.481791129 ]
			},
			"properties" : {
				"OBJECTID" : 62,
				"DATASET_EN" : "Aided Primary Schools",
				"DATASET_TC" : "資助小學",
				"NAME_EN" : "PENTECOSTAL YU LEUNG FAT PRIMARY SCHOOL",
				"ADDRESS_EN" : "16 FAI MING ROAD, FANLING, NEW TERRITORIES",
				"NAME_TC" : "五旬節于良發小學",
				"ADDRESS_TC" : "新界粉嶺暉明路16號",
				"SEARCH01_EN" : "CO-ED",
				"SEARCH01_TC" : "男女",
				"SEARCH02_EN" : "WHOLE DAY",
				"SEARCH02_TC" : "全日",
				"SEARCH03_EN" : "NORTH",
				"SEARCH03_TC" : "北區",
				"SEARCH04_EN" : "PRIMARY",
				"SEARCH04_TC" : "小學",
				"SEARCH05_EN" : "AIDED",
				"SEARCH05_TC" : "資助",
				"NSEARCH01_EN" : "PROTESTANTISM / CHRISTIANITY",
				"NSEARCH01_TC" : "基督教",
				"NSEARCH02_EN" : "26795626",
				"NSEARCH02_TC" : "26795626",
				"NSEARCH03_EN" : "26765434",
				"NSEARCH03_TC" : "26765434",
				"NSEARCH04_EN" : "http://www.pylfps.edu.hk",
				"NSEARCH04_TC" : "http://www.pylfps.edu.hk",
				"NSEARCH05_EN" : "529540000123",
				"NSEARCH05_TC" : "529540000123",
				"NORTHING" : 838027,
				"EASTING" : 832334,
				"LATITUDE" : 22.48179083,
				"LONGITUDE" : 114.13864674,
				"LASTUPDATE" : "20231124121942"
			}
		},
		{
			"type" : "Feature",
			"geometry" : {
				"type" : "Point",
				"coordinates" : [ 114.1762040489, 22.4522661452 ]
			},
			"properties" : {
				"OBJECTID" : 63,
				"DATASET_EN" : "Aided Primary Schools",
				"DATASET_TC" : "資助小學",
				"NAME_EN" : "SAM SHUI NATIVES ASSOCIATION HUEN KING WING SCHOOL",
				"ADDRESS_EN" : "ESTATE PRIMARY SCHOOL NO 1, FU SHIN ESTATE, TAI PO, NEW TERRITORIES",
				"NAME_TC" : "三水同鄉會禤景榮學校",
				"ADDRESS_TC" : "新界大埔富善邨屋邨小學第一校舍",
				"SEARCH01_EN" : "CO-ED",
				"SEARCH01_TC" : "男女",
				"SEARCH02_EN" : "WHOLE DAY",
				"SEARCH02_TC" : "全日",
				"SEARCH03_EN" : "TAI PO",
				"SEARCH03_TC" : "大埔區",
				"SEARCH04_EN" : "PRIMARY",
				"SEARCH04_TC" : "小學",
				"SEARCH05_EN" : "AIDED",
				"SEARCH05_TC" : "資助",
				"NSEARCH01_EN" : "NOT APPLICABLE",
				"NSEARCH01_TC" : "不適用",
				"NSEARCH02_EN" : "26619383",
				"NSEARCH02_TC" : "26619383",
				"NSEARCH03_EN" : "26643320",
				"NSEARCH03_TC" : "26643320",
				"NSEARCH04_EN" : "http://ssnahkws.edu.hk",
				"NSEARCH04_TC" : "http://ssnahkws.edu.hk",
				"NSEARCH05_EN" : "115142000123",
				"NSEARCH05_TC" : "115142000123",
				"NORTHING" : 834757,
				"EASTING" : 836199,
				"LATITUDE" : 22.45226585,
				"LONGITUDE" : 114.17620404,
				"LASTUPDATE" : "20231124121942"
			}
		},
		{
			"type" : "Feature",
			"geometry" : {
				"type" : "Point",
				"coordinates" : [ 114.1907313407, 22.3855934875 ]
			},
			"properties" : {
				"OBJECTID" : 64,
				"DATASET_EN" : "Aided Primary Schools",
				"DATASET_TC" : "資助小學",
				"NAME_EN" : "SHATIN TSUNG TSIN SCHOOL",
				"ADDRESS_EN" : "ESTATE SCHOOL 1, LEK YUEN ESTATE SHATIN NT",
				"NAME_TC" : "沙田崇真學校",
				"ADDRESS_TC" : "ESTATE SCHOOL 1, LEK YUEN ESTATE SHATIN NT",
				"SEARCH01_EN" : "CO-ED",
				"SEARCH01_TC" : "男女",
				"SEARCH02_EN" : "WHOLE DAY",
				"SEARCH02_TC" : "全日",
				"SEARCH03_EN" : "SHA TIN",
				"SEARCH03_TC" : "沙田區",
				"SEARCH04_EN" : "PRIMARY",
				"SEARCH04_TC" : "小學",
				"SEARCH05_EN" : "AIDED",
				"SEARCH05_TC" : "資助",
				"NSEARCH01_EN" : "PROTESTANTISM / CHRISTIANITY",
				"NSEARCH01_TC" : "基督教",
				"NSEARCH02_EN" : "26918194",
				"NSEARCH02_TC" : "26918194",
				"NSEARCH03_EN" : "26090597",
				"NSEARCH03_TC" : "26090597",
				"NSEARCH04_EN" : "http://www.stts.edu.hk",
				"NSEARCH04_TC" : "http://www.stts.edu.hk",
				"NSEARCH05_EN" : "114391000123",
				"NSEARCH05_TC" : "114391000123",
				"NORTHING" : 827374,
				"EASTING" : 837695,
				"LATITUDE" : 22.38559319,
				"LONGITUDE" : 114.19073134,
				"LASTUPDATE" : "20231124121941"
			}
		},
		{
			"type" : "Feature",
			"geometry" : {
				"type" : "Point",
				"coordinates" : [ 114.2675740109, 22.3153741531 ]
			},
			"properties" : {
				"OBJECTID" : 65,
				"DATASET_EN" : "Aided Primary Schools",
				"DATASET_TC" : "資助小學",
				"NAME_EN" : "YAN CHAI HOSPITAL CHAN IU SENG PRIMARY SCHOOL",
				"ADDRESS_EN" : "YUK MING COURT TSEUNG KWAN O NEW TERRITORIES",
				"NAME_TC" : "仁濟醫院陳耀星小學",
				"ADDRESS_TC" : "新界 將軍澳 煜明苑",
				"SEARCH01_EN" : "CO-ED",
				"SEARCH01_TC" : "男女",
				"SEARCH02_EN" : "WHOLE DAY",
				"SEARCH02_TC" : "全日",
				"SEARCH03_EN" : "SAI KUNG",
				"SEARCH03_TC" : "西貢區",
				"SEARCH04_EN" : "PRIMARY",
				"SEARCH04_TC" : "小學",
				"SEARCH05_EN" : "AIDED",
				"SEARCH05_TC" : "資助",
				"NSEARCH01_EN" : "NOT APPLICABLE",
				"NSEARCH01_TC" : "不適用",
				"NSEARCH02_EN" : "27061932",
				"NSEARCH02_TC" : "27061932",
				"NSEARCH03_EN" : "27064872",
				"NSEARCH03_TC" : "27064872",
				"NSEARCH04_EN" : "http://www.ychcisps.edu.hk",
				"NSEARCH04_TC" : "http://www.ychcisps.edu.hk",
				"NSEARCH05_EN" : "516996000123",
				"NSEARCH05_TC" : "516996000123",
				"NORTHING" : 819601,
				"EASTING" : 845613,
				"LATITUDE" : 22.31537386,
				"LONGITUDE" : 114.26757401,
				"LASTUPDATE" : "20231124121941"
			}
		},
		{
			"type" : "Feature",
			"geometry" : {
				"type" : "Point",
				"coordinates" : [ 114.1027204, 22.356841956 ]
			},
			"properties" : {
				"OBJECTID" : 66,
				"DATASET_EN" : "Aided Primary Schools",
				"DATASET_TC" : "資助小學",
				"NAME_EN" : "YAN CHAI HOSPITAL CHIU TSANG HOK WAN PRIMARY SCHOOL",
				"ADDRESS_EN" : "ESTATE PRIMARY SCHOOL, TSING YI ESTATE, PHASE II, TSING YI, NT",
				"NAME_TC" : "仁濟醫院趙曾學韞小學",
				"ADDRESS_TC" : "新界青衣青衣邨第二期屋邨小學",
				"SEARCH01_EN" : "CO-ED",
				"SEARCH01_TC" : "男女",
				"SEARCH02_EN" : "WHOLE DAY",
				"SEARCH02_TC" : "全日",
				"SEARCH03_EN" : "KWAI TSING",
				"SEARCH03_TC" : "葵青區",
				"SEARCH04_EN" : "PRIMARY",
				"SEARCH04_TC" : "小學",
				"SEARCH05_EN" : "AIDED",
				"SEARCH05_TC" : "資助",
				"NSEARCH01_EN" : "NOT APPLICABLE",
				"NSEARCH01_TC" : "不適用",
				"NSEARCH02_EN" : "24331788",
				"NSEARCH02_TC" : "24331788",
				"NSEARCH03_EN" : "24357023",
				"NSEARCH03_TC" : "24357023",
				"NSEARCH04_EN" : "http://www.ychcthwps.edu.hk",
				"NSEARCH04_TC" : "http://www.ychcthwps.edu.hk",
				"NSEARCH05_EN" : "115487000123",
				"NSEARCH05_TC" : "115487000123",
				"NORTHING" : 824192,
				"EASTING" : 828630,
				"LATITUDE" : 22.35684166,
				"LONGITUDE" : 114.1027204,
				"LASTUPDATE" : "20231124121941"
			}
		},
		{
			"type" : "Feature",
			"geometry" : {
				"type" : "Point",
				"coordinates" : [ 114.1229504817, 22.3634693416 ]
			},
			"properties" : {
				"OBJECTID" : 67,
				"DATASET_EN" : "Aided Primary Schools",
				"DATASET_TC" : "資助小學",
				"NAME_EN" : "SIR ROBERT BLACK COLLEGE OF EDUCATION PAST STUDENTS' ASSOCIATION LU KWONG FAI MEMORIAL SCHOOL",
				"ADDRESS_EN" : "221 KWAI SHING CIRCUIT KWAI CHUNG NEW TERRITORIES",
				"NAME_TC" : "柏立基教育學院校友會盧光輝紀念學校",
				"ADDRESS_TC" : "新界葵涌葵盛圍221號",
				"SEARCH01_EN" : "CO-ED",
				"SEARCH01_TC" : "男女",
				"SEARCH02_EN" : "WHOLE DAY",
				"SEARCH02_TC" : "全日",
				"SEARCH03_EN" : "KWAI TSING",
				"SEARCH03_TC" : "葵青區",
				"SEARCH04_EN" : "PRIMARY",
				"SEARCH04_TC" : "小學",
				"SEARCH05_EN" : "AIDED",
				"SEARCH05_TC" : "資助",
				"NSEARCH01_EN" : "NOT APPLICABLE",
				"NSEARCH01_TC" : "不適用",
				"NSEARCH02_EN" : "24290452",
				"NSEARCH02_TC" : "24290452",
				"NSEARCH03_EN" : "24801757",
				"NSEARCH03_TC" : "24801757",
				"NSEARCH04_EN" : "http://www.lynms.edu.hk",
				"NSEARCH04_TC" : "http://www.lynms.edu.hk",
				"NSEARCH05_EN" : "114502000123",
				"NSEARCH05_TC" : "114502000123",
				"NORTHING" : 824925,
				"EASTING" : 830714,
				"LATITUDE" : 22.36346905,
				"LONGITUDE" : 114.12295048,
				"LASTUPDATE" : "20231124121940"
			}
		},
		{
			"type" : "Feature",
			"geometry" : {
				"type" : "Point",
				"coordinates" : [ 114.1777870512, 22.367957455 ]
			},
			"properties" : {
				"OBJECTID" : 68,
				"DATASET_EN" : "Aided Primary Schools",
				"DATASET_TC" : "資助小學",
				"NAME_EN" : "PO LEUNG KUK DR. JIMMY WONG CHI-HO (TIN SUM VALLEY) PRIMARY SCHOOL",
				"ADDRESS_EN" : "ESTATE PRIMARY SCHOOL, LUNG HANG ESTATE, SHATIN, AREA 2A, NEW TERRITORIES (EXCLUDING ROOMS 406-409, 4/F. & ROOMS 506-509, 5/F., MONDAYS-FRIDAYS 3:30PM TO 9:00PM, SATURDAYS-SUNDAYS & PUBLIC HOLIDAYS 8:00AM TO 7:00PM)",
				"NAME_TC" : "保良局王賜豪(田心谷)小學",
				"ADDRESS_TC" : "新界沙田二甲地段隆亨邨屋邨小學校舍(4樓406-409室及5樓506-509室星期一至星期五下午3時30分至下午9時星期六、日及公眾假期上午8時至下午7時除外)",
				"SEARCH01_EN" : "CO-ED",
				"SEARCH01_TC" : "男女",
				"SEARCH02_EN" : "WHOLE DAY",
				"SEARCH02_TC" : "全日",
				"SEARCH03_EN" : "SHA TIN",
				"SEARCH03_TC" : "沙田區",
				"SEARCH04_EN" : "PRIMARY",
				"SEARCH04_TC" : "小學",
				"SEARCH05_EN" : "AIDED",
				"SEARCH05_TC" : "資助",
				"NSEARCH01_EN" : "NOT APPLICABLE",
				"NSEARCH01_TC" : "不適用",
				"NSEARCH02_EN" : "26062363",
				"NSEARCH02_TC" : "26062363",
				"NSEARCH03_EN" : "26927711",
				"NSEARCH03_TC" : "26927711",
				"NSEARCH04_EN" : "http://www.plkwch.edu.hk",
				"NSEARCH04_TC" : "http://www.plkwch.edu.hk",
				"NSEARCH05_EN" : "114820000123",
				"NSEARCH05_TC" : "114820000123",
				"NORTHING" : 825421,
				"EASTING" : 836362,
				"LATITUDE" : 22.36795716,
				"LONGITUDE" : 114.17778705,
				"LASTUPDATE" : "20231124121940"
			}
		},
		{
			"type" : "Feature",
			"geometry" : {
				"type" : "Point",
				"coordinates" : [ 114.1851601752, 22.2674286456 ]
			},
			"properties" : {
				"OBJECTID" : 69,
				"DATASET_EN" : "Aided Primary Schools",
				"DATASET_TC" : "資助小學",
				"NAME_EN" : "PO KOK PRIMARY SCHOOL",
				"ADDRESS_EN" : "G/F. - 5/F., 9 SHAN KWONG ROAD & 11 SHAN KWONG ROAD, HAPPY VALLEY, HONG KONG",
				"NAME_TC" : "寶覺小學",
				"ADDRESS_TC" : "香港跑馬地山光道9號地下至5樓及山光道11號",
				"SEARCH01_EN" : "CO-ED",
				"SEARCH01_TC" : "男女",
				"SEARCH02_EN" : "WHOLE DAY",
				"SEARCH02_TC" : "全日",
				"SEARCH03_EN" : "WAN CHAI",
				"SEARCH03_TC" : "灣仔區",
				"SEARCH04_EN" : "PRIMARY",
				"SEARCH04_TC" : "小學",
				"SEARCH05_EN" : "AIDED",
				"SEARCH05_TC" : "資助",
				"NSEARCH01_EN" : "BUDDHISM",
				"NSEARCH01_TC" : "佛教",
				"NSEARCH02_EN" : "25737911",
				"NSEARCH02_TC" : "25737911",
				"NSEARCH03_EN" : "25724364",
				"NSEARCH03_TC" : "25724364",
				"NSEARCH04_EN" : "http://www.pokokps.edu.hk",
				"NSEARCH04_TC" : "http://www.pokokps.edu.hk",
				"NSEARCH05_EN" : "513180000123",
				"NSEARCH05_TC" : "513180000123",
				"NORTHING" : 814289,
				"EASTING" : 837122,
				"LATITUDE" : 22.26742835,
				"LONGITUDE" : 114.18516017,
				"LASTUPDATE" : "20231124121940"
			}
		},
		{
			"type" : "Feature",
			"geometry" : {
				"type" : "Point",
				"coordinates" : [ 114.0660232365, 22.4411477508 ]
			},
			"properties" : {
				"OBJECTID" : 70,
				"DATASET_EN" : "Aided Primary Schools",
				"DATASET_TC" : "資助小學",
				"NAME_EN" : "TUNG TAK SCHOOL",
				"ADDRESS_EN" : "SHING MUN SAN TSUEN, KAM TIN, YUEN LONG, NEW TERRITORIES",
				"NAME_TC" : "通德學校",
				"ADDRESS_TC" : "新界元朗錦田城門新村",
				"SEARCH01_EN" : "CO-ED",
				"SEARCH01_TC" : "男女",
				"SEARCH02_EN" : "WHOLE DAY",
				"SEARCH02_TC" : "全日",
				"SEARCH03_EN" : "YUEN LONG",
				"SEARCH03_TC" : "元朗區",
				"SEARCH04_EN" : "PRIMARY",
				"SEARCH04_TC" : "小學",
				"SEARCH05_EN" : "AIDED",
				"SEARCH05_TC" : "資助",
				"NSEARCH01_EN" : "NOT APPLICABLE",
				"NSEARCH01_TC" : "不適用",
				"NSEARCH02_EN" : "24761101",
				"NSEARCH02_TC" : "24761101",
				"NSEARCH03_EN" : "24747045",
				"NSEARCH03_TC" : "24747045",
				"NSEARCH04_EN" : "http://www.ttsch.edu.hk",
				"NSEARCH04_TC" : "http://www.ttsch.edu.hk",
				"NSEARCH05_EN" : "112666000123",
				"NSEARCH05_TC" : "112666000123",
				"NORTHING" : 833530,
				"EASTING" : 824857,
				"LATITUDE" : 22.44114746,
				"LONGITUDE" : 114.06602323,
				"LASTUPDATE" : "20231124121940"
			}
		},
		{
			"type" : "Feature",
			"geometry" : {
				"type" : "Point",
				"coordinates" : [ 114.1944902407, 22.4696578024 ]
			},
			"properties" : {
				"OBJECTID" : 71,
				"DATASET_EN" : "Aided Primary Schools",
				"DATASET_TC" : "資助小學",
				"NAME_EN" : "THE EDUCATION UNIVERSITY OF HONG KONG JOCKEY CLUB PRIMARY SCHOOL",
				"ADDRESS_EN" : "10 LO PING ROAD, THE EDUCATION UNIVERSITY OF HONG KONG, TAI PO, NEW TERRITORIES",
				"NAME_TC" : "香港教育大學賽馬會小學",
				"ADDRESS_TC" : "新界大埔露屏路10號香港教育大學",
				"SEARCH01_EN" : "CO-ED",
				"SEARCH01_TC" : "男女",
				"SEARCH02_EN" : "WHOLE DAY",
				"SEARCH02_TC" : "全日",
				"SEARCH03_EN" : "TAI PO",
				"SEARCH03_TC" : "大埔區",
				"SEARCH04_EN" : "PRIMARY",
				"SEARCH04_TC" : "小學",
				"SEARCH05_EN" : "AIDED",
				"SEARCH05_TC" : "資助",
				"NSEARCH01_EN" : "NOT APPLICABLE",
				"NSEARCH01_TC" : "不適用",
				"NSEARCH02_EN" : "29481122",
				"NSEARCH02_TC" : "29481122",
				"NSEARCH03_EN" : "29481121",
				"NSEARCH03_TC" : "29481121",
				"NSEARCH04_EN" : "http://www.edujcps.edu.hk",
				"NSEARCH04_TC" : "http://www.edujcps.edu.hk",
				"NSEARCH05_EN" : "542580000123",
				"NSEARCH05_TC" : "542580000123",
				"NORTHING" : 836683,
				"EASTING" : 838081,
				"LATITUDE" : 22.46965751,
				"LONGITUDE" : 114.19449024,
				"LASTUPDATE" : "20231124121939"
			}
		},
		{
			"type" : "Feature",
			"geometry" : {
				"type" : "Point",
				"coordinates" : [ 114.2066169798, 22.3360407275 ]
			},
			"properties" : {
				"OBJECTID" : 72,
				"DATASET_EN" : "Aided Primary Schools",
				"DATASET_TC" : "資助小學",
				"NAME_EN" : "THE CHURCH OF CHRIST IN CHINA KEI WA PRIMARY SCHOOL",
				"ADDRESS_EN" : "3 WONG KUK AVENUE CHOI HUNG ESTATE WONG TAI SIN KOWLOON",
				"NAME_TC" : "中華基督教會基華小學",
				"ADDRESS_TC" : "九龍黃大仙黃菊路3號彩虹邨",
				"SEARCH01_EN" : "CO-ED",
				"SEARCH01_TC" : "男女",
				"SEARCH02_EN" : "WHOLE DAY",
				"SEARCH02_TC" : "全日",
				"SEARCH03_EN" : "WONG TAI SIN",
				"SEARCH03_TC" : "黃大仙區",
				"SEARCH04_EN" : "PRIMARY",
				"SEARCH04_TC" : "小學",
				"SEARCH05_EN" : "AIDED",
				"SEARCH05_TC" : "資助",
				"NSEARCH01_EN" : "PROTESTANTISM / CHRISTIANITY",
				"NSEARCH01_TC" : "基督教",
				"NSEARCH02_EN" : "23200683",
				"NSEARCH02_TC" : "23200683",
				"NSEARCH03_EN" : "23259035",
				"NSEARCH03_TC" : "23259035",
				"NSEARCH04_EN" : "http://www.keiwa.edu.hk",
				"NSEARCH04_TC" : "http://www.keiwa.edu.hk",
				"NSEARCH05_EN" : "512389000123",
				"NSEARCH05_TC" : "512389000123",
				"NORTHING" : 821887,
				"EASTING" : 839332,
				"LATITUDE" : 22.33604043,
				"LONGITUDE" : 114.20661698,
				"LASTUPDATE" : "20231124121939"
			}
		},
		{
			"type" : "Feature",
			"geometry" : {
				"type" : "Point",
				"coordinates" : [ 114.1405514368, 22.369235728 ]
			},
			"properties" : {
				"OBJECTID" : 73,
				"DATASET_EN" : "Aided Primary Schools",
				"DATASET_TC" : "資助小學",
				"NAME_EN" : "SHEK LEI ST. JOHN'S CATHOLIC PRIMARY SCHOOL",
				"ADDRESS_EN" : "99 TAI PAK TIN STREET, KWAI CHUNG, NEW TERRITORIES",
				"NAME_TC" : "石籬聖若望天主教小學",
				"ADDRESS_TC" : "新界葵涌大白田街99號",
				"SEARCH01_EN" : "CO-ED",
				"SEARCH01_TC" : "男女",
				"SEARCH02_EN" : "WHOLE DAY",
				"SEARCH02_TC" : "全日",
				"SEARCH03_EN" : "KWAI TSING",
				"SEARCH03_TC" : "葵青區",
				"SEARCH04_EN" : "PRIMARY",
				"SEARCH04_TC" : "小學",
				"SEARCH05_EN" : "AIDED",
				"SEARCH05_TC" : "資助",
				"NSEARCH01_EN" : "CATHOLICISM",
				"NSEARCH01_TC" : "天主教",
				"NSEARCH02_EN" : "35950036",
				"NSEARCH02_TC" : "35950036",
				"NSEARCH03_EN" : "35950163",
				"NSEARCH03_TC" : "35950163",
				"NSEARCH04_EN" : "http://www.slsj.edu.hk",
				"NSEARCH04_TC" : "http://www.slsj.edu.hk",
				"NSEARCH05_EN" : "575720000123",
				"NSEARCH05_TC" : "575720000123",
				"NORTHING" : 825563,
				"EASTING" : 832527,
				"LATITUDE" : 22.36923543,
				"LONGITUDE" : 114.14055143,
				"LASTUPDATE" : "20231124121938"
			}
		},
		{
			"type" : "Feature",
			"geometry" : {
				"type" : "Point",
				"coordinates" : [ 113.9953120429, 22.373951267 ]
			},
			"properties" : {
				"OBJECTID" : 74,
				"DATASET_EN" : "Aided Primary Schools",
				"DATASET_TC" : "資助小學",
				"NAME_EN" : "PO LEUNG KUK WOMEN'S WELFARE CLUB WESTERN DISTRICT FUNG LEE PUI YIU PRIMARY SCHOOL",
				"ADDRESS_EN" : "11 KWUN TSING ROAD SO KWUN WAT TUEN MUN NEW TERRITORIES",
				"NAME_TC" : "保良局西區婦女福利會馮李佩瑤小學",
				"ADDRESS_TC" : "新界屯門掃管笏管青路11號",
				"SEARCH01_EN" : "CO-ED",
				"SEARCH01_TC" : "男女",
				"SEARCH02_EN" : "WHOLE DAY",
				"SEARCH02_TC" : "全日",
				"SEARCH03_EN" : "TUEN MUN",
				"SEARCH03_TC" : "屯門區",
				"SEARCH04_EN" : "PRIMARY",
				"SEARCH04_TC" : "小學",
				"SEARCH05_EN" : "AIDED",
				"SEARCH05_TC" : "資助",
				"NSEARCH01_EN" : "NOT APPLICABLE",
				"NSEARCH01_TC" : "不適用",
				"NSEARCH02_EN" : "24112208",
				"NSEARCH02_TC" : "24112208",
				"NSEARCH03_EN" : "24112207",
				"NSEARCH03_TC" : "24112207",
				"NSEARCH04_EN" : "http://plkflpy.edu.hk",
				"NSEARCH04_TC" : "http://plkflpy.edu.hk",
				"NSEARCH05_EN" : "584118000123",
				"NSEARCH05_TC" : "584118000123",
				"NORTHING" : 826096,
				"EASTING" : 817569,
				"LATITUDE" : 22.37395097,
				"LONGITUDE" : 113.99531204,
				"LASTUPDATE" : "20231124121938"
			}
		},
		{
			"type" : "Feature",
			"geometry" : {
				"type" : "Point",
				"coordinates" : [ 114.1240369759, 22.4943031456 ]
			},
			"properties" : {
				"OBJECTID" : 75,
				"DATASET_EN" : "Aided Primary Schools",
				"DATASET_TC" : "資助小學",
				"NAME_EN" : "TUNG WAH GROUP OF HOSPITALS MA KAM CHAN MEMORIAL PRIMARY SCHOOL",
				"ADDRESS_EN" : "2 CHING SHING ROAD, SHEUNG SHUI, NEW TERRITORIES",
				"NAME_TC" : "東華三院馬錦燦紀念小學",
				"ADDRESS_TC" : "新界上水清城路2號",
				"SEARCH01_EN" : "CO-ED",
				"SEARCH01_TC" : "男女",
				"SEARCH02_EN" : "WHOLE DAY",
				"SEARCH02_TC" : "全日",
				"SEARCH03_EN" : "NORTH",
				"SEARCH03_TC" : "北區",
				"SEARCH04_EN" : "PRIMARY",
				"SEARCH04_TC" : "小學",
				"SEARCH05_EN" : "AIDED",
				"SEARCH05_TC" : "資助",
				"NSEARCH01_EN" : "NOT APPLICABLE",
				"NSEARCH01_TC" : "不適用",
				"NSEARCH02_EN" : "26711071",
				"NSEARCH02_TC" : "26711071",
				"NSEARCH03_EN" : "26711079",
				"NSEARCH03_TC" : "26711079",
				"NSEARCH04_EN" : "http://www.twghmkc.edu.hk",
				"NSEARCH04_TC" : "http://www.twghmkc.edu.hk",
				"NSEARCH05_EN" : "578320000223",
				"NSEARCH05_TC" : "578320000223",
				"NORTHING" : 839413,
				"EASTING" : 830831,
				"LATITUDE" : 22.49430285,
				"LONGITUDE" : 114.12403697,
				"LASTUPDATE" : "20231124121937"
			}
		},
		{
			"type" : "Feature",
			"geometry" : {
				"type" : "Point",
				"coordinates" : [ 114.1579650865, 22.3346155356 ]
			},
			"properties" : {
				"OBJECTID" : 76,
				"DATASET_EN" : "Aided Primary Schools",
				"DATASET_TC" : "資助小學",
				"NAME_EN" : "THE CHURCH OF CHRIST IN CHINA HEEP WOH PRIMARY SCHOOL (CHEUNG SHA WAN)",
				"ADDRESS_EN" : "18 TONKIN STREET SHAM SHUI PO KOWLOON",
				"NAME_TC" : "中華基督教會協和小學(長沙灣)",
				"ADDRESS_TC" : "九龍深水埗東京街18號",
				"SEARCH01_EN" : "CO-ED",
				"SEARCH01_TC" : "男女",
				"SEARCH02_EN" : "WHOLE DAY",
				"SEARCH02_TC" : "全日",
				"SEARCH03_EN" : "SHAM SHUI PO",
				"SEARCH03_TC" : "深水埗區",
				"SEARCH04_EN" : "PRIMARY",
				"SEARCH04_TC" : "小學",
				"SEARCH05_EN" : "AIDED",
				"SEARCH05_TC" : "資助",
				"NSEARCH01_EN" : "PROTESTANTISM / CHRISTIANITY",
				"NSEARCH01_TC" : "基督教",
				"NSEARCH02_EN" : "21119099",
				"NSEARCH02_TC" : "21119099",
				"NSEARCH03_EN" : "21119826",
				"NSEARCH03_TC" : "21119826",
				"NSEARCH04_EN" : "http://www.heepwohcsw.edu.hk",
				"NSEARCH04_TC" : "http://www.heepwohcsw.edu.hk",
				"NSEARCH05_EN" : "579513000123",
				"NSEARCH05_TC" : "579513000123",
				"NORTHING" : 821729,
				"EASTING" : 834320,
				"LATITUDE" : 22.33461524,
				"LONGITUDE" : 114.15796508,
				"LASTUPDATE" : "20231124121937"
			}
		},
		{
			"type" : "Feature",
			"geometry" : {
				"type" : "Point",
				"coordinates" : [ 113.9960108145, 22.3742049033 ]
			},
			"properties" : {
				"OBJECTID" : 77,
				"DATASET_EN" : "Aided Primary Schools",
				"DATASET_TC" : "資助小學",
				"NAME_EN" : "SHUN TAK FRATERNAL ASSOCIATION LEE KAM PRIMARY SCHOOL",
				"ADDRESS_EN" : "23 SO KWUN WAT ROAD TUEN MUN NEW TERRITORIES",
				"NAME_TC" : "順德聯誼總會李金小學",
				"ADDRESS_TC" : "新界屯門掃管笏路23號",
				"SEARCH01_EN" : "CO-ED",
				"SEARCH01_TC" : "男女",
				"SEARCH02_EN" : "WHOLE DAY",
				"SEARCH02_TC" : "全日",
				"SEARCH03_EN" : "TUEN MUN",
				"SEARCH03_TC" : "屯門區",
				"SEARCH04_EN" : "PRIMARY",
				"SEARCH04_TC" : "小學",
				"SEARCH05_EN" : "AIDED",
				"SEARCH05_TC" : "資助",
				"NSEARCH01_EN" : "NOT APPLICABLE",
				"NSEARCH01_TC" : "不適用",
				"NSEARCH02_EN" : "24411222",
				"NSEARCH02_TC" : "24411222",
				"NSEARCH03_EN" : "24411282",
				"NSEARCH03_TC" : "24411282",
				"NSEARCH04_EN" : "http://www.leekamps.edu.hk",
				"NSEARCH04_TC" : "http://www.leekamps.edu.hk",
				"NSEARCH05_EN" : "584126000123",
				"NSEARCH05_TC" : "584126000123",
				"NORTHING" : 826124,
				"EASTING" : 817641,
				"LATITUDE" : 22.37420461,
				"LONGITUDE" : 113.99601081,
				"LASTUPDATE" : "20231124121937"
			}
		},
		{
			"type" : "Feature",
			"geometry" : {
				"type" : "Point",
				"coordinates" : [ 114.186241632, 22.334498963 ]
			},
			"properties" : {
				"OBJECTID" : 78,
				"DATASET_EN" : "Aided Primary Schools",
				"DATASET_TC" : "資助小學",
				"NAME_EN" : "KOWLOON TONG BISHOP WALSH CATHOLIC SCHOOL",
				"ADDRESS_EN" : "39 INVERNESS ROAD KOWLOON",
				"NAME_TC" : "九龍塘天主教華德學校",
				"ADDRESS_TC" : "九龍延文禮士道39號",
				"SEARCH01_EN" : "CO-ED",
				"SEARCH01_TC" : "男女",
				"SEARCH02_EN" : "WHOLE DAY",
				"SEARCH02_TC" : "全日",
				"SEARCH03_EN" : "KOWLOON CITY",
				"SEARCH03_TC" : "九龍城區",
				"SEARCH04_EN" : "PRIMARY",
				"SEARCH04_TC" : "小學",
				"SEARCH05_EN" : "AIDED",
				"SEARCH05_TC" : "資助",
				"NSEARCH01_EN" : "CATHOLICISM",
				"NSEARCH01_TC" : "天主教",
				"NSEARCH02_EN" : "23373768",
				"NSEARCH02_TC" : "23373768",
				"NSEARCH03_EN" : "23373776",
				"NSEARCH03_TC" : "23373776",
				"NSEARCH04_EN" : "http://www.ktbwcs.edu.hk",
				"NSEARCH04_TC" : "http://www.ktbwcs.edu.hk",
				"NSEARCH05_EN" : "579548000123",
				"NSEARCH05_TC" : "579548000123",
				"NORTHING" : 821716,
				"EASTING" : 837233,
				"LATITUDE" : 22.33449867,
				"LONGITUDE" : 114.18624163,
				"LASTUPDATE" : "20231124121936"
			}
		},
		{
			"type" : "Feature",
			"geometry" : {
				"type" : "Point",
				"coordinates" : [ 114.172356602, 22.4594543165 ]
			},
			"properties" : {
				"OBJECTID" : 79,
				"DATASET_EN" : "Aided Primary Schools",
				"DATASET_TC" : "資助小學",
				"NAME_EN" : "S.K.H. YUEN CHEN MAUN CHEN JUBILEE PRIMARY SCHOOL",
				"ADDRESS_EN" : "ESTATE PRIMARY SCHOOL AREA 8 FU HENG ESTATE PHASE IV TAI PO NEW TERRITORIES",
				"NAME_TC" : "聖公會阮鄭夢芹銀禧小學",
				"ADDRESS_TC" : "新界大埔富亨邨第四期第八區屋邨小學",
				"SEARCH01_EN" : "CO-ED",
				"SEARCH01_TC" : "男女",
				"SEARCH02_EN" : "WHOLE DAY",
				"SEARCH02_TC" : "全日",
				"SEARCH03_EN" : "TAI PO",
				"SEARCH03_TC" : "大埔區",
				"SEARCH04_EN" : "PRIMARY",
				"SEARCH04_TC" : "小學",
				"SEARCH05_EN" : "AIDED",
				"SEARCH05_TC" : "資助",
				"NSEARCH01_EN" : "PROTESTANTISM / CHRISTIANITY",
				"NSEARCH01_TC" : "基督教",
				"NSEARCH02_EN" : "26660606",
				"NSEARCH02_TC" : "26660606",
				"NSEARCH03_EN" : "26678051",
				"NSEARCH03_TC" : "26678051",
				"NSEARCH04_EN" : "http://www.skhycmcj.edu.hk",
				"NSEARCH04_TC" : "http://www.skhycmcj.edu.hk",
				"NSEARCH05_EN" : "575844000123",
				"NSEARCH05_TC" : "575844000123",
				"NORTHING" : 835553,
				"EASTING" : 835803,
				"LATITUDE" : 22.45945402,
				"LONGITUDE" : 114.1723566,
				"LASTUPDATE" : "20231124121936"
			}
		},
		{
			"type" : "Feature",
			"geometry" : {
				"type" : "Point",
				"coordinates" : [ 113.9652499774, 22.3744927066 ]
			},
			"properties" : {
				"OBJECTID" : 80,
				"DATASET_EN" : "Aided Primary Schools",
				"DATASET_TC" : "資助小學",
				"NAME_EN" : "TAOIST CHING CHUNG PRIMARY SCHOOL (WU KING ESTATE)",
				"ADDRESS_EN" : "ESTATE PRIMARY SCHOOL NO 1 PHASE 1 WU KING ESTATE AREA 28 TUEN MUN NEW TERRITORIES",
				"NAME_TC" : "道教青松小學(湖景邨)",
				"ADDRESS_TC" : "新界屯門第28區湖景邨第一期屋邨小學第1號校舍",
				"SEARCH01_EN" : "CO-ED",
				"SEARCH01_TC" : "男女",
				"SEARCH02_EN" : "WHOLE DAY",
				"SEARCH02_TC" : "全日",
				"SEARCH03_EN" : "TUEN MUN",
				"SEARCH03_TC" : "屯門區",
				"SEARCH04_EN" : "PRIMARY",
				"SEARCH04_TC" : "小學",
				"SEARCH05_EN" : "AIDED",
				"SEARCH05_TC" : "資助",
				"NSEARCH01_EN" : "TAOISM",
				"NSEARCH01_TC" : "道教",
				"NSEARCH02_EN" : "24652881",
				"NSEARCH02_TC" : "24652881",
				"NSEARCH03_EN" : "24656863",
				"NSEARCH03_TC" : "24656863",
				"NSEARCH04_EN" : "http://www.tccpswke.edu.hk",
				"NSEARCH04_TC" : "http://www.tccpswke.edu.hk",
				"NSEARCH05_EN" : "575500000123",
				"NSEARCH05_TC" : "575500000123",
				"NORTHING" : 826160,
				"EASTING" : 814473,
				"LATITUDE" : 22.37449241,
				"LONGITUDE" : 113.96524997,
				"LASTUPDATE" : "20231124121936"
			}
		},
		{
			"type" : "Feature",
			"geometry" : {
				"type" : "Point",
				"coordinates" : [ 114.0604696722, 22.3674641054 ]
			},
			"properties" : {
				"OBJECTID" : 81,
				"DATASET_EN" : "Aided Primary Schools",
				"DATASET_TC" : "資助小學",
				"NAME_EN" : "SHAM TSENG CATHOLIC PRIMARY SCHOOL",
				"ADDRESS_EN" : "37 CASTLE PEAK ROAD SHAM TSENG TSUEN WAN NEW TERRITORIES",
				"NAME_TC" : "深井天主教小學",
				"ADDRESS_TC" : "新界荃灣青山公路深井段37號",
				"SEARCH01_EN" : "CO-ED",
				"SEARCH01_TC" : "男女",
				"SEARCH02_EN" : "WHOLE DAY",
				"SEARCH02_TC" : "全日",
				"SEARCH03_EN" : "TSUEN WAN",
				"SEARCH03_TC" : "荃灣區",
				"SEARCH04_EN" : "PRIMARY",
				"SEARCH04_TC" : "小學",
				"SEARCH05_EN" : "AIDED",
				"SEARCH05_TC" : "資助",
				"NSEARCH01_EN" : "CATHOLICISM",
				"NSEARCH01_TC" : "天主教",
				"NSEARCH02_EN" : "24903912",
				"NSEARCH02_TC" : "24903912",
				"NSEARCH03_EN" : "24903913",
				"NSEARCH03_TC" : "24903913",
				"NSEARCH04_EN" : "http://www.stcpri.edu.hk",
				"NSEARCH04_TC" : "http://www.stcpri.edu.hk",
				"NSEARCH05_EN" : "575607000123",
				"NSEARCH05_TC" : "575607000123",
				"NORTHING" : 825371,
				"EASTING" : 824279,
				"LATITUDE" : 22.36746381,
				"LONGITUDE" : 114.06046967,
				"LASTUPDATE" : "20231124121936"
			}
		},
		{
			"type" : "Feature",
			"geometry" : {
				"type" : "Point",
				"coordinates" : [ 114.205151766, 22.2907073759 ]
			},
			"properties" : {
				"OBJECTID" : 82,
				"DATASET_EN" : "Aided Primary Schools",
				"DATASET_TC" : "資助小學",
				"NAME_EN" : "CHINESE METHODIST SCHOOL, TANNER HILL",
				"ADDRESS_EN" : "4 PAK FUK ROAD, NORTH POINT, HONG KONG",
				"NAME_TC" : "丹拿山循道學校",
				"ADDRESS_TC" : "香港北角百福道4號",
				"SEARCH01_EN" : "CO-ED",
				"SEARCH01_TC" : "男女",
				"SEARCH02_EN" : "WHOLE DAY",
				"SEARCH02_TC" : "全日",
				"SEARCH03_EN" : "EASTERN",
				"SEARCH03_TC" : "東區",
				"SEARCH04_EN" : "PRIMARY",
				"SEARCH04_TC" : "小學",
				"SEARCH05_EN" : "AIDED",
				"SEARCH05_TC" : "資助",
				"NSEARCH01_EN" : "PROTESTANTISM / CHRISTIANITY",
				"NSEARCH01_TC" : "基督教",
				"NSEARCH02_EN" : "25615822",
				"NSEARCH02_TC" : "25615822",
				"NSEARCH03_EN" : "25615800",
				"NSEARCH03_TC" : "25615800",
				"NSEARCH04_EN" : "http://www.cmsth.edu.hk",
				"NSEARCH04_TC" : "http://www.cmsth.edu.hk",
				"NSEARCH05_EN" : "579556000123",
				"NSEARCH05_TC" : "579556000123",
				"NORTHING" : 816867,
				"EASTING" : 839182,
				"LATITUDE" : 22.29070708,
				"LONGITUDE" : 114.20515176,
				"LASTUPDATE" : "20231124121936"
			}
		},
		{
			"type" : "Feature",
			"geometry" : {
				"type" : "Point",
				"coordinates" : [ 114.0198447851, 22.4377772206 ]
			},
			"properties" : {
				"OBJECTID" : 83,
				"DATASET_EN" : "Aided Primary Schools",
				"DATASET_TC" : "資助小學",
				"NAME_EN" : "BUDDHIST CHAN WING KAN MEMORIAL SCHOOL",
				"ADDRESS_EN" : "23 LAM HAU TSUEN ROAD, MA TIN, YUEN LONG, N.T.",
				"NAME_TC" : "佛教陳榮根紀念學校",
				"ADDRESS_TC" : "新界元朗馬田欖口村路23號",
				"SEARCH01_EN" : "CO-ED",
				"SEARCH01_TC" : "男女",
				"SEARCH02_EN" : "WHOLE DAY",
				"SEARCH02_TC" : "全日",
				"SEARCH03_EN" : "YUEN LONG",
				"SEARCH03_TC" : "元朗區",
				"SEARCH04_EN" : "PRIMARY",
				"SEARCH04_TC" : "小學",
				"SEARCH05_EN" : "AIDED",
				"SEARCH05_TC" : "資助",
				"NSEARCH01_EN" : "BUDDHISM",
				"NSEARCH01_TC" : "佛教",
				"NSEARCH02_EN" : "24753663",
				"NSEARCH02_TC" : "24753663",
				"NSEARCH03_EN" : "24753991",
				"NSEARCH03_TC" : "24753991",
				"NSEARCH04_EN" : "http://www.bcwkms.edu.hk",
				"NSEARCH04_TC" : "http://www.bcwkms.edu.hk",
				"NSEARCH05_EN" : "572357000123",
				"NSEARCH05_TC" : "572357000123",
				"NORTHING" : 833161,
				"EASTING" : 820103,
				"LATITUDE" : 22.43777692,
				"LONGITUDE" : 114.01984478,
				"LASTUPDATE" : "20231124121935"
			}
		},
		{
			"type" : "Feature",
			"geometry" : {
				"type" : "Point",
				"coordinates" : [ 114.1458028931, 22.3314348998 ]
			},
			"properties" : {
				"OBJECTID" : 84,
				"DATASET_EN" : "Aided Primary Schools",
				"DATASET_TC" : "資助小學",
				"NAME_EN" : "MARYKNOLL FATHERS' SCHOOL (PRIMARY SECTION)",
				"ADDRESS_EN" : "11 HOI LAI STREET SHAM SHUI PO KOWLOON",
				"NAME_TC" : "瑪利諾神父教會學校(小學部)",
				"ADDRESS_TC" : "九龍深水埗海麗街11號",
				"SEARCH01_EN" : "CO-ED",
				"SEARCH01_TC" : "男女",
				"SEARCH02_EN" : "WHOLE DAY",
				"SEARCH02_TC" : "全日",
				"SEARCH03_EN" : "SHAM SHUI PO",
				"SEARCH03_TC" : "深水埗區",
				"SEARCH04_EN" : "PRIMARY",
				"SEARCH04_TC" : "小學",
				"SEARCH05_EN" : "AIDED",
				"SEARCH05_TC" : "資助",
				"NSEARCH01_EN" : "CATHOLICISM",
				"NSEARCH01_TC" : "天主教",
				"NSEARCH02_EN" : "27788235,27788290",
				"NSEARCH02_TC" : "27788235,27788290",
				"NSEARCH03_EN" : "27761744",
				"NSEARCH03_TC" : "27761744",
				"NSEARCH04_EN" : "http://www.mfsp.edu.hk",
				"NSEARCH04_TC" : "http://www.mfsp.edu.hk",
				"NSEARCH05_EN" : "575534000123",
				"NSEARCH05_TC" : "575534000123",
				"NORTHING" : 821377,
				"EASTING" : 833067,
				"LATITUDE" : 22.33143461,
				"LONGITUDE" : 114.14580289,
				"LASTUPDATE" : "20231124121935"
			}
		},
		{
			"type" : "Feature",
			"geometry" : {
				"type" : "Point",
				"coordinates" : [ 114.2138371272, 22.328652226 ]
			},
			"properties" : {
				"OBJECTID" : 85,
				"DATASET_EN" : "Aided Primary Schools",
				"DATASET_TC" : "資助小學",
				"NAME_EN" : "JORDAN VALLEY ST. JOSEPH'S CATHOLIC PRIMARY SCHOOL",
				"ADDRESS_EN" : "80 CHOI HA ROAD KOWLOON",
				"NAME_TC" : "佐敦谷聖若瑟天主教小學",
				"ADDRESS_TC" : "九龍彩霞道80號",
				"SEARCH01_EN" : "CO-ED",
				"SEARCH01_TC" : "男女",
				"SEARCH02_EN" : "WHOLE DAY",
				"SEARCH02_TC" : "全日",
				"SEARCH03_EN" : "KWUN TONG",
				"SEARCH03_TC" : "觀塘區",
				"SEARCH04_EN" : "PRIMARY",
				"SEARCH04_TC" : "小學",
				"SEARCH05_EN" : "AIDED",
				"SEARCH05_TC" : "資助",
				"NSEARCH01_EN" : "CATHOLICISM",
				"NSEARCH01_TC" : "天主教",
				"NSEARCH02_EN" : "23050061",
				"NSEARCH02_TC" : "23050061",
				"NSEARCH03_EN" : "23053005",
				"NSEARCH03_TC" : "23053005",
				"NSEARCH04_EN" : "http://www.jvsj.edu.hk",
				"NSEARCH04_TC" : "http://www.jvsj.edu.hk",
				"NSEARCH05_EN" : "575615000123",
				"NSEARCH05_TC" : "575615000123",
				"NORTHING" : 821069,
				"EASTING" : 840076,
				"LATITUDE" : 22.32865193,
				"LONGITUDE" : 114.21383712,
				"LASTUPDATE" : "20231124121935"
			}
		},
		{
			"type" : "Feature",
			"geometry" : {
				"type" : "Point",
				"coordinates" : [ 114.1260945047, 22.3681572078 ]
			},
			"properties" : {
				"OBJECTID" : 86,
				"DATASET_EN" : "Aided Primary Schools",
				"DATASET_TC" : "資助小學",
				"NAME_EN" : "THE CHURCH OF CHRIST IN CHINA CHUEN YUEN SECOND PRIMARY SCHOOL",
				"ADDRESS_EN" : "3 SHEUNG KOK STREET TAI WO HAU TSUEN WAN NEW TERRITORIES",
				"NAME_TC" : "中華基督教會全完第二小學",
				"ADDRESS_TC" : "新界荃灣大窩口上角街三號",
				"SEARCH01_EN" : "CO-ED",
				"SEARCH01_TC" : "男女",
				"SEARCH02_EN" : "WHOLE DAY",
				"SEARCH02_TC" : "全日",
				"SEARCH03_EN" : "KWAI TSING",
				"SEARCH03_TC" : "葵青區",
				"SEARCH04_EN" : "PRIMARY",
				"SEARCH04_TC" : "小學",
				"SEARCH05_EN" : "AIDED",
				"SEARCH05_TC" : "資助",
				"NSEARCH01_EN" : "PROTESTANTISM / CHRISTIANITY",
				"NSEARCH01_TC" : "基督教",
				"NSEARCH02_EN" : "24201220",
				"NSEARCH02_TC" : "24201220",
				"NSEARCH03_EN" : "24101401",
				"NSEARCH03_TC" : "24101401",
				"NSEARCH04_EN" : "http://www.chuenyuen2.edu.hk",
				"NSEARCH04_TC" : "http://www.chuenyuen2.edu.hk",
				"NSEARCH05_EN" : "510769000123",
				"NSEARCH05_TC" : "510769000123",
				"NORTHING" : 825444,
				"EASTING" : 831038,
				"LATITUDE" : 22.36815691,
				"LONGITUDE" : 114.1260945,
				"LASTUPDATE" : "20231124121935"
			}
		},
		{
			"type" : "Feature",
			"geometry" : {
				"type" : "Point",
				"coordinates" : [ 114.1876297613, 22.3348420384 ]
			},
			"properties" : {
				"OBJECTID" : 87,
				"DATASET_EN" : "Aided Primary Schools",
				"DATASET_TC" : "資助小學",
				"NAME_EN" : "BISHOP WALSH PRIMARY SCHOOL",
				"ADDRESS_EN" : "150 JUNCTION ROAD KOWLOON",
				"NAME_TC" : "華德學校",
				"ADDRESS_TC" : "九龍聯合道150號",
				"SEARCH01_EN" : "CO-ED",
				"SEARCH01_TC" : "男女",
				"SEARCH02_EN" : "WHOLE DAY",
				"SEARCH02_TC" : "全日",
				"SEARCH03_EN" : "WONG TAI SIN",
				"SEARCH03_TC" : "黃大仙區",
				"SEARCH04_EN" : "PRIMARY",
				"SEARCH04_TC" : "小學",
				"SEARCH05_EN" : "AIDED",
				"SEARCH05_TC" : "資助",
				"NSEARCH01_EN" : "CATHOLICISM",
				"NSEARCH01_TC" : "天主教",
				"NSEARCH02_EN" : "23367804",
				"NSEARCH02_TC" : "23367804",
				"NSEARCH03_EN" : "23361664",
				"NSEARCH03_TC" : "23361664",
				"NSEARCH04_EN" : "http://www.bishopwalsh.edu.hk",
				"NSEARCH04_TC" : "http://www.bishopwalsh.edu.hk",
				"NSEARCH05_EN" : "510017000123",
				"NSEARCH05_TC" : "510017000123",
				"NORTHING" : 821754,
				"EASTING" : 837376,
				"LATITUDE" : 22.33484175,
				"LONGITUDE" : 114.18762976,
				"LASTUPDATE" : "20231124121934"
			}
		},
		{
			"type" : "Feature",
			"geometry" : {
				"type" : "Point",
				"coordinates" : [ 114.1621597709, 22.3226504459 ]
			},
			"properties" : {
				"OBJECTID" : 88,
				"DATASET_EN" : "Aided Primary Schools",
				"DATASET_TC" : "資助小學",
				"NAME_EN" : "THE CHURCH OF CHRIST IN CHINA KEI TSUN PRIMARY SCHOOL",
				"ADDRESS_EN" : "150 TAI KOK TSUI ROAD KOWLOON",
				"NAME_TC" : "中華基督教會基全小學",
				"ADDRESS_TC" : "九龍大角咀道150號",
				"SEARCH01_EN" : "CO-ED",
				"SEARCH01_TC" : "男女",
				"SEARCH02_EN" : "WHOLE DAY",
				"SEARCH02_TC" : "全日",
				"SEARCH03_EN" : "YAU TSIM MONG",
				"SEARCH03_TC" : "油尖旺區",
				"SEARCH04_EN" : "PRIMARY",
				"SEARCH04_TC" : "小學",
				"SEARCH05_EN" : "AIDED",
				"SEARCH05_TC" : "資助",
				"NSEARCH01_EN" : "PROTESTANTISM / CHRISTIANITY",
				"NSEARCH01_TC" : "基督教",
				"NSEARCH02_EN" : "23928221",
				"NSEARCH02_TC" : "23928221",
				"NSEARCH03_EN" : "23990319",
				"NSEARCH03_TC" : "23990319",
				"NSEARCH04_EN" : "http://www.cccktps.edu.hk",
				"NSEARCH04_TC" : "http://www.cccktps.edu.hk",
				"NSEARCH05_EN" : "512362000123",
				"NSEARCH05_TC" : "512362000123",
				"NORTHING" : 820404,
				"EASTING" : 834752,
				"LATITUDE" : 22.32265015,
				"LONGITUDE" : 114.16215977,
				"LASTUPDATE" : "20231124121934"
			}
		},
		{
			"type" : "Feature",
			"geometry" : {
				"type" : "Point",
				"coordinates" : [ 114.1767675985, 22.3085362839 ]
			},
			"properties" : {
				"OBJECTID" : 89,
				"DATASET_EN" : "Aided Primary Schools",
				"DATASET_TC" : "資助小學",
				"NAME_EN" : "METHODIST SCHOOL",
				"ADDRESS_EN" : "12 WYLIE ROAD KOWLOON (INCLUDING ROOF PLAYGROUNDS AT 4/F AND 5/F)",
				"NAME_TC" : "循道學校",
				"ADDRESS_TC" : "九龍衛理道12號(包括4樓及5樓天台操場)",
				"SEARCH01_EN" : "CO-ED",
				"SEARCH01_TC" : "男女",
				"SEARCH02_EN" : "WHOLE DAY",
				"SEARCH02_TC" : "全日",
				"SEARCH03_EN" : "YAU TSIM MONG",
				"SEARCH03_TC" : "油尖旺區",
				"SEARCH04_EN" : "PRIMARY",
				"SEARCH04_TC" : "小學",
				"SEARCH05_EN" : "AIDED",
				"SEARCH05_TC" : "資助",
				"NSEARCH01_EN" : "PROTESTANTISM / CHRISTIANITY",
				"NSEARCH01_TC" : "基督教",
				"NSEARCH02_EN" : "39762200",
				"NSEARCH02_TC" : "39762200",
				"NSEARCH03_EN" : "27711422",
				"NSEARCH03_TC" : "27711422",
				"NSEARCH04_EN" : "http://www.kmsch.edu.hk",
				"NSEARCH04_TC" : "http://www.kmsch.edu.hk",
				"NSEARCH05_EN" : "510904000223",
				"NSEARCH05_TC" : "510904000223",
				"NORTHING" : 818841,
				"EASTING" : 836257,
				"LATITUDE" : 22.30853599,
				"LONGITUDE" : 114.17676759,
				"LASTUPDATE" : "20231124121934"
			}
		},
		{
			"type" : "Feature",
			"geometry" : {
				"type" : "Point",
				"coordinates" : [ 114.1640620024, 22.3246553978 ]
			},
			"properties" : {
				"OBJECTID" : 90,
				"DATASET_EN" : "Aided Primary Schools",
				"DATASET_TC" : "資助小學",
				"NAME_EN" : "FRESH FISH TRADERS' SCHOOL",
				"ADDRESS_EN" : "33 SYCAMORE STREET TAI KOK TSUI KOWLOON",
				"NAME_TC" : "鮮魚行學校",
				"ADDRESS_TC" : "九龍大角咀詩歌舞街33號",
				"SEARCH01_EN" : "CO-ED",
				"SEARCH01_TC" : "男女",
				"SEARCH02_EN" : "WHOLE DAY",
				"SEARCH02_TC" : "全日",
				"SEARCH03_EN" : "YAU TSIM MONG",
				"SEARCH03_TC" : "油尖旺區",
				"SEARCH04_EN" : "PRIMARY",
				"SEARCH04_TC" : "小學",
				"SEARCH05_EN" : "AIDED",
				"SEARCH05_TC" : "資助",
				"NSEARCH01_EN" : "NOT APPLICABLE",
				"NSEARCH01_TC" : "不適用",
				"NSEARCH02_EN" : "23938958",
				"NSEARCH02_TC" : "23938958",
				"NSEARCH03_EN" : "23966702",
				"NSEARCH03_TC" : "23966702",
				"NSEARCH04_EN" : "http://www.ffts.edu.hk",
				"NSEARCH04_TC" : "http://www.ffts.edu.hk",
				"NSEARCH05_EN" : "511846000123",
				"NSEARCH05_TC" : "511846000123",
				"NORTHING" : 820626,
				"EASTING" : 834948,
				"LATITUDE" : 22.3246551,
				"LONGITUDE" : 114.164062,
				"LASTUPDATE" : "20231124121933"
			}
		},
		{
			"type" : "Feature",
			"geometry" : {
				"type" : "Point",
				"coordinates" : [ 114.175505879, 22.3128980603 ]
			},
			"properties" : {
				"OBJECTID" : 91,
				"DATASET_EN" : "Aided Primary Schools",
				"DATASET_TC" : "資助小學",
				"NAME_EN" : "KOWLOON WOMEN'S WELFARE CLUB LI PING MEMORIAL SCHOOL",
				"ADDRESS_EN" : "33 WYLIE ROAD, KOWLOON",
				"NAME_TC" : "九龍婦女福利會李炳紀念學校",
				"ADDRESS_TC" : "九龍衛理道33號",
				"SEARCH01_EN" : "CO-ED",
				"SEARCH01_TC" : "男女",
				"SEARCH02_EN" : "WHOLE DAY",
				"SEARCH02_TC" : "全日",
				"SEARCH03_EN" : "YAU TSIM MONG",
				"SEARCH03_TC" : "油尖旺區",
				"SEARCH04_EN" : "PRIMARY",
				"SEARCH04_TC" : "小學",
				"SEARCH05_EN" : "AIDED",
				"SEARCH05_TC" : "資助",
				"NSEARCH01_EN" : "NOT APPLICABLE",
				"NSEARCH01_TC" : "不適用",
				"NSEARCH02_EN" : "27711695",
				"NSEARCH02_TC" : "27711695",
				"NSEARCH03_EN" : "27709664",
				"NSEARCH03_TC" : "27709664",
				"NSEARCH04_EN" : "http://www.kwwclpms.edu.hk",
				"NSEARCH04_TC" : "http://www.kwwclpms.edu.hk",
				"NSEARCH05_EN" : "512524000123",
				"NSEARCH05_TC" : "512524000123",
				"NORTHING" : 819324,
				"EASTING" : 836127,
				"LATITUDE" : 22.31289777,
				"LONGITUDE" : 114.17550587,
				"LASTUPDATE" : "20231124121933"
			}
		},
		{
			"type" : "Feature",
			"geometry" : {
				"type" : "Point",
				"coordinates" : [ 114.2421903874, 22.2666300423 ]
			},
			"properties" : {
				"OBJECTID" : 92,
				"DATASET_EN" : "Aided Primary Schools",
				"DATASET_TC" : "資助小學",
				"NAME_EN" : "THE EVANGELICAL LUTHERAN CHURCH OF HONG KONG FAITH LOVE LUTHERAN SCHOOL",
				"ADDRESS_EN" : "ESTATE SCHOOL NO 2 YUE WAN ESTATE CHAI WAN HONG KONG",
				"NAME_TC" : "基督教香港信義會信愛學校",
				"ADDRESS_TC" : "香港柴灣漁灣邨第二座校舍",
				"SEARCH01_EN" : "CO-ED",
				"SEARCH01_TC" : "男女",
				"SEARCH02_EN" : "WHOLE DAY",
				"SEARCH02_TC" : "全日",
				"SEARCH03_EN" : "EASTERN",
				"SEARCH03_TC" : "東區",
				"SEARCH04_EN" : "PRIMARY",
				"SEARCH04_TC" : "小學",
				"SEARCH05_EN" : "AIDED",
				"SEARCH05_TC" : "資助",
				"NSEARCH01_EN" : "PROTESTANTISM / CHRISTIANITY",
				"NSEARCH01_TC" : "基督教",
				"NSEARCH02_EN" : "25562442",
				"NSEARCH02_TC" : "25562442",
				"NSEARCH03_EN" : "28984212",
				"NSEARCH03_TC" : "28984212",
				"NSEARCH04_EN" : "http://www.cwflls.edu.hk",
				"NSEARCH04_TC" : "http://www.cwflls.edu.hk",
				"NSEARCH05_EN" : "511404000123",
				"NSEARCH05_TC" : "511404000123",
				"NORTHING" : 814202,
				"EASTING" : 843000,
				"LATITUDE" : 22.26662975,
				"LONGITUDE" : 114.24219038,
				"LASTUPDATE" : "20231124121933"
			}
		},
		{
			"type" : "Feature",
			"geometry" : {
				"type" : "Point",
				"coordinates" : [ 114.1880222897, 22.266326734 ]
			},
			"properties" : {
				"OBJECTID" : 93,
				"DATASET_EN" : "Aided Primary Schools",
				"DATASET_TC" : "資助小學",
				"NAME_EN" : "PRECIOUS BLOOD PRIMARY SCHOOL",
				"ADDRESS_EN" : "72 SING WOO ROAD HAPPY VALLEY HONG KONG",
				"NAME_TC" : "寶血小學",
				"ADDRESS_TC" : "香港跑馬地成和道72號",
				"SEARCH01_EN" : "CO-ED",
				"SEARCH01_TC" : "男女",
				"SEARCH02_EN" : "WHOLE DAY",
				"SEARCH02_TC" : "全日",
				"SEARCH03_EN" : "WAN CHAI",
				"SEARCH03_TC" : "灣仔區",
				"SEARCH04_EN" : "PRIMARY",
				"SEARCH04_TC" : "小學",
				"SEARCH05_EN" : "AIDED",
				"SEARCH05_TC" : "資助",
				"NSEARCH01_EN" : "CATHOLICISM",
				"NSEARCH01_TC" : "天主教",
				"NSEARCH02_EN" : "25723851",
				"NSEARCH02_TC" : "25723851",
				"NSEARCH03_EN" : "25724421",
				"NSEARCH03_TC" : "25724421",
				"NSEARCH04_EN" : "http://www.preciousbloodhv.edu.hk",
				"NSEARCH04_TC" : "http://www.preciousbloodhv.edu.hk",
				"NSEARCH05_EN" : "513318000123",
				"NSEARCH05_TC" : "513318000123",
				"NORTHING" : 814167,
				"EASTING" : 837417,
				"LATITUDE" : 22.26632644,
				"LONGITUDE" : 114.18802229,
				"LASTUPDATE" : "20231124121933"
			}
		},
		{
			"type" : "Feature",
			"geometry" : {
				"type" : "Point",
				"coordinates" : [ 114.1344018648, 22.2523601811 ]
			},
			"properties" : {
				"OBJECTID" : 94,
				"DATASET_EN" : "Aided Primary Schools",
				"DATASET_TC" : "資助小學",
				"NAME_EN" : "PRECIOUS BLOOD PRIMARY SCHOOL (WAH FU ESTATE)",
				"ADDRESS_EN" : "27 WATERFALL BAY ROAD WAH FU ESTATE HONG KONG",
				"NAME_TC" : "華富邨寶血小學",
				"ADDRESS_TC" : "香港華富邨瀑布灣道27號",
				"SEARCH01_EN" : "CO-ED",
				"SEARCH01_TC" : "男女",
				"SEARCH02_EN" : "WHOLE DAY",
				"SEARCH02_TC" : "全日",
				"SEARCH03_EN" : "SOUTHERN",
				"SEARCH03_TC" : "南區",
				"SEARCH04_EN" : "PRIMARY",
				"SEARCH04_TC" : "小學",
				"SEARCH05_EN" : "AIDED",
				"SEARCH05_TC" : "資助",
				"NSEARCH01_EN" : "CATHOLICISM",
				"NSEARCH01_TC" : "天主教",
				"NSEARCH02_EN" : "25511211",
				"NSEARCH02_TC" : "25511211",
				"NSEARCH03_EN" : "25504313",
				"NSEARCH03_TC" : "25504313",
				"NSEARCH04_EN" : "http://www.pbps.edu.hk",
				"NSEARCH04_TC" : "http://www.pbps.edu.hk",
				"NSEARCH05_EN" : "513326000123",
				"NSEARCH05_TC" : "513326000123",
				"NORTHING" : 812621,
				"EASTING" : 831890,
				"LATITUDE" : 22.25235989,
				"LONGITUDE" : 114.13440186,
				"LASTUPDATE" : "20231124121932"
			}
		},
		{
			"type" : "Feature",
			"geometry" : {
				"type" : "Point",
				"coordinates" : [ 114.1276074458, 22.5106854 ]
			},
			"properties" : {
				"OBJECTID" : 95,
				"DATASET_EN" : "Aided Primary Schools",
				"DATASET_TC" : "資助小學",
				"NAME_EN" : "FUNG KAI NO.1 PRIMARY SCHOOL",
				"ADDRESS_EN" : "15 & 19 JOCKEY CLUB ROAD, SHEUNG SHUI, NEW TERRITORIES",
				"NAME_TC" : "鳳溪第一小學",
				"ADDRESS_TC" : "新界上水馬會道15號及19號",
				"SEARCH01_EN" : "CO-ED",
				"SEARCH01_TC" : "男女",
				"SEARCH02_EN" : "WHOLE DAY",
				"SEARCH02_TC" : "全日",
				"SEARCH03_EN" : "NORTH",
				"SEARCH03_TC" : "北區",
				"SEARCH04_EN" : "PRIMARY",
				"SEARCH04_TC" : "小學",
				"SEARCH05_EN" : "AIDED",
				"SEARCH05_TC" : "資助",
				"NSEARCH01_EN" : "NOT APPLICABLE",
				"NSEARCH01_TC" : "不適用",
				"NSEARCH02_EN" : "26709353",
				"NSEARCH02_TC" : "26709353",
				"NSEARCH03_EN" : "26685381",
				"NSEARCH03_TC" : "26685381",
				"NSEARCH04_EN" : "http://www.fk1ps.edu.hk",
				"NSEARCH04_TC" : "http://www.fk1ps.edu.hk",
				"NSEARCH05_EN" : "114405000123",
				"NSEARCH05_TC" : "114405000123",
				"NORTHING" : 841227,
				"EASTING" : 831199,
				"LATITUDE" : 22.5106851,
				"LONGITUDE" : 114.12760744,
				"LASTUPDATE" : "20231124121932"
			}
		},
		{
			"type" : "Feature",
			"geometry" : {
				"type" : "Point",
				"coordinates" : [ 114.1879492425, 22.3241046534 ]
			},
			"properties" : {
				"OBJECTID" : 96,
				"DATASET_EN" : "Aided Primary Schools",
				"DATASET_TC" : "資助小學",
				"NAME_EN" : "EMMANUEL PRIMARY SCHOOL, KOWLOON",
				"ADDRESS_EN" : "36-38 SHING TAK STREET MA TAU WAI KOWLOON",
				"NAME_TC" : "九龍靈光小學",
				"ADDRESS_TC" : "九龍馬頭圍盛德街36至38號",
				"SEARCH01_EN" : "CO-ED",
				"SEARCH01_TC" : "男女",
				"SEARCH02_EN" : "WHOLE DAY",
				"SEARCH02_TC" : "全日",
				"SEARCH03_EN" : "KOWLOON CITY",
				"SEARCH03_TC" : "九龍城區",
				"SEARCH04_EN" : "PRIMARY",
				"SEARCH04_TC" : "小學",
				"SEARCH05_EN" : "AIDED",
				"SEARCH05_TC" : "資助",
				"NSEARCH01_EN" : "PROTESTANTISM / CHRISTIANITY",
				"NSEARCH01_TC" : "基督教",
				"NSEARCH02_EN" : "27111232",
				"NSEARCH02_TC" : "27111232",
				"NSEARCH03_EN" : "27141224",
				"NSEARCH03_TC" : "27141224",
				"NSEARCH04_EN" : "http://www.eps.edu.hk",
				"NSEARCH04_TC" : "http://www.eps.edu.hk",
				"NSEARCH05_EN" : "134872000123",
				"NSEARCH05_TC" : "134872000123",
				"NORTHING" : 820565,
				"EASTING" : 837409,
				"LATITUDE" : 22.32410436,
				"LONGITUDE" : 114.18794924,
				"LASTUPDATE" : "20231124121932"
			}
		},
		{
			"type" : "Feature",
			"geometry" : {
				"type" : "Point",
				"coordinates" : [ 114.0263659911, 22.4439963696 ]
			},
			"properties" : {
				"OBJECTID" : 97,
				"DATASET_EN" : "Aided Primary Schools",
				"DATASET_TC" : "資助小學",
				"NAME_EN" : "THE CHURCH OF CHRIST IN CHINA CHUN KWONG PRIMARY SCHOOL",
				"ADDRESS_EN" : "CHUNG SING PATH YUEN LONG NEW TERRITORIES",
				"NAME_TC" : "中華基督教會元朗真光小學",
				"ADDRESS_TC" : "新界元朗鐘聲徑",
				"SEARCH01_EN" : "CO-ED",
				"SEARCH01_TC" : "男女",
				"SEARCH02_EN" : "WHOLE DAY",
				"SEARCH02_TC" : "全日",
				"SEARCH03_EN" : "YUEN LONG",
				"SEARCH03_TC" : "元朗區",
				"SEARCH04_EN" : "PRIMARY",
				"SEARCH04_TC" : "小學",
				"SEARCH05_EN" : "AIDED",
				"SEARCH05_TC" : "資助",
				"NSEARCH01_EN" : "PROTESTANTISM / CHRISTIANITY",
				"NSEARCH01_TC" : "基督教",
				"NSEARCH02_EN" : "24762696",
				"NSEARCH02_TC" : "24762696",
				"NSEARCH03_EN" : "24430755",
				"NSEARCH03_TC" : "24430755",
				"NSEARCH04_EN" : "http://www.ckps.edu.hk",
				"NSEARCH04_TC" : "http://www.ckps.edu.hk",
				"NSEARCH05_EN" : "511609000223",
				"NSEARCH05_TC" : "511609000223",
				"NORTHING" : 833849,
				"EASTING" : 820775,
				"LATITUDE" : 22.44399607,
				"LONGITUDE" : 114.02636599,
				"LASTUPDATE" : "20231124121932"
			}
		},
		{
			"type" : "Feature",
			"geometry" : {
				"type" : "Point",
				"coordinates" : [ 114.1811853977, 22.370549164 ]
			},
			"properties" : {
				"OBJECTID" : 98,
				"DATASET_EN" : "Aided Primary Schools",
				"DATASET_TC" : "資助小學",
				"NAME_EN" : "FREE METHODIST BRADBURY CHUN LEI PRIMARY SCHOOL",
				"ADDRESS_EN" : "SUN CHUI ESTATE, SHATIN, NEW TERRITORIES",
				"NAME_TC" : "循理會白普理基金循理小學",
				"ADDRESS_TC" : "新界沙田新翠邨",
				"SEARCH01_EN" : "CO-ED",
				"SEARCH01_TC" : "男女",
				"SEARCH02_EN" : "WHOLE DAY",
				"SEARCH02_TC" : "全日",
				"SEARCH03_EN" : "SHA TIN",
				"SEARCH03_TC" : "沙田區",
				"SEARCH04_EN" : "PRIMARY",
				"SEARCH04_TC" : "小學",
				"SEARCH05_EN" : "AIDED",
				"SEARCH05_TC" : "資助",
				"NSEARCH01_EN" : "PROTESTANTISM / CHRISTIANITY",
				"NSEARCH01_TC" : "基督教",
				"NSEARCH02_EN" : "26057755",
				"NSEARCH02_TC" : "26057755",
				"NSEARCH03_EN" : "26020092",
				"NSEARCH03_TC" : "26020092",
				"NSEARCH04_EN" : "http://www.chunlei.edu.hk",
				"NSEARCH04_TC" : "http://www.chunlei.edu.hk",
				"NSEARCH05_EN" : "114901000123",
				"NSEARCH05_TC" : "114901000123",
				"NORTHING" : 825708,
				"EASTING" : 836712,
				"LATITUDE" : 22.37054887,
				"LONGITUDE" : 114.18118539,
				"LASTUPDATE" : "20231124121931"
			}
		},
		{
			"type" : "Feature",
			"geometry" : {
				"type" : "Point",
				"coordinates" : [ 113.9787995661, 22.391893537 ]
			},
			"properties" : {
				"OBJECTID" : 99,
				"DATASET_EN" : "Aided Primary Schools",
				"DATASET_TC" : "資助小學",
				"NAME_EN" : "THE ASSOCIATION OF DIRECTORS & FORMER DIRECTORS OF POK OI HOSPITAL LTD MRS CHENG YAM ON SCHOOL",
				"ADDRESS_EN" : "3 TUEN LEE STREET TUEN MUN NEW TERRITORIES",
				"NAME_TC" : "博愛醫院歷屆總理聯誼會鄭任安夫人學校",
				"ADDRESS_TC" : "新界屯門屯利街3號",
				"SEARCH01_EN" : "CO-ED",
				"SEARCH01_TC" : "男女",
				"SEARCH02_EN" : "WHOLE DAY",
				"SEARCH02_TC" : "全日",
				"SEARCH03_EN" : "TUEN MUN",
				"SEARCH03_TC" : "屯門區",
				"SEARCH04_EN" : "PRIMARY",
				"SEARCH04_TC" : "小學",
				"SEARCH05_EN" : "AIDED",
				"SEARCH05_TC" : "資助",
				"NSEARCH01_EN" : "NOT APPLICABLE",
				"NSEARCH01_TC" : "不適用",
				"NSEARCH02_EN" : "24512333",
				"NSEARCH02_TC" : "24512333",
				"NSEARCH03_EN" : "26183120",
				"NSEARCH03_TC" : "26183120",
				"NSEARCH04_EN" : "http://www.mcyos.edu.hk",
				"NSEARCH04_TC" : "http://www.mcyos.edu.hk",
				"NSEARCH05_EN" : "115053000123",
				"NSEARCH05_TC" : "115053000123",
				"NORTHING" : 828085,
				"EASTING" : 815871,
				"LATITUDE" : 22.39189324,
				"LONGITUDE" : 113.97879956,
				"LASTUPDATE" : "20231124121931"
			}
		},
		{
			"type" : "Feature",
			"geometry" : {
				"type" : "Point",
				"coordinates" : [ 114.030166572, 22.2097650904 ]
			},
			"properties" : {
				"OBJECTID" : 100,
				"DATASET_EN" : "Aided Primary Schools",
				"DATASET_TC" : "資助小學",
				"NAME_EN" : "CHEUNG CHAU SACRED HEART SCHOOL",
				"ADDRESS_EN" : "C C LOT NOS 916 & 1092 CHURCH ROAD CHEUNG CHAU NEW TERRITORIES",
				"NAME_TC" : "長洲聖心學校",
				"ADDRESS_TC" : "新界長洲教堂路長洲地段第916及1092號",
				"SEARCH01_EN" : "CO-ED",
				"SEARCH01_TC" : "男女",
				"SEARCH02_EN" : "WHOLE DAY",
				"SEARCH02_TC" : "全日",
				"SEARCH03_EN" : "ISLANDS",
				"SEARCH03_TC" : "離島區",
				"SEARCH04_EN" : "PRIMARY",
				"SEARCH04_TC" : "小學",
				"SEARCH05_EN" : "AIDED",
				"SEARCH05_TC" : "資助",
				"NSEARCH01_EN" : "CATHOLICISM",
				"NSEARCH01_TC" : "天主教",
				"NSEARCH02_EN" : "29810330",
				"NSEARCH02_TC" : "29810330",
				"NSEARCH03_EN" : "29819244",
				"NSEARCH03_TC" : "29819244",
				"NSEARCH04_EN" : "http://www.ccshs.edu.hk",
				"NSEARCH04_TC" : "http://www.ccshs.edu.hk",
				"NSEARCH05_EN" : "150550000123",
				"NSEARCH05_TC" : "150550000123",
				"NORTHING" : 807911,
				"EASTING" : 821141,
				"LATITUDE" : 22.2097648,
				"LONGITUDE" : 114.03016657,
				"LASTUPDATE" : "20231124121931"
			}
		},
		{
			"type" : "Feature",
			"geometry" : {
				"type" : "Point",
				"coordinates" : [ 114.1712159813, 22.3143518953 ]
			},
			"properties" : {
				"OBJECTID" : 101,
				"DATASET_EN" : "Aided Primary Schools",
				"DATASET_TC" : "資助小學",
				"NAME_EN" : "TUNG WAH GROUP OF HOSPITALS LO YU CHIK PRIMARY SCHOOL",
				"ADDRESS_EN" : "51 PITT STREET YAUMATEI KOWLOON",
				"NAME_TC" : "東華三院羅裕積小學",
				"ADDRESS_TC" : "九龍油麻地碧街51號",
				"SEARCH01_EN" : "CO-ED",
				"SEARCH01_TC" : "男女",
				"SEARCH02_EN" : "WHOLE DAY",
				"SEARCH02_TC" : "全日",
				"SEARCH03_EN" : "YAU TSIM MONG",
				"SEARCH03_TC" : "油尖旺區",
				"SEARCH04_EN" : "PRIMARY",
				"SEARCH04_TC" : "小學",
				"SEARCH05_EN" : "AIDED",
				"SEARCH05_TC" : "資助",
				"NSEARCH01_EN" : "NOT APPLICABLE",
				"NSEARCH01_TC" : "不適用",
				"NSEARCH02_EN" : "27800039",
				"NSEARCH02_TC" : "27800039",
				"NSEARCH03_EN" : "23841605",
				"NSEARCH03_TC" : "23841605",
				"NSEARCH04_EN" : "http://www.twghlycp.edu.hk",
				"NSEARCH04_TC" : "http://www.twghlycp.edu.hk",
				"NSEARCH05_EN" : "510343000123",
				"NSEARCH05_TC" : "510343000123",
				"NORTHING" : 819485,
				"EASTING" : 835685,
				"LATITUDE" : 22.3143516,
				"LONGITUDE" : 114.17121598,
				"LASTUPDATE" : "20231124121931"
			}
		},
		{
			"type" : "Feature",
			"geometry" : {
				"type" : "Point",
				"coordinates" : [ 113.9966897861, 22.457601909 ]
			},
			"properties" : {
				"OBJECTID" : 102,
				"DATASET_EN" : "Aided Primary Schools",
				"DATASET_TC" : "資助小學",
				"NAME_EN" : "TUNG WAH GROUP OF HOSPITALS YIU DAK CHI MEMORIAL PRIMARY SCHOOL (YUEN LONG)",
				"ADDRESS_EN" : "ESTATE PRIMARY SCHOOL, TIN SHUI ESTATE, PHASE I, TIN SHUI WAI, NEW TERRITORIES",
				"NAME_TC" : "東華三院姚達之紀念小學(元朗)",
				"ADDRESS_TC" : "新界天水圍天瑞邨第一期屋邨小學",
				"SEARCH01_EN" : "CO-ED",
				"SEARCH01_TC" : "男女",
				"SEARCH02_EN" : "WHOLE DAY",
				"SEARCH02_TC" : "全日",
				"SEARCH03_EN" : "YUEN LONG",
				"SEARCH03_TC" : "元朗區",
				"SEARCH04_EN" : "PRIMARY",
				"SEARCH04_TC" : "小學",
				"SEARCH05_EN" : "AIDED",
				"SEARCH05_TC" : "資助",
				"NSEARCH01_EN" : "NOT APPLICABLE",
				"NSEARCH01_TC" : "不適用",
				"NSEARCH02_EN" : "24451264",
				"NSEARCH02_TC" : "24451264",
				"NSEARCH03_EN" : "24451358",
				"NSEARCH03_TC" : "24451358",
				"NSEARCH04_EN" : "http://www.ydc.edu.hk",
				"NSEARCH04_TC" : "http://www.ydc.edu.hk",
				"NSEARCH05_EN" : "115746000123",
				"NSEARCH05_TC" : "115746000123",
				"NORTHING" : 835359,
				"EASTING" : 817722,
				"LATITUDE" : 22.45760161,
				"LONGITUDE" : 113.99668978,
				"LASTUPDATE" : "20231124121930"
			}
		},
		{
			"type" : "Feature",
			"geometry" : {
				"type" : "Point",
				"coordinates" : [ 114.1161909309, 22.3682621669 ]
			},
			"properties" : {
				"OBJECTID" : 103,
				"DATASET_EN" : "Aided Primary Schools",
				"DATASET_TC" : "資助小學",
				"NAME_EN" : "MARY OF PROVIDENCE PRIMARY SCHOOL",
				"ADDRESS_EN" : "68 HO PUI STREET TSUEN WAN NT",
				"NAME_TC" : "天佑小學",
				"ADDRESS_TC" : "荃灣河背街六十八號",
				"SEARCH01_EN" : "CO-ED",
				"SEARCH01_TC" : "男女",
				"SEARCH02_EN" : "WHOLE DAY",
				"SEARCH02_TC" : "全日",
				"SEARCH03_EN" : "TSUEN WAN",
				"SEARCH03_TC" : "荃灣區",
				"SEARCH04_EN" : "PRIMARY",
				"SEARCH04_TC" : "小學",
				"SEARCH05_EN" : "AIDED",
				"SEARCH05_TC" : "資助",
				"NSEARCH01_EN" : "CATHOLICISM",
				"NSEARCH01_TC" : "天主教",
				"NSEARCH02_EN" : "24922929",
				"NSEARCH02_TC" : "24922929",
				"NSEARCH03_EN" : "24906498",
				"NSEARCH03_TC" : "24906498",
				"NSEARCH04_EN" : "http://www.mpschool.edu.hk",
				"NSEARCH04_TC" : "http://www.mpschool.edu.hk",
				"NSEARCH05_EN" : "113174000123",
				"NSEARCH05_TC" : "113174000123",
				"NORTHING" : 825456,
				"EASTING" : 830018,
				"LATITUDE" : 22.36826187,
				"LONGITUDE" : 114.11619093,
				"LASTUPDATE" : "20231124121930"
			}
		},
		{
			"type" : "Feature",
			"geometry" : {
				"type" : "Point",
				"coordinates" : [ 114.1679543861, 22.3223709184 ]
			},
			"properties" : {
				"OBJECTID" : 104,
				"DATASET_EN" : "Aided Primary Schools",
				"DATASET_TC" : "資助小學",
				"NAME_EN" : "S.K.H. KEI WING PRIMARY SCHOOL",
				"ADDRESS_EN" : "23 LAI CHI KOK ROAD KOWLOON",
				"NAME_TC" : "聖公會基榮小學",
				"ADDRESS_TC" : "九龍荔枝角道23號",
				"SEARCH01_EN" : "CO-ED",
				"SEARCH01_TC" : "男女",
				"SEARCH02_EN" : "WHOLE DAY",
				"SEARCH02_TC" : "全日",
				"SEARCH03_EN" : "YAU TSIM MONG",
				"SEARCH03_TC" : "油尖旺區",
				"SEARCH04_EN" : "PRIMARY",
				"SEARCH04_TC" : "小學",
				"SEARCH05_EN" : "AIDED",
				"SEARCH05_TC" : "資助",
				"NSEARCH01_EN" : "PROTESTANTISM / CHRISTIANITY",
				"NSEARCH01_TC" : "基督教",
				"NSEARCH02_EN" : "23800349",
				"NSEARCH02_TC" : "23800349",
				"NSEARCH03_EN" : "23811768",
				"NSEARCH03_TC" : "23811768",
				"NSEARCH04_EN" : "http://www.skhkwps.edu.hk",
				"NSEARCH04_TC" : "http://www.skhkwps.edu.hk",
				"NSEARCH05_EN" : "510947000123",
				"NSEARCH05_TC" : "510947000123",
				"NORTHING" : 820373,
				"EASTING" : 835349,
				"LATITUDE" : 22.32237063,
				"LONGITUDE" : 114.16795438,
				"LASTUPDATE" : "20231124121930"
			}
		},
		{
			"type" : "Feature",
			"geometry" : {
				"type" : "Point",
				"coordinates" : [ 113.9800638587, 22.4043661567 ]
			},
			"properties" : {
				"OBJECTID" : 105,
				"DATASET_EN" : "Aided Primary Schools",
				"DATASET_TC" : "資助小學",
				"NAME_EN" : "S.K.H. MUNG YAN PRIMARY SCHOOL",
				"ADDRESS_EN" : "1 KING FUNG PATH TUEN MUN NEW TERRITORIES",
				"NAME_TC" : "聖公會蒙恩小學",
				"ADDRESS_TC" : "新界屯門景峰徑1號",
				"SEARCH01_EN" : "CO-ED",
				"SEARCH01_TC" : "男女",
				"SEARCH02_EN" : "WHOLE DAY",
				"SEARCH02_TC" : "全日",
				"SEARCH03_EN" : "TUEN MUN",
				"SEARCH03_TC" : "屯門區",
				"SEARCH04_EN" : "PRIMARY",
				"SEARCH04_TC" : "小學",
				"SEARCH05_EN" : "AIDED",
				"SEARCH05_TC" : "資助",
				"NSEARCH01_EN" : "PROTESTANTISM / CHRISTIANITY",
				"NSEARCH01_TC" : "基督教",
				"NSEARCH02_EN" : "24598909",
				"NSEARCH02_TC" : "24598909",
				"NSEARCH03_EN" : "24521214",
				"NSEARCH03_TC" : "24521214",
				"NSEARCH04_EN" : "http://www.skhmungyanps.edu.hk",
				"NSEARCH04_TC" : "http://www.skhmungyanps.edu.hk",
				"NSEARCH05_EN" : "115061000123",
				"NSEARCH05_TC" : "115061000123",
				"NORTHING" : 829466,
				"EASTING" : 816003,
				"LATITUDE" : 22.40436586,
				"LONGITUDE" : 113.98006385,
				"LASTUPDATE" : "20231124121930"
			}
		},
		{
			"type" : "Feature",
			"geometry" : {
				"type" : "Point",
				"coordinates" : [ 114.1312567903, 22.4965900399 ]
			},
			"properties" : {
				"OBJECTID" : 106,
				"DATASET_EN" : "Aided Primary Schools",
				"DATASET_TC" : "資助小學",
				"NAME_EN" : "S.K.H. WING CHUN PRIMARY SCHOOL",
				"ADDRESS_EN" : "NO 3 KAT CHEUNG CRESCENT FANLING NEW TERRITORIES",
				"NAME_TC" : "聖公會榮真小學",
				"ADDRESS_TC" : "新界粉嶺吉祥街3號",
				"SEARCH01_EN" : "CO-ED",
				"SEARCH01_TC" : "男女",
				"SEARCH02_EN" : "WHOLE DAY",
				"SEARCH02_TC" : "全日",
				"SEARCH03_EN" : "NORTH",
				"SEARCH03_TC" : "北區",
				"SEARCH04_EN" : "PRIMARY",
				"SEARCH04_TC" : "小學",
				"SEARCH05_EN" : "AIDED",
				"SEARCH05_TC" : "資助",
				"NSEARCH01_EN" : "PROTESTANTISM / CHRISTIANITY",
				"NSEARCH01_TC" : "基督教",
				"NSEARCH02_EN" : "26703338",
				"NSEARCH02_TC" : "26703338",
				"NSEARCH03_EN" : "26682391",
				"NSEARCH03_TC" : "26682391",
				"NSEARCH04_EN" : "http://www.skhwc.edu.hk",
				"NSEARCH04_TC" : "http://www.skhwc.edu.hk",
				"NSEARCH05_EN" : "115525000123",
				"NSEARCH05_TC" : "115525000123",
				"NORTHING" : 839666,
				"EASTING" : 831574,
				"LATITUDE" : 22.49658974,
				"LONGITUDE" : 114.13125679,
				"LASTUPDATE" : "20231124121930"
			}
		},
		{
			"type" : "Feature",
			"geometry" : {
				"type" : "Point",
				"coordinates" : [ 114.0495383586, 22.4725614742 ]
			},
			"properties" : {
				"OBJECTID" : 107,
				"DATASET_EN" : "Aided Primary Schools",
				"DATASET_TC" : "資助小學",
				"NAME_EN" : "HONG KONG AND MACAU LUTHERAN CHURCH WONG CHAN SOOK YING MEMORIAL SCHOOL",
				"ADDRESS_EN" : "D D 104 LOT 4665 ORCHID ROAD EAST FAIRVIEW PARK TAI SHANG WAI YUEN LONG NEW TERRITORIES",
				"NAME_TC" : "港澳信義會黃陳淑英紀念學校",
				"ADDRESS_TC" : "元朗錦繡花園",
				"SEARCH01_EN" : "CO-ED",
				"SEARCH01_TC" : "男女",
				"SEARCH02_EN" : "WHOLE DAY",
				"SEARCH02_TC" : "全日",
				"SEARCH03_EN" : "YUEN LONG",
				"SEARCH03_TC" : "元朗區",
				"SEARCH04_EN" : "PRIMARY",
				"SEARCH04_TC" : "小學",
				"SEARCH05_EN" : "AIDED",
				"SEARCH05_TC" : "資助",
				"NSEARCH01_EN" : "PROTESTANTISM / CHRISTIANITY",
				"NSEARCH01_TC" : "基督教",
				"NSEARCH02_EN" : "24718502",
				"NSEARCH02_TC" : "24718502",
				"NSEARCH03_EN" : "24823204",
				"NSEARCH03_TC" : "24823204",
				"NSEARCH04_EN" : "http://www.wcsy.edu.hk",
				"NSEARCH04_TC" : "http://www.wcsy.edu.hk",
				"NSEARCH05_EN" : "114847000123",
				"NSEARCH05_TC" : "114847000123",
				"NORTHING" : 837010,
				"EASTING" : 823163,
				"LATITUDE" : 22.47256118,
				"LONGITUDE" : 114.04953835,
				"LASTUPDATE" : "20231124121929"
			}
		},
		{
			"type" : "Feature",
			"geometry" : {
				"type" : "Point",
				"coordinates" : [ 114.2575052305, 22.3084349459 ]
			},
			"properties" : {
				"OBJECTID" : 108,
				"DATASET_EN" : "Aided Primary Schools",
				"DATASET_TC" : "資助小學",
				"NAME_EN" : "TSEUNG KWAN O CATHOLIC PRIMARY SCHOOL",
				"ADDRESS_EN" : "6 TONG YIN STREET TSEUNG KWAN O NEW TERRITORIES",
				"NAME_TC" : "將軍澳天主教小學",
				"ADDRESS_TC" : "新界將軍澳唐賢街六號",
				"SEARCH01_EN" : "CO-ED",
				"SEARCH01_TC" : "男女",
				"SEARCH02_EN" : "WHOLE DAY",
				"SEARCH02_TC" : "全日",
				"SEARCH03_EN" : "SAI KUNG",
				"SEARCH03_TC" : "西貢區",
				"SEARCH04_EN" : "PRIMARY",
				"SEARCH04_TC" : "小學",
				"SEARCH05_EN" : "AIDED",
				"SEARCH05_TC" : "資助",
				"NSEARCH01_EN" : "CATHOLICISM",
				"NSEARCH01_TC" : "天主教",
				"NSEARCH02_EN" : "26235679",
				"NSEARCH02_TC" : "26235679",
				"NSEARCH03_EN" : "26237267",
				"NSEARCH03_TC" : "26237267",
				"NSEARCH04_EN" : "http://www.tkocps.edu.hk",
				"NSEARCH04_TC" : "http://www.tkocps.edu.hk",
				"NSEARCH05_EN" : "529257000123",
				"NSEARCH05_TC" : "529257000123",
				"NORTHING" : 818832,
				"EASTING" : 844576,
				"LATITUDE" : 22.30843465,
				"LONGITUDE" : 114.25750523,
				"LASTUPDATE" : "20231124121929"
			}
		},
		{
			"type" : "Feature",
			"geometry" : {
				"type" : "Point",
				"coordinates" : [ 114.1720988674, 22.3240056292 ]
			},
			"properties" : {
				"OBJECTID" : 109,
				"DATASET_EN" : "Aided Primary Schools",
				"DATASET_TC" : "資助小學",
				"NAME_EN" : "THE CHURCH OF CHRIST IN CHINA HEEP WOH PRIMARY SCHOOL",
				"ADDRESS_EN" : "191B PRINCE EDWARD ROAD KOWLOON",
				"NAME_TC" : "中華基督教會協和小學",
				"ADDRESS_TC" : "九龍太子道191號B",
				"SEARCH01_EN" : "CO-ED",
				"SEARCH01_TC" : "男女",
				"SEARCH02_EN" : "WHOLE DAY",
				"SEARCH02_TC" : "全日",
				"SEARCH03_EN" : "YAU TSIM MONG",
				"SEARCH03_TC" : "油尖旺區",
				"SEARCH04_EN" : "PRIMARY",
				"SEARCH04_TC" : "小學",
				"SEARCH05_EN" : "AIDED",
				"SEARCH05_TC" : "資助",
				"NSEARCH01_EN" : "PROTESTANTISM / CHRISTIANITY",
				"NSEARCH01_TC" : "基督教",
				"NSEARCH02_EN" : "23819119",
				"NSEARCH02_TC" : "23819119",
				"NSEARCH03_EN" : "23819257",
				"NSEARCH03_TC" : "23819257",
				"NSEARCH04_EN" : "http://www.heepwoh.edu.hk",
				"NSEARCH04_TC" : "http://www.heepwoh.edu.hk",
				"NSEARCH05_EN" : "317098000123",
				"NSEARCH05_TC" : "317098000123",
				"NORTHING" : 820554,
				"EASTING" : 835776,
				"LATITUDE" : 22.32400534,
				"LONGITUDE" : 114.17209886,
				"LASTUPDATE" : "20231124121929"
			}
		},
		{
			"type" : "Feature",
			"geometry" : {
				"type" : "Point",
				"coordinates" : [ 114.1232685407, 22.3695831221 ]
			},
			"properties" : {
				"OBJECTID" : 110,
				"DATASET_EN" : "Aided Primary Schools",
				"DATASET_TC" : "資助小學",
				"NAME_EN" : "BUDDHIST LAM BING YIM MEMORIAL SCHOOL (SPONSORED BY THE HONG KONG BUDDHIST ASSOCIATION)",
				"ADDRESS_EN" : "33 TAI HA STREET TSUEN WAN NEW TERRITORIES",
				"NAME_TC" : "佛教林炳炎紀念學校(香港佛教聯合會主辦)",
				"ADDRESS_TC" : "新界荃灣大厦街33號",
				"SEARCH01_EN" : "CO-ED",
				"SEARCH01_TC" : "男女",
				"SEARCH02_EN" : "WHOLE DAY",
				"SEARCH02_TC" : "全日",
				"SEARCH03_EN" : "KWAI TSING",
				"SEARCH03_TC" : "葵青區",
				"SEARCH04_EN" : "PRIMARY",
				"SEARCH04_TC" : "小學",
				"SEARCH05_EN" : "AIDED",
				"SEARCH05_TC" : "資助",
				"NSEARCH01_EN" : "BUDDHISM",
				"NSEARCH01_TC" : "佛教",
				"NSEARCH02_EN" : "24220125",
				"NSEARCH02_TC" : "24220125",
				"NSEARCH03_EN" : "24841417",
				"NSEARCH03_TC" : "24841417",
				"NSEARCH04_EN" : "http://www.blbyms.edu.hk",
				"NSEARCH04_TC" : "http://www.blbyms.edu.hk",
				"NSEARCH05_EN" : "114030000123",
				"NSEARCH05_TC" : "114030000123",
				"NORTHING" : 825602,
				"EASTING" : 830747,
				"LATITUDE" : 22.36958283,
				"LONGITUDE" : 114.12326854,
				"LASTUPDATE" : "20231124121928"
			}
		},
		{
			"type" : "Feature",
			"geometry" : {
				"type" : "Point",
				"coordinates" : [ 114.1311075453, 22.5071465225 ]
			},
			"properties" : {
				"OBJECTID" : 111,
				"DATASET_EN" : "Aided Primary Schools",
				"DATASET_TC" : "資助小學",
				"NAME_EN" : "LEE CHI TAT MEMORIAL SCHOOL",
				"ADDRESS_EN" : "30 TIN PING ROAD, SHEK WU HUI, SHEUNG SHUI, NEW TERRITORIES",
				"NAME_TC" : "李志達紀念學校",
				"ADDRESS_TC" : "新界上水石湖墟天平路30號",
				"SEARCH01_EN" : "CO-ED",
				"SEARCH01_TC" : "男女",
				"SEARCH02_EN" : "WHOLE DAY",
				"SEARCH02_TC" : "全日",
				"SEARCH03_EN" : "NORTH",
				"SEARCH03_TC" : "北區",
				"SEARCH04_EN" : "PRIMARY",
				"SEARCH04_TC" : "小學",
				"SEARCH05_EN" : "AIDED",
				"SEARCH05_TC" : "資助",
				"NSEARCH01_EN" : "NOT APPLICABLE",
				"NSEARCH01_TC" : "不適用",
				"NSEARCH02_EN" : "26738581",
				"NSEARCH02_TC" : "26738581",
				"NSEARCH03_EN" : "26680223",
				"NSEARCH03_TC" : "26680223",
				"NSEARCH04_EN" : "http://www.lctms.edu.hk",
				"NSEARCH04_TC" : "http://www.lctms.edu.hk",
				"NSEARCH05_EN" : "115681000123",
				"NSEARCH05_TC" : "115681000123",
				"NORTHING" : 840835,
				"EASTING" : 831559,
				"LATITUDE" : 22.50714623,
				"LONGITUDE" : 114.13110754,
				"LASTUPDATE" : "20231124121928"
			}
		},
		{
			"type" : "Feature",
			"geometry" : {
				"type" : "Point",
				"coordinates" : [ 114.1338881309, 22.3778582556 ]
			},
			"properties" : {
				"OBJECTID" : 112,
				"DATASET_EN" : "Aided Primary Schools",
				"DATASET_TC" : "資助小學",
				"NAME_EN" : "LEI MUK SHUE CATHOLIC PRIMARY SCHOOL",
				"ADDRESS_EN" : "ESTATE SCHOOL NO 2 LEI MUK SHUE ESTATE TSUEN WAN NEW TERRITORIES",
				"NAME_TC" : "梨木樹天主教小學",
				"ADDRESS_TC" : "新界荃灣梨木樹邨第二號校舍",
				"SEARCH01_EN" : "CO-ED",
				"SEARCH01_TC" : "男女",
				"SEARCH02_EN" : "WHOLE DAY",
				"SEARCH02_TC" : "全日",
				"SEARCH03_EN" : "TSUEN WAN",
				"SEARCH03_TC" : "荃灣區",
				"SEARCH04_EN" : "PRIMARY",
				"SEARCH04_TC" : "小學",
				"SEARCH05_EN" : "AIDED",
				"SEARCH05_TC" : "資助",
				"NSEARCH01_EN" : "CATHOLICISM",
				"NSEARCH01_TC" : "天主教",
				"NSEARCH02_EN" : "24255665",
				"NSEARCH02_TC" : "24255665",
				"NSEARCH03_EN" : "24226654",
				"NSEARCH03_TC" : "24226654",
				"NSEARCH04_EN" : "http://www.lmscps.edu.hk",
				"NSEARCH04_TC" : "http://www.lmscps.edu.hk",
				"NSEARCH05_EN" : "114413000123",
				"NSEARCH05_TC" : "114413000123",
				"NORTHING" : 826518,
				"EASTING" : 831841,
				"LATITUDE" : 22.37785796,
				"LONGITUDE" : 114.13388813,
				"LASTUPDATE" : "20231124121928"
			}
		},
		{
			"type" : "Feature",
			"geometry" : {
				"type" : "Point",
				"coordinates" : [ 114.2105576118, 22.3341345037 ]
			},
			"properties" : {
				"OBJECTID" : 113,
				"DATASET_EN" : "Aided Primary Schools",
				"DATASET_TC" : "資助小學",
				"NAME_EN" : "PING SHEK ESTATE CATHOLIC PRIMARY SCHOOL",
				"ADDRESS_EN" : "ESTATE SCHOOL NO 1 PING SHEK ESTATE KWUN TONG KOWLOON",
				"NAME_TC" : "坪石天主教小學",
				"ADDRESS_TC" : "九龍觀塘坪石邨屋邨小學第一校舍",
				"SEARCH01_EN" : "CO-ED",
				"SEARCH01_TC" : "男女",
				"SEARCH02_EN" : "WHOLE DAY",
				"SEARCH02_TC" : "全日",
				"SEARCH03_EN" : "KWUN TONG",
				"SEARCH03_TC" : "觀塘區",
				"SEARCH04_EN" : "PRIMARY",
				"SEARCH04_TC" : "小學",
				"SEARCH05_EN" : "AIDED",
				"SEARCH05_TC" : "資助",
				"NSEARCH01_EN" : "CATHOLICISM",
				"NSEARCH01_TC" : "天主教",
				"NSEARCH02_EN" : "23212988",
				"NSEARCH02_TC" : "23212988",
				"NSEARCH03_EN" : "23260950",
				"NSEARCH03_TC" : "23260950",
				"NSEARCH04_EN" : "http://www.psec.edu.hk",
				"NSEARCH04_TC" : "http://www.psec.edu.hk",
				"NSEARCH05_EN" : "513164000123",
				"NSEARCH05_TC" : "513164000123",
				"NORTHING" : 821676,
				"EASTING" : 839738,
				"LATITUDE" : 22.33413421,
				"LONGITUDE" : 114.21055761,
				"LASTUPDATE" : "20231124121928"
			}
		},
		{
			"type" : "Feature",
			"geometry" : {
				"type" : "Point",
				"coordinates" : [ 114.0000049538, 22.4635475833 ]
			},
			"properties" : {
				"OBJECTID" : 114,
				"DATASET_EN" : "Aided Primary Schools",
				"DATASET_TC" : "資助小學",
				"NAME_EN" : "CUMBERLAND PRESBYTERIAN CHURCH YAO DAO PRIMARY SCHOOL",
				"ADDRESS_EN" : "TIN FU COURT TIN SHUI WAI YUEN LONG NEW TERRITORIES",
				"NAME_TC" : "金巴崙長老會耀道小學",
				"ADDRESS_TC" : "新界元朗天水圍天富苑",
				"SEARCH01_EN" : "CO-ED",
				"SEARCH01_TC" : "男女",
				"SEARCH02_EN" : "WHOLE DAY",
				"SEARCH02_TC" : "全日",
				"SEARCH03_EN" : "YUEN LONG",
				"SEARCH03_TC" : "元朗區",
				"SEARCH04_EN" : "PRIMARY",
				"SEARCH04_TC" : "小學",
				"SEARCH05_EN" : "AIDED",
				"SEARCH05_TC" : "資助",
				"NSEARCH01_EN" : "PROTESTANTISM / CHRISTIANITY",
				"NSEARCH01_TC" : "基督教",
				"NSEARCH02_EN" : "26177926",
				"NSEARCH02_TC" : "26177926",
				"NSEARCH03_EN" : "26177901",
				"NSEARCH03_TC" : "26177901",
				"NSEARCH04_EN" : "http://www.cpcyd.edu.hk",
				"NSEARCH04_TC" : "http://www.cpcyd.edu.hk",
				"NSEARCH05_EN" : "535621000223",
				"NSEARCH05_TC" : "535621000223",
				"NORTHING" : 836017,
				"EASTING" : 818064,
				"LATITUDE" : 22.46354729,
				"LONGITUDE" : 114.00000495,
				"LASTUPDATE" : "20231124121927"
			}
		},
		{
			"type" : "Feature",
			"geometry" : {
				"type" : "Point",
				"coordinates" : [ 114.2317135476, 22.4196839407 ]
			},
			"properties" : {
				"OBJECTID" : 115,
				"DATASET_EN" : "Aided Primary Schools",
				"DATASET_TC" : "資助小學",
				"NAME_EN" : "PO LEUNG KUK CHONG KEE TING PRIMARY SCHOOL",
				"ADDRESS_EN" : "YIU ON ESTATE MA ON SHAN SHATIN NEW TERRITORIES",
				"NAME_TC" : "保良局莊啟程小學",
				"ADDRESS_TC" : "新界沙田馬鞍山耀安邨",
				"SEARCH01_EN" : "CO-ED",
				"SEARCH01_TC" : "男女",
				"SEARCH02_EN" : "WHOLE DAY",
				"SEARCH02_TC" : "全日",
				"SEARCH03_EN" : "SHA TIN",
				"SEARCH03_TC" : "沙田區",
				"SEARCH04_EN" : "PRIMARY",
				"SEARCH04_TC" : "小學",
				"SEARCH05_EN" : "AIDED",
				"SEARCH05_TC" : "資助",
				"NSEARCH01_EN" : "NOT APPLICABLE",
				"NSEARCH01_TC" : "不適用",
				"NSEARCH02_EN" : "26410221",
				"NSEARCH02_TC" : "26410221",
				"NSEARCH03_EN" : "26414724",
				"NSEARCH03_TC" : "26414724",
				"NSEARCH04_EN" : "http://www.plkcktps.edu.hk",
				"NSEARCH04_TC" : "http://www.plkcktps.edu.hk",
				"NSEARCH05_EN" : "115428000123",
				"NSEARCH05_TC" : "115428000123",
				"NORTHING" : 831150,
				"EASTING" : 841914,
				"LATITUDE" : 22.41968365,
				"LONGITUDE" : 114.23171354,
				"LASTUPDATE" : "20231124121927"
			}
		},
		{
			"type" : "Feature",
			"geometry" : {
				"type" : "Point",
				"coordinates" : [ 114.0610355704, 22.4403288011 ]
			},
			"properties" : {
				"OBJECTID" : 116,
				"DATASET_EN" : "Aided Primary Schools",
				"DATASET_TC" : "資助小學",
				"NAME_EN" : "KAM TIN MUNG YEUNG PUBLIC SCHOOL",
				"ADDRESS_EN" : "KAM TIN YUEN LONG NEW TERRITORIES (INCLUDING RAINSHELTER)",
				"NAME_TC" : "錦田公立蒙養學校",
				"ADDRESS_TC" : "新界元朗錦田(包括避雨亭)",
				"SEARCH01_EN" : "CO-ED",
				"SEARCH01_TC" : "男女",
				"SEARCH02_EN" : "WHOLE DAY",
				"SEARCH02_TC" : "全日",
				"SEARCH03_EN" : "YUEN LONG",
				"SEARCH03_TC" : "元朗區",
				"SEARCH04_EN" : "PRIMARY",
				"SEARCH04_TC" : "小學",
				"SEARCH05_EN" : "AIDED",
				"SEARCH05_TC" : "資助",
				"NSEARCH01_EN" : "NOT APPLICABLE",
				"NSEARCH01_TC" : "不適用",
				"NSEARCH02_EN" : "24762414",
				"NSEARCH02_TC" : "24762414",
				"NSEARCH03_EN" : "24744416",
				"NSEARCH03_TC" : "24744416",
				"NSEARCH04_EN" : "http://www.ktmy.edu.hk",
				"NSEARCH04_TC" : "http://www.ktmy.edu.hk",
				"NSEARCH05_EN" : "512249000123",
				"NSEARCH05_TC" : "512249000123",
				"NORTHING" : 833439.7,
				"EASTING" : 824343.5,
				"LATITUDE" : 22.44032851,
				"LONGITUDE" : 114.06103557,
				"LASTUPDATE" : "20231124121927"
			}
		},
		{
			"type" : "Feature",
			"geometry" : {
				"type" : "Point",
				"coordinates" : [ 113.9980661778, 22.4676813696 ]
			},
			"properties" : {
				"OBJECTID" : 117,
				"DATASET_EN" : "Aided Primary Schools",
				"DATASET_TC" : "資助小學",
				"NAME_EN" : "CHRISTIAN ALLIANCE S Y YEH MEMORIAL PRIMARY SCHOOL",
				"ADDRESS_EN" : "TIN CHAK ESTATE TIN SHUI WAI YUEN LONG NEW TERRITORIES",
				"NAME_TC" : "宣道會葉紹蔭紀念小學",
				"ADDRESS_TC" : "新界元朗天水圍天澤邨",
				"SEARCH01_EN" : "CO-ED",
				"SEARCH01_TC" : "男女",
				"SEARCH02_EN" : "WHOLE DAY",
				"SEARCH02_TC" : "全日",
				"SEARCH03_EN" : "YUEN LONG",
				"SEARCH03_TC" : "元朗區",
				"SEARCH04_EN" : "PRIMARY",
				"SEARCH04_TC" : "小學",
				"SEARCH05_EN" : "AIDED",
				"SEARCH05_TC" : "資助",
				"NSEARCH01_EN" : "PROTESTANTISM / CHRISTIANITY",
				"NSEARCH01_TC" : "基督教",
				"NSEARCH02_EN" : "31522973",
				"NSEARCH02_TC" : "31522973",
				"NSEARCH03_EN" : "29948648",
				"NSEARCH03_TC" : "29948648",
				"NSEARCH04_EN" : "http://www.casyymps.edu.hk",
				"NSEARCH04_TC" : "http://www.casyymps.edu.hk",
				"NSEARCH05_EN" : "535770000123",
				"NSEARCH05_TC" : "535770000123",
				"NORTHING" : 836475,
				"EASTING" : 817865,
				"LATITUDE" : 22.46768107,
				"LONGITUDE" : 113.99806617,
				"LASTUPDATE" : "20231124121927"
			}
		},
		{
			"type" : "Feature",
			"geometry" : {
				"type" : "Point",
				"coordinates" : [ 114.1669455076, 22.4517601381 ]
			},
			"properties" : {
				"OBJECTID" : 118,
				"DATASET_EN" : "Aided Primary Schools",
				"DATASET_TC" : "資助小學",
				"NAME_EN" : "TAI PO OLD MARKET PUBLIC SCHOOL",
				"ADDRESS_EN" : "10 ON CHEUNG ROAD TAI PO NEW TERRITORIES",
				"NAME_TC" : "大埔舊墟公立學校",
				"ADDRESS_TC" : "新界大埔安祥路10號",
				"SEARCH01_EN" : "CO-ED",
				"SEARCH01_TC" : "男女",
				"SEARCH02_EN" : "WHOLE DAY",
				"SEARCH02_TC" : "全日",
				"SEARCH03_EN" : "TAI PO",
				"SEARCH03_TC" : "大埔區",
				"SEARCH04_EN" : "PRIMARY",
				"SEARCH04_TC" : "小學",
				"SEARCH05_EN" : "AIDED",
				"SEARCH05_TC" : "資助",
				"NSEARCH01_EN" : "NOT APPLICABLE",
				"NSEARCH01_TC" : "不適用",
				"NSEARCH02_EN" : "26654610",
				"NSEARCH02_TC" : "26654610",
				"NSEARCH03_EN" : "26620590",
				"NSEARCH03_TC" : "26620590",
				"NSEARCH04_EN" : "http://www.tpomps.edu.hk",
				"NSEARCH04_TC" : "http://www.tpomps.edu.hk",
				"NSEARCH05_EN" : "113328000123",
				"NSEARCH05_TC" : "113328000123",
				"NORTHING" : 834701,
				"EASTING" : 835246,
				"LATITUDE" : 22.45175984,
				"LONGITUDE" : 114.1669455,
				"LASTUPDATE" : "20231124121926"
			}
		},
		{
			"type" : "Feature",
			"geometry" : {
				"type" : "Point",
				"coordinates" : [ 114.0205603549, 22.4407037762 ]
			},
			"properties" : {
				"OBJECTID" : 119,
				"DATASET_EN" : "Aided Primary Schools",
				"DATASET_TC" : "資助小學",
				"NAME_EN" : "YUEN LONG PUBLIC MIDDLE SCHOOL ALUMNI ASSOCIATION PRIMARY SCHOOL",
				"ADDRESS_EN" : "2 TOWN PARK ROAD NORTH YUEN LONG NEW TERRITORIES",
				"NAME_TC" : "元朗公立中學校友會小學",
				"ADDRESS_TC" : "新界元朗公園北路2號",
				"SEARCH01_EN" : "CO-ED",
				"SEARCH01_TC" : "男女",
				"SEARCH02_EN" : "WHOLE DAY",
				"SEARCH02_TC" : "全日",
				"SEARCH03_EN" : "YUEN LONG",
				"SEARCH03_TC" : "元朗區",
				"SEARCH04_EN" : "PRIMARY",
				"SEARCH04_TC" : "小學",
				"SEARCH05_EN" : "AIDED",
				"SEARCH05_TC" : "資助",
				"NSEARCH01_EN" : "NOT APPLICABLE",
				"NSEARCH01_TC" : "不適用",
				"NSEARCH02_EN" : "24750328",
				"NSEARCH02_TC" : "24750328",
				"NSEARCH03_EN" : "24747289",
				"NSEARCH03_TC" : "24747289",
				"NSEARCH04_EN" : "http://www.ylaps.edu.hk",
				"NSEARCH04_TC" : "http://www.ylaps.edu.hk",
				"NSEARCH05_EN" : "115495000123",
				"NSEARCH05_TC" : "115495000123",
				"NORTHING" : 833485,
				"EASTING" : 820177,
				"LATITUDE" : 22.44070348,
				"LONGITUDE" : 114.02056035,
				"LASTUPDATE" : "20231124121926"
			}
		},
		{
			"type" : "Feature",
			"geometry" : {
				"type" : "Point",
				"coordinates" : [ 114.1144705223, 22.3724245893 ]
			},
			"properties" : {
				"OBJECTID" : 120,
				"DATASET_EN" : "Aided Primary Schools",
				"DATASET_TC" : "資助小學",
				"NAME_EN" : "TSUEN WAN CHIU CHOW PUBLIC SCHOOL",
				"ADDRESS_EN" : "80 HOI PA STREET TSUEN WAN NEW TERRITORIES",
				"NAME_TC" : "荃灣潮州公學",
				"ADDRESS_TC" : "新界荃灣海壩街80號",
				"SEARCH01_EN" : "CO-ED",
				"SEARCH01_TC" : "男女",
				"SEARCH02_EN" : "WHOLE DAY",
				"SEARCH02_TC" : "全日",
				"SEARCH03_EN" : "TSUEN WAN",
				"SEARCH03_TC" : "荃灣區",
				"SEARCH04_EN" : "PRIMARY",
				"SEARCH04_TC" : "小學",
				"SEARCH05_EN" : "AIDED",
				"SEARCH05_TC" : "資助",
				"NSEARCH01_EN" : "NOT APPLICABLE",
				"NSEARCH01_TC" : "不適用",
				"NSEARCH02_EN" : "24905410",
				"NSEARCH02_TC" : "24905410",
				"NSEARCH03_EN" : "24904732",
				"NSEARCH03_TC" : "24904732",
				"NSEARCH04_EN" : "http://www.twccps.edu.hk",
				"NSEARCH04_TC" : "http://www.twccps.edu.hk",
				"NSEARCH05_EN" : "113107000123",
				"NSEARCH05_TC" : "113107000123",
				"NORTHING" : 825917,
				"EASTING" : 829841,
				"LATITUDE" : 22.3724243,
				"LONGITUDE" : 114.11447052,
				"LASTUPDATE" : "20231124121926"
			}
		},
		{
			"type" : "Feature",
			"geometry" : {
				"type" : "Point",
				"coordinates" : [ 114.1040155606, 22.3492930025 ]
			},
			"properties" : {
				"OBJECTID" : 121,
				"DATASET_EN" : "Aided Primary Schools",
				"DATASET_TC" : "資助小學",
				"NAME_EN" : "TSING YI TRADE ASSOCIATION PRIMARY SCHOOL",
				"ADDRESS_EN" : "12 CHING HONG ROAD CHEUNG HONG ESTATE TSING YI NEW TERRITORIES",
				"NAME_TC" : "青衣商會小學",
				"ADDRESS_TC" : "新界青衣長康邨青康路12號",
				"SEARCH01_EN" : "CO-ED",
				"SEARCH01_TC" : "男女",
				"SEARCH02_EN" : "WHOLE DAY",
				"SEARCH02_TC" : "全日",
				"SEARCH03_EN" : "KWAI TSING",
				"SEARCH03_TC" : "葵青區",
				"SEARCH04_EN" : "PRIMARY",
				"SEARCH04_TC" : "小學",
				"SEARCH05_EN" : "AIDED",
				"SEARCH05_TC" : "資助",
				"NSEARCH01_EN" : "NOT APPLICABLE",
				"NSEARCH01_TC" : "不適用",
				"NSEARCH02_EN" : "24979288",
				"NSEARCH02_TC" : "24979288",
				"NSEARCH03_EN" : "24970140",
				"NSEARCH03_TC" : "24970140",
				"NSEARCH04_EN" : "http://www.tytaps.edu.hk",
				"NSEARCH04_TC" : "http://www.tytaps.edu.hk",
				"NSEARCH05_EN" : "114936000123",
				"NSEARCH05_TC" : "114936000123",
				"NORTHING" : 823356,
				"EASTING" : 828763,
				"LATITUDE" : 22.34929271,
				"LONGITUDE" : 114.10401556,
				"LASTUPDATE" : "20231124121925"
			}
		},
		{
			"type" : "Feature",
			"geometry" : {
				"type" : "Point",
				"coordinates" : [ 114.1774670309, 22.4538555036 ]
			},
			"properties" : {
				"OBJECTID" : 122,
				"DATASET_EN" : "Aided Primary Schools",
				"DATASET_TC" : "資助小學",
				"NAME_EN" : "HONG KONG AND KOWLOON KAIFONG WOMEN'S ASSOCIATION SUN FONG CHUNG PRIMARY SCHOOL",
				"ADDRESS_EN" : "ESTATE PRIMARY SCHOOL NO 3 FU SHIN ESTATE PHASE III AREA 17 TAI PO NEW TERRITORIES",
				"NAME_TC" : "港九街坊婦女會孫方中小學",
				"ADDRESS_TC" : "新界大埔第十七區富善邨屋邨小學第三校舍",
				"SEARCH01_EN" : "CO-ED",
				"SEARCH01_TC" : "男女",
				"SEARCH02_EN" : "WHOLE DAY",
				"SEARCH02_TC" : "全日",
				"SEARCH03_EN" : "TAI PO",
				"SEARCH03_TC" : "大埔區",
				"SEARCH04_EN" : "PRIMARY",
				"SEARCH04_TC" : "小學",
				"SEARCH05_EN" : "AIDED",
				"SEARCH05_TC" : "資助",
				"NSEARCH01_EN" : "NOT APPLICABLE",
				"NSEARCH01_TC" : "不適用",
				"NSEARCH02_EN" : "26618896",
				"NSEARCH02_TC" : "26618896",
				"NSEARCH03_EN" : "26678037",
				"NSEARCH03_TC" : "26678037",
				"NSEARCH04_EN" : "http://www.sfc.edu.hk",
				"NSEARCH04_TC" : "http://www.sfc.edu.hk",
				"NSEARCH05_EN" : "115290000123",
				"NSEARCH05_TC" : "115290000123",
				"NORTHING" : 834933,
				"EASTING" : 836329,
				"LATITUDE" : 22.45385521,
				"LONGITUDE" : 114.17746703,
				"LASTUPDATE" : "20231124121925"
			}
		},
		{
			"type" : "Feature",
			"geometry" : {
				"type" : "Point",
				"coordinates" : [ 114.1913929722, 22.3047788971 ]
			},
			"properties" : {
				"OBJECTID" : 123,
				"DATASET_EN" : "Aided Primary Schools",
				"DATASET_TC" : "資助小學",
				"NAME_EN" : "S.K.H. FUNG KEI PRIMARY SCHOOL",
				"ADDRESS_EN" : "4 TAK TING STREET WHAMPOA GARDEN HUNG HOM KOWLOON",
				"NAME_TC" : "聖公會奉基小學",
				"ADDRESS_TC" : "九龍紅磡黃埔花園德定街4號",
				"SEARCH01_EN" : "CO-ED",
				"SEARCH01_TC" : "男女",
				"SEARCH02_EN" : "WHOLE DAY",
				"SEARCH02_TC" : "全日",
				"SEARCH03_EN" : "KOWLOON CITY",
				"SEARCH03_TC" : "九龍城區",
				"SEARCH04_EN" : "PRIMARY",
				"SEARCH04_TC" : "小學",
				"SEARCH05_EN" : "AIDED",
				"SEARCH05_TC" : "資助",
				"NSEARCH01_EN" : "PROTESTANTISM / CHRISTIANITY",
				"NSEARCH01_TC" : "基督教",
				"NSEARCH02_EN" : "27648909",
				"NSEARCH02_TC" : "27648909",
				"NSEARCH03_EN" : "23648612",
				"NSEARCH03_TC" : "23648612",
				"NSEARCH04_EN" : "http://www.fungkei.edu.hk",
				"NSEARCH04_TC" : "http://www.fungkei.edu.hk",
				"NSEARCH05_EN" : "513458000123",
				"NSEARCH05_TC" : "513458000123",
				"NORTHING" : 818425,
				"EASTING" : 837764,
				"LATITUDE" : 22.3047786,
				"LONGITUDE" : 114.19139297,
				"LASTUPDATE" : "20231124121925"
			}
		},
		{
			"type" : "Feature",
			"geometry" : {
				"type" : "Point",
				"coordinates" : [ 114.168489927, 22.4566095741 ]
			},
			"properties" : {
				"OBJECTID" : 124,
				"DATASET_EN" : "Aided Primary Schools",
				"DATASET_TC" : "資助小學",
				"NAME_EN" : "HONG KONG TAOIST ASSOCIATION WUN TSUEN NG LAI WO MEMORIAL SCHOOL",
				"ADDRESS_EN" : "ESTATE PRIMARY SCHOOL NO.3, TAI YUEN ESTATE, AREA 16, TAI PO, NEW TERRITORIES",
				"NAME_TC" : "香港道教聯合會雲泉吳禮和紀念學校",
				"ADDRESS_TC" : "新界大埔大元邨",
				"SEARCH01_EN" : "CO-ED",
				"SEARCH01_TC" : "男女",
				"SEARCH02_EN" : "WHOLE DAY",
				"SEARCH02_TC" : "全日",
				"SEARCH03_EN" : "TAI PO",
				"SEARCH03_TC" : "大埔區",
				"SEARCH04_EN" : "PRIMARY",
				"SEARCH04_TC" : "小學",
				"SEARCH05_EN" : "AIDED",
				"SEARCH05_TC" : "資助",
				"NSEARCH01_EN" : "TAOISM",
				"NSEARCH01_TC" : "道教",
				"NSEARCH02_EN" : "26672111",
				"NSEARCH02_TC" : "26672111",
				"NSEARCH03_EN" : "26646563",
				"NSEARCH03_TC" : "26646563",
				"NSEARCH04_EN" : "http://www.nlw.edu.hk",
				"NSEARCH04_TC" : "http://www.nlw.edu.hk",
				"NSEARCH05_EN" : "115045000123",
				"NSEARCH05_TC" : "115045000123",
				"NORTHING" : 835238,
				"EASTING" : 835405,
				"LATITUDE" : 22.45660928,
				"LONGITUDE" : 114.16848992,
				"LASTUPDATE" : "20231124121925"
			}
		},
		{
			"type" : "Feature",
			"geometry" : {
				"type" : "Point",
				"coordinates" : [ 114.2282484025, 22.4261147801 ]
			},
			"properties" : {
				"OBJECTID" : 125,
				"DATASET_EN" : "Aided Primary Schools",
				"DATASET_TC" : "資助小學",
				"NAME_EN" : "HONG KONG TAOIST ASSOCIATION SHUN YEUNG PRIMARY SCHOOL",
				"ADDRESS_EN" : "30 ON CHUN STREET, MA ON SHAN, SHATIN, NEW TERRITORIES",
				"NAME_TC" : "香港道教聯合會純陽小學",
				"ADDRESS_TC" : "新界沙田馬鞍山鞍駿街30號",
				"SEARCH01_EN" : "CO-ED",
				"SEARCH01_TC" : "男女",
				"SEARCH02_EN" : "WHOLE DAY",
				"SEARCH02_TC" : "全日",
				"SEARCH03_EN" : "SHA TIN",
				"SEARCH03_TC" : "沙田區",
				"SEARCH04_EN" : "PRIMARY",
				"SEARCH04_TC" : "小學",
				"SEARCH05_EN" : "AIDED",
				"SEARCH05_TC" : "資助",
				"NSEARCH01_EN" : "TAOISM",
				"NSEARCH01_TC" : "道教",
				"NSEARCH02_EN" : "26422355",
				"NSEARCH02_TC" : "26422355",
				"NSEARCH03_EN" : "26335202",
				"NSEARCH03_TC" : "26335202",
				"NSEARCH04_EN" : "http://www.syps.edu.hk",
				"NSEARCH04_TC" : "http://www.syps.edu.hk",
				"NSEARCH05_EN" : "516899000123",
				"NSEARCH05_TC" : "516899000123",
				"NORTHING" : 831862,
				"EASTING" : 841557,
				"LATITUDE" : 22.42611448,
				"LONGITUDE" : 114.2282484,
				"LASTUPDATE" : "20231124121924"
			}
		},
		{
			"type" : "Feature",
			"geometry" : {
				"type" : "Point",
				"coordinates" : [ 114.1633995907, 22.4505678627 ]
			},
			"properties" : {
				"OBJECTID" : 126,
				"DATASET_EN" : "Aided Primary Schools",
				"DATASET_TC" : "資助小學",
				"NAME_EN" : "LAM TSUEN PUBLIC WONG FOOK LUEN MEMORIAL SCHOOL",
				"ADDRESS_EN" : "ESTATE PRIMARY SCHOOL 1, TAI WO ESTATE, PHASE 1, TAI PO, NEW TERRITORIES",
				"NAME_TC" : "林村公立黃福鑾紀念學校",
				"ADDRESS_TC" : "新界大埔太和邨第一期屋邨第一小學",
				"SEARCH01_EN" : "CO-ED",
				"SEARCH01_TC" : "男女",
				"SEARCH02_EN" : "WHOLE DAY",
				"SEARCH02_TC" : "全日",
				"SEARCH03_EN" : "TAI PO",
				"SEARCH03_TC" : "大埔區",
				"SEARCH04_EN" : "PRIMARY",
				"SEARCH04_TC" : "小學",
				"SEARCH05_EN" : "AIDED",
				"SEARCH05_TC" : "資助",
				"NSEARCH01_EN" : "NOT APPLICABLE",
				"NSEARCH01_TC" : "不適用",
				"NSEARCH02_EN" : "26503355",
				"NSEARCH02_TC" : "26503355",
				"NSEARCH03_EN" : "26568786",
				"NSEARCH03_TC" : "26568786",
				"NSEARCH04_EN" : "http://www.wfl.edu.hk",
				"NSEARCH04_TC" : "http://www.wfl.edu.hk",
				"NSEARCH05_EN" : "115401000123",
				"NSEARCH05_TC" : "115401000123",
				"NORTHING" : 834569,
				"EASTING" : 834881,
				"LATITUDE" : 22.45056757,
				"LONGITUDE" : 114.16339959,
				"LASTUPDATE" : "20231124121924"
			}
		},
		{
			"type" : "Feature",
			"geometry" : {
				"type" : "Point",
				"coordinates" : [ 114.0028164999, 22.4606338198 ]
			},
			"properties" : {
				"OBJECTID" : 127,
				"DATASET_EN" : "Aided Primary Schools",
				"DATASET_TC" : "資助小學",
				"NAME_EN" : "SHAP PAT HEUNG RURAL COMMITTEE KUNG YIK SHE PRIMARY SCHOOL",
				"ADDRESS_EN" : "AREA 27 TIN SHUI WAI YUEN LONG NEW TERRITORIES",
				"NAME_TC" : "十八鄉鄉事委員會公益社小學",
				"ADDRESS_TC" : "新界元朗天水圍第27區",
				"SEARCH01_EN" : "CO-ED",
				"SEARCH01_TC" : "男女",
				"SEARCH02_EN" : "WHOLE DAY",
				"SEARCH02_TC" : "全日",
				"SEARCH03_EN" : "YUEN LONG",
				"SEARCH03_TC" : "元朗區",
				"SEARCH04_EN" : "PRIMARY",
				"SEARCH04_TC" : "小學",
				"SEARCH05_EN" : "AIDED",
				"SEARCH05_TC" : "資助",
				"NSEARCH01_EN" : "NOT APPLICABLE",
				"NSEARCH01_TC" : "不適用",
				"NSEARCH02_EN" : "24486623",
				"NSEARCH02_TC" : "24486623",
				"NSEARCH03_EN" : "24481160",
				"NSEARCH03_TC" : "24481160",
				"NSEARCH04_EN" : "http://www.kysps.edu.hk",
				"NSEARCH04_TC" : "http://www.kysps.edu.hk",
				"NSEARCH05_EN" : "540188000123",
				"NSEARCH05_TC" : "540188000123",
				"NORTHING" : 835694,
				"EASTING" : 818353,
				"LATITUDE" : 22.46063352,
				"LONGITUDE" : 114.0028165,
				"LASTUPDATE" : "20231124121924"
			}
		},
		{
			"type" : "Feature",
			"geometry" : {
				"type" : "Point",
				"coordinates" : [ 114.0006852181, 22.4711158018 ]
			},
			"properties" : {
				"OBJECTID" : 128,
				"DATASET_EN" : "Aided Primary Schools",
				"DATASET_TC" : "資助小學",
				"NAME_EN" : "SHUN TAK FRATERNAL ASSOCIATION WU MIEN TUEN PRIMARY SCHOOL",
				"ADDRESS_EN" : "TIN HENG ESTATE, TIN SHUI WAI, NEW TERRITORIES",
				"NAME_TC" : "順德聯誼總會伍冕端小學",
				"ADDRESS_TC" : "新界天水圍天恆邨",
				"SEARCH01_EN" : "CO-ED",
				"SEARCH01_TC" : "男女",
				"SEARCH02_EN" : "WHOLE DAY",
				"SEARCH02_TC" : "全日",
				"SEARCH03_EN" : "YUEN LONG",
				"SEARCH03_TC" : "元朗區",
				"SEARCH04_EN" : "PRIMARY",
				"SEARCH04_TC" : "小學",
				"SEARCH05_EN" : "AIDED",
				"SEARCH05_TC" : "資助",
				"NSEARCH01_EN" : "NOT APPLICABLE",
				"NSEARCH01_TC" : "不適用",
				"NSEARCH02_EN" : "31570630",
				"NSEARCH02_TC" : "31570630",
				"NSEARCH03_EN" : "31570629",
				"NSEARCH03_TC" : "31570629",
				"NSEARCH04_EN" : "http://www.stfawmtps.edu.hk",
				"NSEARCH04_TC" : "http://www.stfawmtps.edu.hk",
				"NSEARCH05_EN" : "540170000123",
				"NSEARCH05_TC" : "540170000123",
				"NORTHING" : 836855,
				"EASTING" : 818135,
				"LATITUDE" : 22.47111551,
				"LONGITUDE" : 114.00068521,
				"LASTUPDATE" : "20231124121924"
			}
		},
		{
			"type" : "Feature",
			"geometry" : {
				"type" : "Point",
				"coordinates" : [ 113.9949959294, 22.4601736747 ]
			},
			"properties" : {
				"OBJECTID" : 129,
				"DATASET_EN" : "Aided Primary Schools",
				"DATASET_TC" : "資助小學",
				"NAME_EN" : "TUNG WAH GROUP OF HOSPITALS LEO TUNG-HAI LEE PRIMARY SCHOOL",
				"ADDRESS_EN" : "19 TIN TAN STREET TIN SHUI WAI YUEN LONG NEW TERRITORIES",
				"NAME_TC" : "東華三院李東海小學",
				"ADDRESS_TC" : "新界元朗天水圍天壇街19號",
				"SEARCH01_EN" : "CO-ED",
				"SEARCH01_TC" : "男女",
				"SEARCH02_EN" : "WHOLE DAY",
				"SEARCH02_TC" : "全日",
				"SEARCH03_EN" : "YUEN LONG",
				"SEARCH03_TC" : "元朗區",
				"SEARCH04_EN" : "PRIMARY",
				"SEARCH04_TC" : "小學",
				"SEARCH05_EN" : "AIDED",
				"SEARCH05_TC" : "資助",
				"NSEARCH01_EN" : "NOT APPLICABLE",
				"NSEARCH01_TC" : "不適用",
				"NSEARCH02_EN" : "24461188",
				"NSEARCH02_TC" : "24461188",
				"NSEARCH03_EN" : "24482332",
				"NSEARCH03_TC" : "24482332",
				"NSEARCH04_EN" : "http://www.twghlthlp.edu.hk",
				"NSEARCH04_TC" : "http://www.twghlthlp.edu.hk",
				"NSEARCH05_EN" : "529591000123",
				"NSEARCH05_TC" : "529591000123",
				"NORTHING" : 835644,
				"EASTING" : 817548,
				"LATITUDE" : 22.46017338,
				"LONGITUDE" : 113.99499593,
				"LASTUPDATE" : "20231124121923"
			}
		},
		{
			"type" : "Feature",
			"geometry" : {
				"type" : "Point",
				"coordinates" : [ 114.0215259888, 22.4459152674 ]
			},
			"properties" : {
				"OBJECTID" : 130,
				"DATASET_EN" : "Aided Primary Schools",
				"DATASET_TC" : "資助小學",
				"NAME_EN" : "S.K.H. LING OI PRIMARY SCHOOL",
				"ADDRESS_EN" : "15 MA MIU ROAD YUEN LONG NEW TERRITORIES",
				"NAME_TC" : "聖公會靈愛小學",
				"ADDRESS_TC" : "新界元朗媽廟路15號",
				"SEARCH01_EN" : "CO-ED",
				"SEARCH01_TC" : "男女",
				"SEARCH02_EN" : "WHOLE DAY",
				"SEARCH02_TC" : "全日",
				"SEARCH03_EN" : "YUEN LONG",
				"SEARCH03_TC" : "元朗區",
				"SEARCH04_EN" : "PRIMARY",
				"SEARCH04_TC" : "小學",
				"SEARCH05_EN" : "AIDED",
				"SEARCH05_TC" : "資助",
				"NSEARCH01_EN" : "PROTESTANTISM / CHRISTIANITY",
				"NSEARCH01_TC" : "基督教",
				"NSEARCH02_EN" : "24774109",
				"NSEARCH02_TC" : "24774109",
				"NSEARCH03_EN" : "24741700",
				"NSEARCH03_TC" : "24741700",
				"NSEARCH04_EN" : "http://www.lingoi.edu.hk",
				"NSEARCH04_TC" : "http://www.lingoi.edu.hk",
				"NSEARCH05_EN" : "510955000123",
				"NSEARCH05_TC" : "510955000123",
				"NORTHING" : 834062,
				"EASTING" : 820277,
				"LATITUDE" : 22.44591497,
				"LONGITUDE" : 114.02152598,
				"LASTUPDATE" : "20231124121923"
			}
		},
		{
			"type" : "Feature",
			"geometry" : {
				"type" : "Point",
				"coordinates" : [ 114.1968826866, 22.3496603211 ]
			},
			"properties" : {
				"OBJECTID" : 131,
				"DATASET_EN" : "Aided Primary Schools",
				"DATASET_TC" : "資助小學",
				"NAME_EN" : "ISLAMIC DHARWOOD PAU MEMORIAL PRIMARY SCHOOL",
				"ADDRESS_EN" : "TSZ LOK ESTATE PHASE 1 TSZ WAN SHAN KOWLOON",
				"NAME_TC" : "伊斯蘭鮑伯濤紀念小學",
				"ADDRESS_TC" : "九龍慈雲山慈樂邨第一期",
				"SEARCH01_EN" : "CO-ED",
				"SEARCH01_TC" : "男女",
				"SEARCH02_EN" : "WHOLE DAY",
				"SEARCH02_TC" : "全日",
				"SEARCH03_EN" : "WONG TAI SIN",
				"SEARCH03_TC" : "黃大仙區",
				"SEARCH04_EN" : "PRIMARY",
				"SEARCH04_TC" : "小學",
				"SEARCH05_EN" : "AIDED",
				"SEARCH05_TC" : "資助",
				"NSEARCH01_EN" : "ISLAM",
				"NSEARCH01_TC" : "伊斯蘭教",
				"NSEARCH02_EN" : "23201300",
				"NSEARCH02_TC" : "23201300",
				"NSEARCH03_EN" : "23226566",
				"NSEARCH03_TC" : "23226566",
				"NSEARCH04_EN" : "http://www.idpmps.edu.hk",
				"NSEARCH04_TC" : "http://www.idpmps.edu.hk",
				"NSEARCH05_EN" : "518484000123",
				"NSEARCH05_TC" : "518484000123",
				"NORTHING" : 823395,
				"EASTING" : 838329,
				"LATITUDE" : 22.34966003,
				"LONGITUDE" : 114.19688268,
				"LASTUPDATE" : "20231124121923"
			}
		},
		{
			"type" : "Feature",
			"geometry" : {
				"type" : "Point",
				"coordinates" : [ 114.1471233178, 22.2841328311 ]
			},
			"properties" : {
				"OBJECTID" : 132,
				"DATASET_EN" : "Aided Primary Schools",
				"DATASET_TC" : "資助小學",
				"NAME_EN" : "CATHOLIC MISSION SCHOOL",
				"ADDRESS_EN" : "RUTTER STREET HONG KONG",
				"NAME_TC" : "天主教總堂區學校",
				"ADDRESS_TC" : "香港律打街",
				"SEARCH01_EN" : "CO-ED",
				"SEARCH01_TC" : "男女",
				"SEARCH02_EN" : "WHOLE DAY",
				"SEARCH02_TC" : "全日",
				"SEARCH03_EN" : "CENTRAL AND WESTERN",
				"SEARCH03_TC" : "中西區",
				"SEARCH04_EN" : "PRIMARY",
				"SEARCH04_TC" : "小學",
				"SEARCH05_EN" : "AIDED",
				"SEARCH05_TC" : "資助",
				"NSEARCH01_EN" : "CATHOLICISM",
				"NSEARCH01_TC" : "天主教",
				"NSEARCH02_EN" : "25477618",
				"NSEARCH02_TC" : "25477618",
				"NSEARCH03_EN" : "25591595",
				"NSEARCH03_TC" : "25591595",
				"NSEARCH04_EN" : "http://www.cms.edu.hk",
				"NSEARCH04_TC" : "http://www.cms.edu.hk",
				"NSEARCH05_EN" : "511382000123",
				"NSEARCH05_TC" : "511382000123",
				"NORTHING" : 816139,
				"EASTING" : 833202,
				"LATITUDE" : 22.28413254,
				"LONGITUDE" : 114.14712331,
				"LASTUPDATE" : "20231124121923"
			}
		},
		{
			"type" : "Feature",
			"geometry" : {
				"type" : "Point",
				"coordinates" : [ 114.1703653808, 22.4487802634 ]
			},
			"properties" : {
				"OBJECTID" : 133,
				"DATASET_EN" : "Aided Primary Schools",
				"DATASET_TC" : "資助小學",
				"NAME_EN" : "TAI PO OLD MARKET PUBLIC SCHOOL (PLOVER COVE)",
				"ADDRESS_EN" : "7 PLOVER COVE ROAD TAI PO NEW TERRITORIES",
				"NAME_TC" : "大埔舊墟公立學校(寶湖道)",
				"ADDRESS_TC" : "新界大埔寶湖道7號",
				"SEARCH01_EN" : "CO-ED",
				"SEARCH01_TC" : "男女",
				"SEARCH02_EN" : "WHOLE DAY",
				"SEARCH02_TC" : "全日",
				"SEARCH03_EN" : "TAI PO",
				"SEARCH03_TC" : "大埔區",
				"SEARCH04_EN" : "PRIMARY",
				"SEARCH04_TC" : "小學",
				"SEARCH05_EN" : "AIDED",
				"SEARCH05_TC" : "資助",
				"NSEARCH01_EN" : "NOT APPLICABLE",
				"NSEARCH01_TC" : "不適用",
				"NSEARCH02_EN" : "26652333",
				"NSEARCH02_TC" : "26652333",
				"NSEARCH03_EN" : "26653113",
				"NSEARCH03_TC" : "26653113",
				"NSEARCH04_EN" : "http://www.tpompspc.edu.hk",
				"NSEARCH04_TC" : "http://www.tpompspc.edu.hk",
				"NSEARCH05_EN" : "543225000123",
				"NSEARCH05_TC" : "543225000123",
				"NORTHING" : 834371,
				"EASTING" : 835598,
				"LATITUDE" : 22.44877997,
				"LONGITUDE" : 114.17036538,
				"LASTUPDATE" : "20231124121923"
			}
		},
		{
			"type" : "Feature",
			"geometry" : {
				"type" : "Point",
				"coordinates" : [ 114.0867405155, 22.4315973882 ]
			},
			"properties" : {
				"OBJECTID" : 134,
				"DATASET_EN" : "Aided Primary Schools",
				"DATASET_TC" : "資助小學",
				"NAME_EN" : "PAT HEUNG CENTRAL PRIMARY SCHOOL",
				"ADDRESS_EN" : "199 LIN FA TEI KAM TIN PAT HEUNG YUEN LONG NEW TERRITORIES",
				"NAME_TC" : "八鄉中心小學",
				"ADDRESS_TC" : "新界元朗八鄉錦田蓮花地199號",
				"SEARCH01_EN" : "CO-ED",
				"SEARCH01_TC" : "男女",
				"SEARCH02_EN" : "WHOLE DAY",
				"SEARCH02_TC" : "全日",
				"SEARCH03_EN" : "YUEN LONG",
				"SEARCH03_TC" : "元朗區",
				"SEARCH04_EN" : "PRIMARY",
				"SEARCH04_TC" : "小學",
				"SEARCH05_EN" : "AIDED",
				"SEARCH05_TC" : "資助",
				"NSEARCH01_EN" : "NOT APPLICABLE",
				"NSEARCH01_TC" : "不適用",
				"NSEARCH02_EN" : "24881520",
				"NSEARCH02_TC" : "24881520",
				"NSEARCH03_EN" : "24881847",
				"NSEARCH03_TC" : "24881847",
				"NSEARCH04_EN" : "http://www.phcps.edu.hk",
				"NSEARCH04_TC" : "http://www.phcps.edu.hk",
				"NSEARCH05_EN" : "513148000123",
				"NSEARCH05_TC" : "513148000123",
				"NORTHING" : 832471,
				"EASTING" : 826989,
				"LATITUDE" : 22.43159709,
				"LONGITUDE" : 114.08674051,
				"LASTUPDATE" : "20231124121922"
			}
		},
		{
			"type" : "Feature",
			"geometry" : {
				"type" : "Point",
				"coordinates" : [ 114.133984772, 22.3793573487 ]
			},
			"properties" : {
				"OBJECTID" : 135,
				"DATASET_EN" : "Aided Primary Schools",
				"DATASET_TC" : "資助小學",
				"NAME_EN" : "S.K.H. CHU OI PRIMARY SCHOOL (LEI MUK SHUE)",
				"ADDRESS_EN" : "LEI MUK SHUE ESTATE TSUEN WAN NEW TERRITORIES",
				"NAME_TC" : "聖公會主愛小學(梨木樹)",
				"ADDRESS_TC" : "新界荃灣梨木樹邨",
				"SEARCH01_EN" : "CO-ED",
				"SEARCH01_TC" : "男女",
				"SEARCH02_EN" : "WHOLE DAY",
				"SEARCH02_TC" : "全日",
				"SEARCH03_EN" : "TSUEN WAN",
				"SEARCH03_TC" : "荃灣區",
				"SEARCH04_EN" : "PRIMARY",
				"SEARCH04_TC" : "小學",
				"SEARCH05_EN" : "AIDED",
				"SEARCH05_TC" : "資助",
				"NSEARCH01_EN" : "PROTESTANTISM / CHRISTIANITY",
				"NSEARCH01_TC" : "基督教",
				"NSEARCH02_EN" : "24011985",
				"NSEARCH02_TC" : "24011985",
				"NSEARCH03_EN" : "24223423",
				"NSEARCH03_TC" : "24223423",
				"NSEARCH04_EN" : "http://www.chuoi-lms.edu.hk",
				"NSEARCH04_TC" : "http://www.chuoi-lms.edu.hk",
				"NSEARCH05_EN" : "531510000123",
				"NSEARCH05_TC" : "531510000123",
				"NORTHING" : 826684,
				"EASTING" : 831851,
				"LATITUDE" : 22.37935705,
				"LONGITUDE" : 114.13398477,
				"LASTUPDATE" : "20231124121922"
			}
		},
		{
			"type" : "Feature",
			"geometry" : {
				"type" : "Point",
				"coordinates" : [ 114.1064669011, 22.3781556921 ]
			},
			"properties" : {
				"OBJECTID" : 136,
				"DATASET_EN" : "Aided Primary Schools",
				"DATASET_TC" : "資助小學",
				"NAME_EN" : "CHAI WAN KOK CATHOLIC PRIMARY SCHOOL",
				"ADDRESS_EN" : "2-10 ON YIN STREET TSUEN WAN NEW TERRITORIES",
				"NAME_TC" : "柴灣角天主教小學",
				"ADDRESS_TC" : "荃灣安賢街2-10號",
				"SEARCH01_EN" : "CO-ED",
				"SEARCH01_TC" : "男女",
				"SEARCH02_EN" : "WHOLE DAY",
				"SEARCH02_TC" : "全日",
				"SEARCH03_EN" : "TSUEN WAN",
				"SEARCH03_TC" : "荃灣區",
				"SEARCH04_EN" : "PRIMARY",
				"SEARCH04_TC" : "小學",
				"SEARCH05_EN" : "AIDED",
				"SEARCH05_TC" : "資助",
				"NSEARCH01_EN" : "CATHOLICISM",
				"NSEARCH01_TC" : "天主教",
				"NSEARCH02_EN" : "24903463",
				"NSEARCH02_TC" : "24903463",
				"NSEARCH03_EN" : "24904176",
				"NSEARCH03_TC" : "24904176",
				"NSEARCH04_EN" : "http://cwk.edu.hk",
				"NSEARCH04_TC" : "http://cwk.edu.hk",
				"NSEARCH05_EN" : "511412000123",
				"NSEARCH05_TC" : "511412000123",
				"NORTHING" : 826552,
				"EASTING" : 829017,
				"LATITUDE" : 22.3781554,
				"LONGITUDE" : 114.1064669,
				"LASTUPDATE" : "20231124121922"
			}
		},
		{
			"type" : "Feature",
			"geometry" : {
				"type" : "Point",
				"coordinates" : [ 114.1356537156, 22.2842296643 ]
			},
			"properties" : {
				"OBJECTID" : 137,
				"DATASET_EN" : "Aided Primary Schools",
				"DATASET_TC" : "資助小學",
				"NAME_EN" : "S.K.H. ST. PETER'S PRIMARY SCHOOL",
				"ADDRESS_EN" : "70 & 88 HILL ROAD HONG KONG",
				"NAME_TC" : "聖公會聖彼得小學",
				"ADDRESS_TC" : "香港山道70及88號",
				"SEARCH01_EN" : "CO-ED",
				"SEARCH01_TC" : "男女",
				"SEARCH02_EN" : "WHOLE DAY",
				"SEARCH02_TC" : "全日",
				"SEARCH03_EN" : "CENTRAL AND WESTERN",
				"SEARCH03_TC" : "中西區",
				"SEARCH04_EN" : "PRIMARY",
				"SEARCH04_TC" : "小學",
				"SEARCH05_EN" : "AIDED",
				"SEARCH05_TC" : "資助",
				"NSEARCH01_EN" : "PROTESTANTISM / CHRISTIANITY",
				"NSEARCH01_TC" : "基督教",
				"NSEARCH02_EN" : "25462624",
				"NSEARCH02_TC" : "25462624",
				"NSEARCH03_EN" : "28587052",
				"NSEARCH03_TC" : "28587052",
				"NSEARCH04_EN" : "http://www.spps.edu.hk",
				"NSEARCH04_TC" : "http://www.spps.edu.hk",
				"NSEARCH05_EN" : "513628000123",
				"NSEARCH05_TC" : "513628000123",
				"NORTHING" : 816150,
				"EASTING" : 832020,
				"LATITUDE" : 22.28422937,
				"LONGITUDE" : 114.13565371,
				"LASTUPDATE" : "20231124121921"
			}
		},
		{
			"type" : "Feature",
			"geometry" : {
				"type" : "Point",
				"coordinates" : [ 113.9985080651, 22.4640426077 ]
			},
			"properties" : {
				"OBJECTID" : 138,
				"DATASET_EN" : "Aided Primary Schools",
				"DATASET_TC" : "資助小學",
				"NAME_EN" : "XIANGGANG PUTONGHUA YANXISHE PRIMARY SCHOOL OF SCIENCE AND CREATIVITY",
				"ADDRESS_EN" : "AREA 102 TIN SHUI WAI PHASE 2 (PRIMARY SCHOOL 1) YUEN LONG NEW TERRITORIES",
				"NAME_TC" : "香港普通話研習社科技創意小學",
				"ADDRESS_TC" : "新界元朗天水圍第102區第2期(小學1)",
				"SEARCH01_EN" : "CO-ED",
				"SEARCH01_TC" : "男女",
				"SEARCH02_EN" : "WHOLE DAY",
				"SEARCH02_TC" : "全日",
				"SEARCH03_EN" : "YUEN LONG",
				"SEARCH03_TC" : "元朗區",
				"SEARCH04_EN" : "PRIMARY",
				"SEARCH04_TC" : "小學",
				"SEARCH05_EN" : "AIDED",
				"SEARCH05_TC" : "資助",
				"NSEARCH01_EN" : "NOT APPLICABLE",
				"NSEARCH01_TC" : "不適用",
				"NSEARCH02_EN" : "24708080",
				"NSEARCH02_TC" : "24708080",
				"NSEARCH03_EN" : "24708070",
				"NSEARCH03_TC" : "24708070",
				"NSEARCH04_EN" : "http://www.xpypssc.edu.hk",
				"NSEARCH04_TC" : "http://www.xpypssc.edu.hk",
				"NSEARCH05_EN" : "535745000123",
				"NSEARCH05_TC" : "535745000123",
				"NORTHING" : 836072,
				"EASTING" : 817910,
				"LATITUDE" : 22.46404231,
				"LONGITUDE" : 113.99850806,
				"LASTUPDATE" : "20231124121921"
			}
		},
		{
			"type" : "Feature",
			"geometry" : {
				"type" : "Point",
				"coordinates" : [ 113.9989000372, 22.4538206192 ]
			},
			"properties" : {
				"OBJECTID" : 139,
				"DATASET_EN" : "Aided Primary Schools",
				"DATASET_TC" : "資助小學",
				"NAME_EN" : "LOK SIN TONG LEUNG KAU KUI PRIMARY SCHOOL",
				"ADDRESS_EN" : "ESTATE PRIMARY SCHOOL TIN SHUI ESTATE PHASE IV TIN SHUI WAI YUEN LONG NEW TERRITORIES",
				"NAME_TC" : "樂善堂梁銶琚學校",
				"ADDRESS_TC" : "新界元朗天水圍第四期天瑞邨屋邨小學校舍",
				"SEARCH01_EN" : "CO-ED",
				"SEARCH01_TC" : "男女",
				"SEARCH02_EN" : "WHOLE DAY",
				"SEARCH02_TC" : "全日",
				"SEARCH03_EN" : "YUEN LONG",
				"SEARCH03_TC" : "元朗區",
				"SEARCH04_EN" : "PRIMARY",
				"SEARCH04_TC" : "小學",
				"SEARCH05_EN" : "AIDED",
				"SEARCH05_TC" : "資助",
				"NSEARCH01_EN" : "NOT APPLICABLE",
				"NSEARCH01_TC" : "不適用",
				"NSEARCH02_EN" : "24486022",
				"NSEARCH02_TC" : "24486022",
				"NSEARCH03_EN" : "24478359",
				"NSEARCH03_TC" : "24478359",
				"NSEARCH04_EN" : "http://www.lst-lkkps.edu.hk",
				"NSEARCH04_TC" : "http://www.lst-lkkps.edu.hk",
				"NSEARCH05_EN" : "115800000123",
				"NSEARCH05_TC" : "115800000123",
				"NORTHING" : 834940,
				"EASTING" : 817949,
				"LATITUDE" : 22.45382032,
				"LONGITUDE" : 113.99890003,
				"LASTUPDATE" : "20231124121921"
			}
		},
		{
			"type" : "Feature",
			"geometry" : {
				"type" : "Point",
				"coordinates" : [ 114.0974676951, 22.3575077272 ]
			},
			"properties" : {
				"OBJECTID" : 140,
				"DATASET_EN" : "Aided Primary Schools",
				"DATASET_TC" : "資助小學",
				"NAME_EN" : "S.K.H. HO CHAK WAN PRIMARY SCHOOL",
				"ADDRESS_EN" : "CHEUNG HANG ESTATE TSING YI NEW TERRITORIES",
				"NAME_TC" : "聖公會何澤芸小學",
				"ADDRESS_TC" : "新界青衣長亨邨",
				"SEARCH01_EN" : "CO-ED",
				"SEARCH01_TC" : "男女",
				"SEARCH02_EN" : "WHOLE DAY",
				"SEARCH02_TC" : "全日",
				"SEARCH03_EN" : "KWAI TSING",
				"SEARCH03_TC" : "葵青區",
				"SEARCH04_EN" : "PRIMARY",
				"SEARCH04_TC" : "小學",
				"SEARCH05_EN" : "AIDED",
				"SEARCH05_TC" : "資助",
				"NSEARCH01_EN" : "PROTESTANTISM / CHRISTIANITY",
				"NSEARCH01_TC" : "基督教",
				"NSEARCH02_EN" : "24322789",
				"NSEARCH02_TC" : "24322789",
				"NSEARCH03_EN" : "24327177",
				"NSEARCH03_TC" : "24327177",
				"NSEARCH04_EN" : "http://www.skhhcw.edu.hk",
				"NSEARCH04_TC" : "http://www.skhhcw.edu.hk",
				"NSEARCH05_EN" : "115770000123",
				"NSEARCH05_TC" : "115770000123",
				"NORTHING" : 824266,
				"EASTING" : 828089,
				"LATITUDE" : 22.35750743,
				"LONGITUDE" : 114.09746769,
				"LASTUPDATE" : "20231124121921"
			}
		},
		{
			"type" : "Feature",
			"geometry" : {
				"type" : "Point",
				"coordinates" : [ 114.0332392021, 22.448581059 ]
			},
			"properties" : {
				"OBJECTID" : 141,
				"DATASET_EN" : "Aided Primary Schools",
				"DATASET_TC" : "資助小學",
				"NAME_EN" : "CHUNG SING SCHOOL",
				"ADDRESS_EN" : "29 KAU HUI ROAD YUEN LONG NEW TERRITORIES",
				"NAME_TC" : "鐘聲學校",
				"ADDRESS_TC" : "新界元朗舊墟路29號",
				"SEARCH01_EN" : "CO-ED",
				"SEARCH01_TC" : "男女",
				"SEARCH02_EN" : "WHOLE DAY",
				"SEARCH02_TC" : "全日",
				"SEARCH03_EN" : "YUEN LONG",
				"SEARCH03_TC" : "元朗區",
				"SEARCH04_EN" : "PRIMARY",
				"SEARCH04_TC" : "小學",
				"SEARCH05_EN" : "AIDED",
				"SEARCH05_TC" : "資助",
				"NSEARCH01_EN" : "NOT APPLICABLE",
				"NSEARCH01_TC" : "不適用",
				"NSEARCH02_EN" : "24762505",
				"NSEARCH02_TC" : "24762505",
				"NSEARCH03_EN" : "24701798",
				"NSEARCH03_TC" : "24701798",
				"NSEARCH04_EN" : "http://www.chungsing.edu.hk",
				"NSEARCH04_TC" : "http://www.chungsing.edu.hk",
				"NSEARCH05_EN" : "511625000223",
				"NSEARCH05_TC" : "511625000223",
				"NORTHING" : 834356,
				"EASTING" : 821483,
				"LATITUDE" : 22.44858076,
				"LONGITUDE" : 114.0332392,
				"LASTUPDATE" : "20231124121920"
			}
		},
		{
			"type" : "Feature",
			"geometry" : {
				"type" : "Point",
				"coordinates" : [ 114.1756017518, 22.4472181204 ]
			},
			"properties" : {
				"OBJECTID" : 142,
				"DATASET_EN" : "Aided Primary Schools",
				"DATASET_TC" : "資助小學",
				"NAME_EN" : "TAI PO BAPTIST PUBLIC SCHOOL",
				"ADDRESS_EN" : "ESTATE PRIMARY SCHOOL KWONG FUK ESTATE PHASE 1A, TAI PO AREA 24 NT",
				"NAME_TC" : "大埔浸信會公立學校",
				"ADDRESS_TC" : "新界大埔第24區廣福邨第1期A屋邨小學校舍",
				"SEARCH01_EN" : "CO-ED",
				"SEARCH01_TC" : "男女",
				"SEARCH02_EN" : "WHOLE DAY",
				"SEARCH02_TC" : "全日",
				"SEARCH03_EN" : "TAI PO",
				"SEARCH03_TC" : "大埔區",
				"SEARCH04_EN" : "PRIMARY",
				"SEARCH04_TC" : "小學",
				"SEARCH05_EN" : "AIDED",
				"SEARCH05_TC" : "資助",
				"NSEARCH01_EN" : "PROTESTANTISM / CHRISTIANITY",
				"NSEARCH01_TC" : "基督教",
				"NSEARCH02_EN" : "26563933",
				"NSEARCH02_TC" : "26563933",
				"NSEARCH03_EN" : "26577361",
				"NSEARCH03_TC" : "26577361",
				"NSEARCH04_EN" : "http://www.tpbps.edu.hk",
				"NSEARCH04_TC" : "http://www.tpbps.edu.hk",
				"NSEARCH05_EN" : "114855000123",
				"NSEARCH05_TC" : "114855000123",
				"NORTHING" : 834198,
				"EASTING" : 836137,
				"LATITUDE" : 22.44721782,
				"LONGITUDE" : 114.17560175,
				"LASTUPDATE" : "20231124121920"
			}
		},
		{
			"type" : "Feature",
			"geometry" : {
				"type" : "Point",
				"coordinates" : [ 114.0200507432, 22.4446766724 ]
			},
			"properties" : {
				"OBJECTID" : 143,
				"DATASET_EN" : "Aided Primary Schools",
				"DATASET_TC" : "資助小學",
				"NAME_EN" : "KWONG MING SCHOOL",
				"ADDRESS_EN" : "ESTATE PRIMARY SCHOOL AND COVERED PLAYGROUND SHUI PIN WAI ESTATE YUEN LONG NT",
				"NAME_TC" : "光明學校",
				"ADDRESS_TC" : "元朗水邊圍邨",
				"SEARCH01_EN" : "CO-ED",
				"SEARCH01_TC" : "男女",
				"SEARCH02_EN" : "WHOLE DAY",
				"SEARCH02_TC" : "全日",
				"SEARCH03_EN" : "YUEN LONG",
				"SEARCH03_TC" : "元朗區",
				"SEARCH04_EN" : "PRIMARY",
				"SEARCH04_TC" : "小學",
				"SEARCH05_EN" : "AIDED",
				"SEARCH05_TC" : "資助",
				"NSEARCH01_EN" : "NOT APPLICABLE",
				"NSEARCH01_TC" : "不適用",
				"NSEARCH02_EN" : "24762616",
				"NSEARCH02_TC" : "24762616",
				"NSEARCH03_EN" : "24746722",
				"NSEARCH03_TC" : "24746722",
				"NSEARCH04_EN" : "http://www.kms.edu.hk",
				"NSEARCH04_TC" : "http://www.kms.edu.hk",
				"NSEARCH05_EN" : "114685000123",
				"NSEARCH05_TC" : "114685000123",
				"NORTHING" : 833925,
				"EASTING" : 820125,
				"LATITUDE" : 22.44467638,
				"LONGITUDE" : 114.02005074,
				"LASTUPDATE" : "20231124121920"
			}
		},
		{
			"type" : "Feature",
			"geometry" : {
				"type" : "Point",
				"coordinates" : [ 114.1669258789, 22.4545505446 ]
			},
			"properties" : {
				"OBJECTID" : 144,
				"DATASET_EN" : "Aided Primary Schools",
				"DATASET_TC" : "資助小學",
				"NAME_EN" : "NEW TERRITORIES WOMEN & JUVENILES WELFARE ASSOCIATION LTD. LEUNG SING TAK PRIMARY SCHOOL",
				"ADDRESS_EN" : "TAI YUEN ESTATE PHASE II TAI PO (AREA 16) NEW TERRITORIES",
				"NAME_TC" : "新界婦孺福利會有限公司梁省德學校",
				"ADDRESS_TC" : "新界大埔大元邨",
				"SEARCH01_EN" : "CO-ED",
				"SEARCH01_TC" : "男女",
				"SEARCH02_EN" : "WHOLE DAY",
				"SEARCH02_TC" : "全日",
				"SEARCH03_EN" : "TAI PO",
				"SEARCH03_TC" : "大埔區",
				"SEARCH04_EN" : "PRIMARY",
				"SEARCH04_TC" : "小學",
				"SEARCH05_EN" : "AIDED",
				"SEARCH05_TC" : "資助",
				"NSEARCH01_EN" : "NOT APPLICABLE",
				"NSEARCH01_TC" : "不適用",
				"NSEARCH02_EN" : "26641223",
				"NSEARCH02_TC" : "26641223",
				"NSEARCH03_EN" : "26651012",
				"NSEARCH03_TC" : "26651012",
				"NSEARCH04_EN" : "http://www.taipolst.edu.hk",
				"NSEARCH04_TC" : "http://www.taipolst.edu.hk",
				"NSEARCH05_EN" : "114707000123",
				"NSEARCH05_TC" : "114707000123",
				"NORTHING" : 835010,
				"EASTING" : 835244,
				"LATITUDE" : 22.45455025,
				"LONGITUDE" : 114.16692587,
				"LASTUPDATE" : "20231124121920"
			}
		},
		{
			"type" : "Feature",
			"geometry" : {
				"type" : "Point",
				"coordinates" : [ 114.1583728087, 22.3344078793 ]
			},
			"properties" : {
				"OBJECTID" : 145,
				"DATASET_EN" : "Aided Primary Schools",
				"DATASET_TC" : "資助小學",
				"NAME_EN" : "S.K.H. ST. THOMAS' PRIMARY SCHOOL",
				"ADDRESS_EN" : "145 PRATAS STREET SHAM SHUI PO KOWLOON",
				"NAME_TC" : "聖公會聖多馬小學",
				"ADDRESS_TC" : "九龍深水埗東沙島街145號",
				"SEARCH01_EN" : "CO-ED",
				"SEARCH01_TC" : "男女",
				"SEARCH02_EN" : "WHOLE DAY",
				"SEARCH02_TC" : "全日",
				"SEARCH03_EN" : "SHAM SHUI PO",
				"SEARCH03_TC" : "深水埗區",
				"SEARCH04_EN" : "PRIMARY",
				"SEARCH04_TC" : "小學",
				"SEARCH05_EN" : "AIDED",
				"SEARCH05_TC" : "資助",
				"NSEARCH01_EN" : "PROTESTANTISM / CHRISTIANITY",
				"NSEARCH01_TC" : "基督教",
				"NSEARCH02_EN" : "27793076",
				"NSEARCH02_TC" : "27793076",
				"NSEARCH03_EN" : "27761841",
				"NSEARCH03_TC" : "27761841",
				"NSEARCH04_EN" : "http://www.skhstthomas.edu.hk",
				"NSEARCH04_TC" : "http://www.skhstthomas.edu.hk",
				"NSEARCH05_EN" : "513636000223",
				"NSEARCH05_TC" : "513636000223",
				"NORTHING" : 821706,
				"EASTING" : 834362,
				"LATITUDE" : 22.33440759,
				"LONGITUDE" : 114.1583728,
				"LASTUPDATE" : "20231124121920"
			}
		},
		{
			"type" : "Feature",
			"geometry" : {
				"type" : "Point",
				"coordinates" : [ 114.0250968769, 22.4497114436 ]
			},
			"properties" : {
				"OBJECTID" : 146,
				"DATASET_EN" : "Aided Primary Schools",
				"DATASET_TC" : "資助小學",
				"NAME_EN" : "YUEN LONG LONG PING ESTATE WAI CHOW SCHOOL",
				"ADDRESS_EN" : "ESTATE PRIMARY SCHOOL PHASE II LONG PING ESTATE YUEN LONG NEW TERRITORIES",
				"NAME_TC" : "元朗朗屏邨惠州學校",
				"ADDRESS_TC" : "元朗朗屏邨第二期",
				"SEARCH01_EN" : "CO-ED",
				"SEARCH01_TC" : "男女",
				"SEARCH02_EN" : "WHOLE DAY",
				"SEARCH02_TC" : "全日",
				"SEARCH03_EN" : "YUEN LONG",
				"SEARCH03_TC" : "元朗區",
				"SEARCH04_EN" : "PRIMARY",
				"SEARCH04_TC" : "小學",
				"SEARCH05_EN" : "AIDED",
				"SEARCH05_TC" : "資助",
				"NSEARCH01_EN" : "NOT APPLICABLE",
				"NSEARCH01_TC" : "不適用",
				"NSEARCH02_EN" : "24763903",
				"NSEARCH02_TC" : "24763903",
				"NSEARCH03_EN" : "24786563",
				"NSEARCH03_TC" : "24786563",
				"NSEARCH04_EN" : "http://www.hzit.edu.hk",
				"NSEARCH04_TC" : "http://www.hzit.edu.hk",
				"NSEARCH05_EN" : "115274000123",
				"NSEARCH05_TC" : "115274000123",
				"NORTHING" : 834482,
				"EASTING" : 820645,
				"LATITUDE" : 22.44971115,
				"LONGITUDE" : 114.02509687,
				"LASTUPDATE" : "20231124121919"
			}
		},
		{
			"type" : "Feature",
			"geometry" : {
				"type" : "Point",
				"coordinates" : [ 114.2368593435, 22.3016167615 ]
			},
			"properties" : {
				"OBJECTID" : 147,
				"DATASET_EN" : "Aided Primary Schools",
				"DATASET_TC" : "資助小學",
				"NAME_EN" : "ST. ANTONIUS PRIMARY SCHOOL",
				"ADDRESS_EN" : "1 YAU TONG ROAD KWUN TONG KOWLOON (EXCLUDING THE KINDERGARTEN SPACE AND 7/F)",
				"NAME_TC" : "聖安當小學",
				"ADDRESS_TC" : "九龍觀塘油塘道1號(幼稚園部份及七樓除外)",
				"SEARCH01_EN" : "CO-ED",
				"SEARCH01_TC" : "男女",
				"SEARCH02_EN" : "WHOLE DAY",
				"SEARCH02_TC" : "全日",
				"SEARCH03_EN" : "KWUN TONG",
				"SEARCH03_TC" : "觀塘區",
				"SEARCH04_EN" : "PRIMARY",
				"SEARCH04_TC" : "小學",
				"SEARCH05_EN" : "AIDED",
				"SEARCH05_TC" : "資助",
				"NSEARCH01_EN" : "CATHOLICISM",
				"NSEARCH01_TC" : "天主教",
				"NSEARCH02_EN" : "23484283",
				"NSEARCH02_TC" : "23484283",
				"NSEARCH03_EN" : "23496371",
				"NSEARCH03_TC" : "23496371",
				"NSEARCH04_EN" : "http://www.saps.edu.hk",
				"NSEARCH04_TC" : "http://www.saps.edu.hk",
				"NSEARCH05_EN" : "513962000223",
				"NSEARCH05_TC" : "513962000223",
				"NORTHING" : 818076,
				"EASTING" : 842449,
				"LATITUDE" : 22.30161647,
				"LONGITUDE" : 114.23685934,
				"LASTUPDATE" : "20231124121919"
			}
		},
		{
			"type" : "Feature",
			"geometry" : {
				"type" : "Point",
				"coordinates" : [ 114.2052306597, 22.3449180271 ]
			},
			"properties" : {
				"OBJECTID" : 148,
				"DATASET_EN" : "Aided Primary Schools",
				"DATASET_TC" : "資助小學",
				"NAME_EN" : "PO LEUNG KUK GRANDMONT PRIMARY SCHOOL",
				"ADDRESS_EN" : "180 PO KONG VILLAGE ROAD WONG TAI SIN KOWLOON",
				"NAME_TC" : "保良局錦泰小學",
				"ADDRESS_TC" : "九龍黃大仙蒲崗村道180號",
				"SEARCH01_EN" : "CO-ED",
				"SEARCH01_TC" : "男女",
				"SEARCH02_EN" : "WHOLE DAY",
				"SEARCH02_TC" : "全日",
				"SEARCH03_EN" : "WONG TAI SIN",
				"SEARCH03_TC" : "黃大仙區",
				"SEARCH04_EN" : "PRIMARY",
				"SEARCH04_TC" : "小學",
				"SEARCH05_EN" : "AIDED",
				"SEARCH05_TC" : "資助",
				"NSEARCH01_EN" : "NOT APPLICABLE",
				"NSEARCH01_TC" : "不適用",
				"NSEARCH02_EN" : "23262886",
				"NSEARCH02_TC" : "23262886",
				"NSEARCH03_EN" : "23522353",
				"NSEARCH03_TC" : "23522353",
				"NSEARCH04_EN" : "http://www.grandmont.edu.hk",
				"NSEARCH04_TC" : "http://www.grandmont.edu.hk",
				"NSEARCH05_EN" : "543241000123",
				"NSEARCH05_TC" : "543241000123",
				"NORTHING" : 822870,
				"EASTING" : 839189,
				"LATITUDE" : 22.34491773,
				"LONGITUDE" : 114.20523066,
				"LASTUPDATE" : "20231124121919"
			}
		},
		{
			"type" : "Feature",
			"geometry" : {
				"type" : "Point",
				"coordinates" : [ 114.138756548, 22.2568675611 ]
			},
			"properties" : {
				"OBJECTID" : 149,
				"DATASET_EN" : "Aided Primary Schools",
				"DATASET_TC" : "資助小學",
				"NAME_EN" : "S.K.H. CHI FU CHI NAM PRIMARY SCHOOL",
				"ADDRESS_EN" : "3 CHI FU CLOSE CHI FU FA YUEN HONG KONG",
				"NAME_TC" : "聖公會置富始南小學",
				"ADDRESS_TC" : "香港置富徑3號置富花園地下至6樓",
				"SEARCH01_EN" : "CO-ED",
				"SEARCH01_TC" : "男女",
				"SEARCH02_EN" : "WHOLE DAY",
				"SEARCH02_TC" : "全日",
				"SEARCH03_EN" : "SOUTHERN",
				"SEARCH03_TC" : "南區",
				"SEARCH04_EN" : "PRIMARY",
				"SEARCH04_TC" : "小學",
				"SEARCH05_EN" : "AIDED",
				"SEARCH05_TC" : "資助",
				"NSEARCH01_EN" : "PROTESTANTISM / CHRISTIANITY",
				"NSEARCH01_TC" : "基督教",
				"NSEARCH02_EN" : "25504004",
				"NSEARCH02_TC" : "25504004",
				"NSEARCH03_EN" : "25510495",
				"NSEARCH03_TC" : "25510495",
				"NSEARCH04_EN" : "http://www.skhcfcn.edu.hk",
				"NSEARCH04_TC" : "http://www.skhcfcn.edu.hk",
				"NSEARCH05_EN" : "513431000123",
				"NSEARCH05_TC" : "513431000123",
				"NORTHING" : 813120,
				"EASTING" : 832339,
				"LATITUDE" : 22.25686727,
				"LONGITUDE" : 114.13875654,
				"LASTUPDATE" : "20231124121919"
			}
		},
		{
			"type" : "Feature",
			"geometry" : {
				"type" : "Point",
				"coordinates" : [ 114.1960297946, 22.4307544536 ]
			},
			"properties" : {
				"OBJECTID" : 150,
				"DATASET_EN" : "Aided Primary Schools",
				"DATASET_TC" : "資助小學",
				"NAME_EN" : "PO LEUNG KUK TIN KA PING MILLENNIUM PRIMARY SCHOOL",
				"ADDRESS_EN" : "4641 TAI PO ROAD, TAI PO KAU, TAI PO, NEW TERRITORIES",
				"NAME_TC" : "保良局田家炳千禧小學",
				"ADDRESS_TC" : "新界大埔大埔公路大埔滘段4641號",
				"SEARCH01_EN" : "CO-ED",
				"SEARCH01_TC" : "男女",
				"SEARCH02_EN" : "WHOLE DAY",
				"SEARCH02_TC" : "全日",
				"SEARCH03_EN" : "TAI PO",
				"SEARCH03_TC" : "大埔區",
				"SEARCH04_EN" : "PRIMARY",
				"SEARCH04_TC" : "小學",
				"SEARCH05_EN" : "AIDED",
				"SEARCH05_TC" : "資助",
				"NSEARCH01_EN" : "NOT APPLICABLE",
				"NSEARCH01_TC" : "不適用",
				"NSEARCH02_EN" : "26505551",
				"NSEARCH02_TC" : "26505551",
				"NSEARCH03_EN" : "26522608",
				"NSEARCH03_TC" : "26522608",
				"NSEARCH04_EN" : "http://www.plktkpmps.edu.hk",
				"NSEARCH04_TC" : "http://www.plktkpmps.edu.hk",
				"NSEARCH05_EN" : "543284000123",
				"NSEARCH05_TC" : "543284000123",
				"NORTHING" : 832375,
				"EASTING" : 838240,
				"LATITUDE" : 22.43075416,
				"LONGITUDE" : 114.19602979,
				"LASTUPDATE" : "20231124121918"
			}
		},
		{
			"type" : "Feature",
			"geometry" : {
				"type" : "Point",
				"coordinates" : [ 114.0016313941, 22.4681909839 ]
			},
			"properties" : {
				"OBJECTID" : 151,
				"DATASET_EN" : "Aided Primary Schools",
				"DATASET_TC" : "資助小學",
				"NAME_EN" : "YUEN LONG PUBLIC MIDDLE SCHOOL ALUMNI ASSOCIATION TANG YING YIP PRIMARY SCHOOL",
				"ADDRESS_EN" : "86 TIN SHUI ROAD TIN SHUI WAI YUEN LONG NEW TERRITORIES",
				"NAME_TC" : "元朗公立中學校友會鄧英業小學",
				"ADDRESS_TC" : "新界元朗天水圍天瑞路86號",
				"SEARCH01_EN" : "CO-ED",
				"SEARCH01_TC" : "男女",
				"SEARCH02_EN" : "WHOLE DAY",
				"SEARCH02_TC" : "全日",
				"SEARCH03_EN" : "YUEN LONG",
				"SEARCH03_TC" : "元朗區",
				"SEARCH04_EN" : "PRIMARY",
				"SEARCH04_TC" : "小學",
				"SEARCH05_EN" : "AIDED",
				"SEARCH05_TC" : "資助",
				"NSEARCH01_EN" : "NOT APPLICABLE",
				"NSEARCH01_TC" : "不適用",
				"NSEARCH02_EN" : "26178200",
				"NSEARCH02_TC" : "26178200",
				"NSEARCH03_EN" : "26176226",
				"NSEARCH03_TC" : "26176226",
				"NSEARCH04_EN" : "http://www.alu.edu.hk",
				"NSEARCH04_TC" : "http://www.alu.edu.hk",
				"NSEARCH05_EN" : "550370000123",
				"NSEARCH05_TC" : "550370000123",
				"NORTHING" : 836531,
				"EASTING" : 818232,
				"LATITUDE" : 22.46819069,
				"LONGITUDE" : 114.00163139,
				"LASTUPDATE" : "20231124121918"
			}
		},
		{
			"type" : "Feature",
			"geometry" : {
				"type" : "Point",
				"coordinates" : [ 114.2278209319, 22.4258891537 ]
			},
			"properties" : {
				"OBJECTID" : 152,
				"DATASET_EN" : "Aided Primary Schools",
				"DATASET_TC" : "資助小學",
				"NAME_EN" : "PO LEUNG KUK RIVERAIN PRIMARY SCHOOL",
				"ADDRESS_EN" : "28 ON CHUN STREET MA ON SHAN SHATIN NEW TERRITORIES",
				"NAME_TC" : "保良局雨川小學",
				"ADDRESS_TC" : "新界沙田馬鞍山鞍駿街28號",
				"SEARCH01_EN" : "CO-ED",
				"SEARCH01_TC" : "男女",
				"SEARCH02_EN" : "WHOLE DAY",
				"SEARCH02_TC" : "全日",
				"SEARCH03_EN" : "SHA TIN",
				"SEARCH03_TC" : "沙田區",
				"SEARCH04_EN" : "PRIMARY",
				"SEARCH04_TC" : "小學",
				"SEARCH05_EN" : "AIDED",
				"SEARCH05_TC" : "資助",
				"NSEARCH01_EN" : "NOT APPLICABLE",
				"NSEARCH01_TC" : "不適用",
				"NSEARCH02_EN" : "26333170",
				"NSEARCH02_TC" : "26333170",
				"NSEARCH03_EN" : "26303890",
				"NSEARCH03_TC" : "26303890",
				"NSEARCH04_EN" : "http://www.plkrps.edu.hk",
				"NSEARCH04_TC" : "http://www.plkrps.edu.hk",
				"NSEARCH05_EN" : "535702000123",
				"NSEARCH05_TC" : "535702000123",
				"NORTHING" : 831837,
				"EASTING" : 841513,
				"LATITUDE" : 22.42588886,
				"LONGITUDE" : 114.22782093,
				"LASTUPDATE" : "20231124121918"
			}
		},
		{
			"type" : "Feature",
			"geometry" : {
				"type" : "Point",
				"coordinates" : [ 114.2376595355, 22.3117849249 ]
			},
			"properties" : {
				"OBJECTID" : 153,
				"DATASET_EN" : "Aided Primary Schools",
				"DATASET_TC" : "資助小學",
				"NAME_EN" : "ST. EDWARD'S CATHOLIC PRIMARY SCHOOL",
				"ADDRESS_EN" : "8 HING TIN STREET LAM TIN KWUN TONG KOWLOON",
				"NAME_TC" : "聖愛德華天主教小學",
				"ADDRESS_TC" : "九龍官塘藍田慶田街8號",
				"SEARCH01_EN" : "CO-ED",
				"SEARCH01_TC" : "男女",
				"SEARCH02_EN" : "WHOLE DAY",
				"SEARCH02_TC" : "全日",
				"SEARCH03_EN" : "KWUN TONG",
				"SEARCH03_TC" : "觀塘區",
				"SEARCH04_EN" : "PRIMARY",
				"SEARCH04_TC" : "小學",
				"SEARCH05_EN" : "AIDED",
				"SEARCH05_TC" : "資助",
				"NSEARCH01_EN" : "CATHOLICISM",
				"NSEARCH01_TC" : "天主教",
				"NSEARCH02_EN" : "27179585",
				"NSEARCH02_TC" : "27179585",
				"NSEARCH03_EN" : "23465472",
				"NSEARCH03_TC" : "23465472",
				"NSEARCH04_EN" : "http://www.stedward.edu.hk",
				"NSEARCH04_TC" : "http://www.stedward.edu.hk",
				"NSEARCH05_EN" : "519596000123",
				"NSEARCH05_TC" : "519596000123",
				"NORTHING" : 819202,
				"EASTING" : 842531,
				"LATITUDE" : 22.31178463,
				"LONGITUDE" : 114.23765953,
				"LASTUPDATE" : "20231124121918"
			}
		},
		{
			"type" : "Feature",
			"geometry" : {
				"type" : "Point",
				"coordinates" : [ 114.1399968811, 22.4839135898 ]
			},
			"properties" : {
				"OBJECTID" : 154,
				"DATASET_EN" : "Aided Primary Schools",
				"DATASET_TC" : "資助小學",
				"NAME_EN" : "FUNG KAI LIU YUN-SUM MEMORIAL SCHOOL",
				"ADDRESS_EN" : "WAH MING ESTATE PHASE I FANLING NEW TERRITORIES",
				"NAME_TC" : "鳳溪廖潤琛紀念學校",
				"ADDRESS_TC" : "新界粉嶺華明邨第一期",
				"SEARCH01_EN" : "CO-ED",
				"SEARCH01_TC" : "男女",
				"SEARCH02_EN" : "WHOLE DAY",
				"SEARCH02_TC" : "全日",
				"SEARCH03_EN" : "NORTH",
				"SEARCH03_TC" : "北區",
				"SEARCH04_EN" : "PRIMARY",
				"SEARCH04_TC" : "小學",
				"SEARCH05_EN" : "AIDED",
				"SEARCH05_TC" : "資助",
				"NSEARCH01_EN" : "NOT APPLICABLE",
				"NSEARCH01_TC" : "不適用",
				"NSEARCH02_EN" : "26772311",
				"NSEARCH02_TC" : "26772311",
				"NSEARCH03_EN" : "26757241",
				"NSEARCH03_TC" : "26757241",
				"NSEARCH04_EN" : "https://www.fklys.edu.hk",
				"NSEARCH04_TC" : "https://www.fklys.edu.hk",
				"NSEARCH05_EN" : "115592000123",
				"NSEARCH05_TC" : "115592000123",
				"NORTHING" : 838262,
				"EASTING" : 832473,
				"LATITUDE" : 22.48391329,
				"LONGITUDE" : 114.13999688,
				"LASTUPDATE" : "20231124121917"
			}
		},
		{
			"type" : "Feature",
			"geometry" : {
				"type" : "Point",
				"coordinates" : [ 114.1731438936, 22.4473625701 ]
			},
			"properties" : {
				"OBJECTID" : 155,
				"DATASET_EN" : "Aided Primary Schools",
				"DATASET_TC" : "資助小學",
				"NAME_EN" : "S.K.H. YUEN CHEN MAUN CHEN PRIMARY SCHOOL",
				"ADDRESS_EN" : "ESTATE PRIMARY SCHOOL NO 2 KWONG FUK ESTATE TAI PO NT (INCLUDING COVERED PLAYGROUND)",
				"NAME_TC" : "聖公會阮鄭夢芹小學",
				"ADDRESS_TC" : "新界大埔廣福邨",
				"SEARCH01_EN" : "CO-ED",
				"SEARCH01_TC" : "男女",
				"SEARCH02_EN" : "WHOLE DAY",
				"SEARCH02_TC" : "全日",
				"SEARCH03_EN" : "TAI PO",
				"SEARCH03_TC" : "大埔區",
				"SEARCH04_EN" : "PRIMARY",
				"SEARCH04_TC" : "小學",
				"SEARCH05_EN" : "AIDED",
				"SEARCH05_TC" : "資助",
				"NSEARCH01_EN" : "PROTESTANTISM / CHRISTIANITY",
				"NSEARCH01_TC" : "基督教",
				"NSEARCH02_EN" : "26589222",
				"NSEARCH02_TC" : "26589222",
				"NSEARCH03_EN" : "26506287",
				"NSEARCH03_TC" : "26506287",
				"NSEARCH04_EN" : "http://www.skhycmcps.edu.hk",
				"NSEARCH04_TC" : "http://www.skhycmcps.edu.hk",
				"NSEARCH05_EN" : "114995000123",
				"NSEARCH05_TC" : "114995000123",
				"NORTHING" : 834214,
				"EASTING" : 835884,
				"LATITUDE" : 22.44736227,
				"LONGITUDE" : 114.17314389,
				"LASTUPDATE" : "20231124121917"
			}
		},
		{
			"type" : "Feature",
			"geometry" : {
				"type" : "Point",
				"coordinates" : [ 114.2248360557, 22.4175188145 ]
			},
			"properties" : {
				"OBJECTID" : 156,
				"DATASET_EN" : "Aided Primary Schools",
				"DATASET_TC" : "資助小學",
				"NAME_EN" : "MA ON SHAN METHODIST PRIMARY SCHOOL",
				"ADDRESS_EN" : "11 HANG MING STREET, MA ON SHAN, SHATIN, NEW TERRITORIES",
				"NAME_TC" : "馬鞍山循道衛理小學",
				"ADDRESS_TC" : "新界沙田馬鞍山恒明街11號",
				"SEARCH01_EN" : "CO-ED",
				"SEARCH01_TC" : "男女",
				"SEARCH02_EN" : "WHOLE DAY",
				"SEARCH02_TC" : "全日",
				"SEARCH03_EN" : "SHA TIN",
				"SEARCH03_TC" : "沙田區",
				"SEARCH04_EN" : "PRIMARY",
				"SEARCH04_TC" : "小學",
				"SEARCH05_EN" : "AIDED",
				"SEARCH05_TC" : "資助",
				"NSEARCH01_EN" : "PROTESTANTISM / CHRISTIANITY",
				"NSEARCH01_TC" : "基督教",
				"NSEARCH02_EN" : "26309219",
				"NSEARCH02_TC" : "26309219",
				"NSEARCH03_EN" : "26309768",
				"NSEARCH03_TC" : "26309768",
				"NSEARCH04_EN" : "http://www.mosmps.edu.hk",
				"NSEARCH04_TC" : "http://www.mosmps.edu.hk",
				"NSEARCH05_EN" : "535605000123",
				"NSEARCH05_TC" : "535605000123",
				"NORTHING" : 830910,
				"EASTING" : 841206,
				"LATITUDE" : 22.41751852,
				"LONGITUDE" : 114.22483605,
				"LASTUPDATE" : "20231124121917"
			}
		},
		{
			"type" : "Feature",
			"geometry" : {
				"type" : "Point",
				"coordinates" : [ 114.2368739611, 22.3199163654 ]
			},
			"properties" : {
				"OBJECTID" : 157,
				"DATASET_EN" : "Aided Primary Schools",
				"DATASET_TC" : "資助小學",
				"NAME_EN" : "S.K.H. ST. JOHN'S TSANG SHIU TIM PRIMARY SCHOOL",
				"ADDRESS_EN" : "11 ON CHUI STREET, KWUN TONG, KOWLOON",
				"NAME_TC" : "聖公會聖約翰曾肇添小學",
				"ADDRESS_TC" : "九龍觀塘安翠街11號",
				"SEARCH01_EN" : "CO-ED",
				"SEARCH01_TC" : "男女",
				"SEARCH02_EN" : "WHOLE DAY",
				"SEARCH02_TC" : "全日",
				"SEARCH03_EN" : "KWUN TONG",
				"SEARCH03_TC" : "觀塘區",
				"SEARCH04_EN" : "PRIMARY",
				"SEARCH04_TC" : "小學",
				"SEARCH05_EN" : "AIDED",
				"SEARCH05_TC" : "資助",
				"NSEARCH01_EN" : "PROTESTANTISM / CHRISTIANITY",
				"NSEARCH01_TC" : "基督教",
				"NSEARCH02_EN" : "23226125",
				"NSEARCH02_TC" : "23226125",
				"NSEARCH03_EN" : "23530863",
				"NSEARCH03_TC" : "23530863",
				"NSEARCH04_EN" : "http://www.skhsjtst.edu.hk",
				"NSEARCH04_TC" : "http://www.skhsjtst.edu.hk",
				"NSEARCH05_EN" : "513598000223",
				"NSEARCH05_TC" : "513598000223",
				"NORTHING" : 820102.4,
				"EASTING" : 842449.7,
				"LATITUDE" : 22.31991607,
				"LONGITUDE" : 114.23687396,
				"LASTUPDATE" : "20231124121917"
			}
		},
		{
			"type" : "Feature",
			"geometry" : {
				"type" : "Point",
				"coordinates" : [ 114.2304294738, 22.3130698205 ]
			},
			"properties" : {
				"OBJECTID" : 158,
				"DATASET_EN" : "Aided Primary Schools",
				"DATASET_TC" : "資助小學",
				"NAME_EN" : "OUR LADY OF CHINA CATHOLIC PRIMARY SCHOOL",
				"ADDRESS_EN" : "ESTATE PRIMARY SCHOOL TSUI PING ESTATE PHASE IV KWUN TONG KOWLOON",
				"NAME_TC" : "天主教佑華小學",
				"ADDRESS_TC" : "九龍觀塘翠屏邨第四期屋邨小學",
				"SEARCH01_EN" : "CO-ED",
				"SEARCH01_TC" : "男女",
				"SEARCH02_EN" : "WHOLE DAY",
				"SEARCH02_TC" : "全日",
				"SEARCH03_EN" : "KWUN TONG",
				"SEARCH03_TC" : "觀塘區",
				"SEARCH04_EN" : "PRIMARY",
				"SEARCH04_TC" : "小學",
				"SEARCH05_EN" : "AIDED",
				"SEARCH05_TC" : "資助",
				"NSEARCH01_EN" : "CATHOLICISM",
				"NSEARCH01_TC" : "天主教",
				"NSEARCH02_EN" : "23482366",
				"NSEARCH02_TC" : "23482366",
				"NSEARCH03_EN" : "27179804",
				"NSEARCH03_TC" : "27179804",
				"NSEARCH04_EN" : "http://www.oloccps.edu.hk",
				"NSEARCH04_TC" : "http://www.oloccps.edu.hk",
				"NSEARCH05_EN" : "510564000123",
				"NSEARCH05_TC" : "510564000123",
				"NORTHING" : 819344,
				"EASTING" : 841786,
				"LATITUDE" : 22.31306953,
				"LONGITUDE" : 114.23042947,
				"LASTUPDATE" : "20231124121916"
			}
		},
		{
			"type" : "Feature",
			"geometry" : {
				"type" : "Point",
				"coordinates" : [ 114.2053164976, 22.2895423963 ]
			},
			"properties" : {
				"OBJECTID" : 159,
				"DATASET_EN" : "Aided Primary Schools",
				"DATASET_TC" : "資助小學",
				"NAME_EN" : "NORTH POINT METHODIST PRIMARY SCHOOL",
				"ADDRESS_EN" : "2A PAK FUK ROAD, NORTH POINT, HONG KONG",
				"NAME_TC" : "北角衞理小學",
				"ADDRESS_TC" : "香港北角百福道2A號",
				"SEARCH01_EN" : "CO-ED",
				"SEARCH01_TC" : "男女",
				"SEARCH02_EN" : "WHOLE DAY",
				"SEARCH02_TC" : "全日",
				"SEARCH03_EN" : "EASTERN",
				"SEARCH03_TC" : "東區",
				"SEARCH04_EN" : "PRIMARY",
				"SEARCH04_TC" : "小學",
				"SEARCH05_EN" : "AIDED",
				"SEARCH05_TC" : "資助",
				"NSEARCH01_EN" : "PROTESTANTISM / CHRISTIANITY",
				"NSEARCH01_TC" : "基督教",
				"NSEARCH02_EN" : "25713599",
				"NSEARCH02_TC" : "25713599",
				"NSEARCH03_EN" : "25107285",
				"NSEARCH03_TC" : "25107285",
				"NSEARCH04_EN" : "http://www.npmps.edu.hk",
				"NSEARCH04_TC" : "http://www.npmps.edu.hk",
				"NSEARCH05_EN" : "136204000223",
				"NSEARCH05_TC" : "136204000223",
				"NORTHING" : 816738,
				"EASTING" : 839199,
				"LATITUDE" : 22.2895421,
				"LONGITUDE" : 114.20531649,
				"LASTUPDATE" : "20231124121916"
			}
		},
		{
			"type" : "Feature",
			"geometry" : {
				"type" : "Point",
				"coordinates" : [ 114.2044309877, 22.3313677905 ]
			},
			"properties" : {
				"OBJECTID" : 160,
				"DATASET_EN" : "Aided Primary Schools",
				"DATASET_TC" : "資助小學",
				"NAME_EN" : "PO LEUNG KUK STANLEY HO SAU NAN PRIMARY SCHOOL",
				"ADDRESS_EN" : "11 MUK HUNG STREET, KOWLOON CITY, KOWLOON (EXCEPT ROOMS 101-110, 1/F., ROOMS 201-210, 2/F., AND COMPUTER ROOM, 3/F. (FROM 3:30PM TO 6:30PM))",
				"NAME_TC" : "保良局何壽南小學",
				"ADDRESS_TC" : "九龍九龍城沐虹街11號(1樓課室101至110、2樓課室201至210及3樓電腦室(下午3：30至下午6：30除外))",
				"SEARCH01_EN" : "CO-ED",
				"SEARCH01_TC" : "男女",
				"SEARCH02_EN" : "WHOLE DAY",
				"SEARCH02_TC" : "全日",
				"SEARCH03_EN" : "KOWLOON CITY",
				"SEARCH03_TC" : "九龍城區",
				"SEARCH04_EN" : "PRIMARY",
				"SEARCH04_TC" : "小學",
				"SEARCH05_EN" : "AIDED",
				"SEARCH05_TC" : "資助",
				"NSEARCH01_EN" : "NOT APPLICABLE",
				"NSEARCH01_TC" : "不適用",
				"NSEARCH02_EN" : "23262627",
				"NSEARCH02_TC" : "23262627",
				"NSEARCH03_EN" : "23283261",
				"NSEARCH03_TC" : "23283261",
				"NSEARCH04_EN" : "http://www.plkhsn.edu.hk",
				"NSEARCH04_TC" : "http://www.plkhsn.edu.hk",
				"NSEARCH05_EN" : "114090000323",
				"NSEARCH05_TC" : "114090000323",
				"NORTHING" : 821369.5,
				"EASTING" : 839106.9,
				"LATITUDE" : 22.3313675,
				"LONGITUDE" : 114.20443098,
				"LASTUPDATE" : "20231124121916"
			}
		},
		{
			"type" : "Feature",
			"geometry" : {
				"type" : "Point",
				"coordinates" : [ 114.2223941813, 22.4053464204 ]
			},
			"properties" : {
				"OBJECTID" : 161,
				"DATASET_EN" : "Aided Primary Schools",
				"DATASET_TC" : "資助小學",
				"NAME_EN" : "KOWLOON CITY BAPTIST CHURCH HAY NIEN PRIMARY SCHOOL",
				"ADDRESS_EN" : "CHEVALIER GARDEN 3 HANG SHUN STREET MA ON SHAN SHATIN NEW TERRITORIES",
				"NAME_TC" : "九龍城浸信會禧年小學",
				"ADDRESS_TC" : "新界沙田馬鞍山恆信街3號富安花園",
				"SEARCH01_EN" : "CO-ED",
				"SEARCH01_TC" : "男女",
				"SEARCH02_EN" : "WHOLE DAY",
				"SEARCH02_TC" : "全日",
				"SEARCH03_EN" : "SHA TIN",
				"SEARCH03_TC" : "沙田區",
				"SEARCH04_EN" : "PRIMARY",
				"SEARCH04_TC" : "小學",
				"SEARCH05_EN" : "AIDED",
				"SEARCH05_TC" : "資助",
				"NSEARCH01_EN" : "PROTESTANTISM / CHRISTIANITY",
				"NSEARCH01_TC" : "基督教",
				"NSEARCH02_EN" : "26411213",
				"NSEARCH02_TC" : "26411213",
				"NSEARCH03_EN" : "26400688",
				"NSEARCH03_TC" : "26400688",
				"NSEARCH04_EN" : "http://www.haynien.edu.hk",
				"NSEARCH04_TC" : "http://www.haynien.edu.hk",
				"NSEARCH05_EN" : "115410000123",
				"NSEARCH05_TC" : "115410000123",
				"NORTHING" : 829562,
				"EASTING" : 840955,
				"LATITUDE" : 22.40534613,
				"LONGITUDE" : 114.22239418,
				"LASTUPDATE" : "20231124121916"
			}
		},
		{
			"type" : "Feature",
			"geometry" : {
				"type" : "Point",
				"coordinates" : [ 114.2237635583, 22.5495346906 ]
			},
			"properties" : {
				"OBJECTID" : 162,
				"DATASET_EN" : "Aided Primary Schools",
				"DATASET_TC" : "資助小學",
				"NAME_EN" : "FUK TAK EDUCATION SOCIETY PRIMARY SCHOOL",
				"ADDRESS_EN" : "SHAN TSUI VILLAGE SHA TAU KOK NEW TERRITORIES",
				"NAME_TC" : "福德學社小學",
				"ADDRESS_TC" : "新界沙頭角山咀村",
				"SEARCH01_EN" : "CO-ED",
				"SEARCH01_TC" : "男女",
				"SEARCH02_EN" : "WHOLE DAY",
				"SEARCH02_TC" : "全日",
				"SEARCH03_EN" : "NORTH",
				"SEARCH03_TC" : "北區",
				"SEARCH04_EN" : "PRIMARY",
				"SEARCH04_TC" : "小學",
				"SEARCH05_EN" : "AIDED",
				"SEARCH05_TC" : "資助",
				"NSEARCH01_EN" : "NOT APPLICABLE",
				"NSEARCH01_TC" : "不適用",
				"NSEARCH02_EN" : "26742120",
				"NSEARCH02_TC" : "26742120",
				"NSEARCH03_EN" : "26592056",
				"NSEARCH03_TC" : "26592056",
				"NSEARCH04_EN" : "http://www.ftesps.edu.hk",
				"NSEARCH04_TC" : "http://www.ftesps.edu.hk",
				"NSEARCH05_EN" : "112836000123",
				"NSEARCH05_TC" : "112836000123",
				"NORTHING" : 845529,
				"EASTING" : 841091,
				"LATITUDE" : 22.54953439,
				"LONGITUDE" : 114.22376355,
				"LASTUPDATE" : "20231124121915"
			}
		},
		{
			"type" : "Feature",
			"geometry" : {
				"type" : "Point",
				"coordinates" : [ 114.2398090929, 22.3005229394 ]
			},
			"properties" : {
				"OBJECTID" : 163,
				"DATASET_EN" : "Aided Primary Schools",
				"DATASET_TC" : "資助小學",
				"NAME_EN" : "HONG KONG TAOIST ASSOCIATION THE YUEN YUEN INSTITUTE CHAN LUI CHUNG TAK MEMORIAL SCHOOL",
				"ADDRESS_EN" : "KO CHIU ROAD YAU TONG KOWLOON",
				"NAME_TC" : "香港道教聯合會圓玄學院陳呂重德紀念學校",
				"ADDRESS_TC" : "九龍油塘高超道",
				"SEARCH01_EN" : "CO-ED",
				"SEARCH01_TC" : "男女",
				"SEARCH02_EN" : "WHOLE DAY",
				"SEARCH02_TC" : "全日",
				"SEARCH03_EN" : "KWUN TONG",
				"SEARCH03_TC" : "觀塘區",
				"SEARCH04_EN" : "PRIMARY",
				"SEARCH04_TC" : "小學",
				"SEARCH05_EN" : "AIDED",
				"SEARCH05_TC" : "資助",
				"NSEARCH01_EN" : "TAOISM",
				"NSEARCH01_TC" : "道教",
				"NSEARCH02_EN" : "27099978",
				"NSEARCH02_TC" : "27099978",
				"NSEARCH03_EN" : "27720311",
				"NSEARCH03_TC" : "27720311",
				"NSEARCH04_EN" : "http://www.clcts.edu.hk",
				"NSEARCH04_TC" : "http://www.clcts.edu.hk",
				"NSEARCH05_EN" : "518441000123",
				"NSEARCH05_TC" : "518441000123",
				"NORTHING" : 817955,
				"EASTING" : 842753,
				"LATITUDE" : 22.30052265,
				"LONGITUDE" : 114.23980909,
				"LASTUPDATE" : "20231124121915"
			}
		},
		{
			"type" : "Feature",
			"geometry" : {
				"type" : "Point",
				"coordinates" : [ 113.9436145961, 22.2881762901 ]
			},
			"properties" : {
				"OBJECTID" : 164,
				"DATASET_EN" : "Aided Primary Schools",
				"DATASET_TC" : "資助小學",
				"NAME_EN" : "PO ON COMMERCIAL ASSOCIATION WAN HO KAN PRIMARY SCHOOL",
				"ADDRESS_EN" : "PRIMARY SCHOOL NO 2 FU TUNG ESTATE TUNG CHUNG LANTAU ISLAND N T",
				"NAME_TC" : "寶安商會溫浩根小學",
				"ADDRESS_TC" : "新界大嶼山東涌富東邨第二號小學校舍",
				"SEARCH01_EN" : "CO-ED",
				"SEARCH01_TC" : "男女",
				"SEARCH02_EN" : "WHOLE DAY",
				"SEARCH02_TC" : "全日",
				"SEARCH03_EN" : "ISLANDS",
				"SEARCH03_TC" : "離島區",
				"SEARCH04_EN" : "PRIMARY",
				"SEARCH04_TC" : "小學",
				"SEARCH05_EN" : "AIDED",
				"SEARCH05_TC" : "資助",
				"NSEARCH01_EN" : "NOT APPLICABLE",
				"NSEARCH01_TC" : "不適用",
				"NSEARCH02_EN" : "21090045",
				"NSEARCH02_TC" : "21090045",
				"NSEARCH03_EN" : "21090047",
				"NSEARCH03_TC" : "21090047",
				"NSEARCH04_EN" : "http://www.pocawhk.edu.hk",
				"NSEARCH04_TC" : "http://www.pocawhk.edu.hk",
				"NSEARCH05_EN" : "522066000123",
				"NSEARCH05_TC" : "522066000123",
				"NORTHING" : 816605,
				"EASTING" : 812230,
				"LATITUDE" : 22.288176,
				"LONGITUDE" : 113.94361459,
				"LASTUPDATE" : "20231124121915"
			}
		},
		{
			"type" : "Feature",
			"geometry" : {
				"type" : "Point",
				"coordinates" : [ 114.1982899852, 22.3472399502 ]
			},
			"properties" : {
				"OBJECTID" : 165,
				"DATASET_EN" : "Aided Primary Schools",
				"DATASET_TC" : "資助小學",
				"NAME_EN" : "HO LAP PRIMARY SCHOOL (SPONSORED BY SIK SIK YUEN)",
				"ADDRESS_EN" : "88 SHEUNG FUNG STREET, TSZ WAN SHAN, KOWLOON",
				"NAME_TC" : "嗇色園主辦可立小學",
				"ADDRESS_TC" : "九龍慈雲山雙鳯街88號",
				"SEARCH01_EN" : "CO-ED",
				"SEARCH01_TC" : "男女",
				"SEARCH02_EN" : "WHOLE DAY",
				"SEARCH02_TC" : "全日",
				"SEARCH03_EN" : "WONG TAI SIN",
				"SEARCH03_TC" : "黃大仙區",
				"SEARCH04_EN" : "PRIMARY",
				"SEARCH04_TC" : "小學",
				"SEARCH05_EN" : "AIDED",
				"SEARCH05_TC" : "資助",
				"NSEARCH01_EN" : "CONFUCIANISM,BUDDHISM & TAOISM",
				"NSEARCH01_TC" : "儒釋道三教",
				"NSEARCH02_EN" : "23216003",
				"NSEARCH02_TC" : "23216003",
				"NSEARCH03_EN" : "23217710",
				"NSEARCH03_TC" : "23217710",
				"NSEARCH04_EN" : "http://www.holap-p.edu.hk",
				"NSEARCH04_TC" : "http://www.holap-p.edu.hk",
				"NSEARCH05_EN" : "518492000123",
				"NSEARCH05_TC" : "518492000123",
				"NORTHING" : 823127,
				"EASTING" : 838474,
				"LATITUDE" : 22.34723966,
				"LONGITUDE" : 114.19828998,
				"LASTUPDATE" : "20231124121915"
			}
		},
		{
			"type" : "Feature",
			"geometry" : {
				"type" : "Point",
				"coordinates" : [ 114.1027025357, 22.3539070195 ]
			},
			"properties" : {
				"OBJECTID" : 166,
				"DATASET_EN" : "Aided Primary Schools",
				"DATASET_TC" : "資助小學",
				"NAME_EN" : "TSUEN WAN TRADE ASSOCIATION PRIMARY SCHOOL",
				"ADDRESS_EN" : "ESTATE PRIMARY SCHOOL NO 1 TSING YI ESTATE AREA 1 TSING YI ISLAND NEW TERRITORIES",
				"NAME_TC" : "荃灣商會學校",
				"ADDRESS_TC" : "新界青衣島青衣邨一區第一屋邨小學",
				"SEARCH01_EN" : "CO-ED",
				"SEARCH01_TC" : "男女",
				"SEARCH02_EN" : "WHOLE DAY",
				"SEARCH02_TC" : "全日",
				"SEARCH03_EN" : "KWAI TSING",
				"SEARCH03_TC" : "葵青區",
				"SEARCH04_EN" : "PRIMARY",
				"SEARCH04_TC" : "小學",
				"SEARCH05_EN" : "AIDED",
				"SEARCH05_TC" : "資助",
				"NSEARCH01_EN" : "NOT APPLICABLE",
				"NSEARCH01_TC" : "不適用",
				"NSEARCH02_EN" : "24977911",
				"NSEARCH02_TC" : "24977911",
				"NSEARCH03_EN" : "24951133",
				"NSEARCH03_TC" : "24951133",
				"NSEARCH04_EN" : "http://www.twtaps.edu.hk",
				"NSEARCH04_TC" : "http://www.twtaps.edu.hk",
				"NSEARCH05_EN" : "115150000123",
				"NSEARCH05_TC" : "115150000123",
				"NORTHING" : 823867,
				"EASTING" : 828628,
				"LATITUDE" : 22.35390673,
				"LONGITUDE" : 114.10270253,
				"LASTUPDATE" : "20231124121915"
			}
		},
		{
			"type" : "Feature",
			"geometry" : {
				"type" : "Point",
				"coordinates" : [ 114.207857863, 22.3286805726 ]
			},
			"properties" : {
				"OBJECTID" : 167,
				"DATASET_EN" : "Aided Primary Schools",
				"DATASET_TC" : "資助小學",
				"NAME_EN" : "BISHOP PASCHANG CATHOLIC SCHOOL",
				"ADDRESS_EN" : "6 WANG CHIU ROAD KOWLOON BAY KOWLOON",
				"NAME_TC" : "天主教柏德學校",
				"ADDRESS_TC" : "九龍九龍灣宏照道6號",
				"SEARCH01_EN" : "CO-ED",
				"SEARCH01_TC" : "男女",
				"SEARCH02_EN" : "WHOLE DAY",
				"SEARCH02_TC" : "全日",
				"SEARCH03_EN" : "KWUN TONG",
				"SEARCH03_TC" : "觀塘區",
				"SEARCH04_EN" : "PRIMARY",
				"SEARCH04_TC" : "小學",
				"SEARCH05_EN" : "AIDED",
				"SEARCH05_TC" : "資助",
				"NSEARCH01_EN" : "CATHOLICISM",
				"NSEARCH01_TC" : "天主教",
				"NSEARCH02_EN" : "27993003",
				"NSEARCH02_TC" : "27993003",
				"NSEARCH03_EN" : "27990208",
				"NSEARCH03_TC" : "27990208",
				"NSEARCH04_EN" : "http://bpcs.edu.hk",
				"NSEARCH04_TC" : "http://bpcs.edu.hk",
				"NSEARCH05_EN" : "543187000123",
				"NSEARCH05_TC" : "543187000123",
				"NORTHING" : 821072,
				"EASTING" : 839460,
				"LATITUDE" : 22.32868028,
				"LONGITUDE" : 114.20785786,
				"LASTUPDATE" : "20231124121914"
			}
		},
		{
			"type" : "Feature",
			"geometry" : {
				"type" : "Point",
				"coordinates" : [ 114.1511173697, 22.2518399059 ]
			},
			"properties" : {
				"OBJECTID" : 168,
				"DATASET_EN" : "Aided Primary Schools",
				"DATASET_TC" : "資助小學",
				"NAME_EN" : "S.K.H. TIN WAN CHI NAM PRIMARY SCHOOL",
				"ADDRESS_EN" : "5 TIN WAN NEW STREET ABERDEEN HONG KONG",
				"NAME_TC" : "聖公會田灣始南小學",
				"ADDRESS_TC" : "香港香港仔田灣新街五號",
				"SEARCH01_EN" : "CO-ED",
				"SEARCH01_TC" : "男女",
				"SEARCH02_EN" : "WHOLE DAY",
				"SEARCH02_TC" : "全日",
				"SEARCH03_EN" : "SOUTHERN",
				"SEARCH03_TC" : "南區",
				"SEARCH04_EN" : "PRIMARY",
				"SEARCH04_TC" : "小學",
				"SEARCH05_EN" : "AIDED",
				"SEARCH05_TC" : "資助",
				"NSEARCH01_EN" : "PROTESTANTISM / CHRISTIANITY",
				"NSEARCH01_TC" : "基督教",
				"NSEARCH02_EN" : "25508326",
				"NSEARCH02_TC" : "25508326",
				"NSEARCH03_EN" : "25518258",
				"NSEARCH03_TC" : "25518258",
				"NSEARCH04_EN" : "http://www.tcn.edu.hk",
				"NSEARCH04_TC" : "http://www.tcn.edu.hk",
				"NSEARCH05_EN" : "530000000123",
				"NSEARCH05_TC" : "530000000123",
				"NORTHING" : 812563,
				"EASTING" : 833613,
				"LATITUDE" : 22.25183961,
				"LONGITUDE" : 114.15111737,
				"LASTUPDATE" : "20231124121914"
			}
		},
		{
			"type" : "Feature",
			"geometry" : {
				"type" : "Point",
				"coordinates" : [ 113.9453480991, 22.2902828952 ]
			},
			"properties" : {
				"OBJECTID" : 169,
				"DATASET_EN" : "Aided Primary Schools",
				"DATASET_TC" : "資助小學",
				"NAME_EN" : "LING LIANG CHURCH SAU TAK PRIMARY SCHOOL",
				"ADDRESS_EN" : "35 MAN TUNG ROAD TUNG CHUNG LANTAU ISLAND NEW TERRITORIES (INCLUDING 2 CARGO CONTAINERS FOR STORAGE OF FURNITURE & EQUIPMENT IN THE PARKING AREA)",
				"NAME_TC" : "靈糧堂秀德小學",
				"ADDRESS_TC" : "新界大嶼山東涌文東路35號(包括停車場內的2個貨櫃)",
				"SEARCH01_EN" : "CO-ED",
				"SEARCH01_TC" : "男女",
				"SEARCH02_EN" : "WHOLE DAY",
				"SEARCH02_TC" : "全日",
				"SEARCH03_EN" : "ISLANDS",
				"SEARCH03_TC" : "離島區",
				"SEARCH04_EN" : "PRIMARY",
				"SEARCH04_TC" : "小學",
				"SEARCH05_EN" : "AIDED",
				"SEARCH05_TC" : "資助",
				"NSEARCH01_EN" : "PROTESTANTISM / CHRISTIANITY",
				"NSEARCH01_TC" : "基督教",
				"NSEARCH02_EN" : "21094688",
				"NSEARCH02_TC" : "21094688",
				"NSEARCH03_EN" : "21094699",
				"NSEARCH03_TC" : "21094699",
				"NSEARCH04_EN" : "http://www.llcst.edu.hk",
				"NSEARCH04_TC" : "http://www.llcst.edu.hk",
				"NSEARCH05_EN" : "530026000123",
				"NSEARCH05_TC" : "530026000123",
				"NORTHING" : 816838,
				"EASTING" : 812409,
				"LATITUDE" : 22.2902826,
				"LONGITUDE" : 113.9453481,
				"LASTUPDATE" : "20231124121914"
			}
		},
		{
			"type" : "Feature",
			"geometry" : {
				"type" : "Point",
				"coordinates" : [ 114.1786119445, 22.3364769228 ]
			},
			"properties" : {
				"OBJECTID" : 170,
				"DATASET_EN" : "Aided Primary Schools",
				"DATASET_TC" : "資助小學",
				"NAME_EN" : "HOLY FAMILY CANOSSIAN SCHOOL (KOWLOON TONG)",
				"ADDRESS_EN" : "8 TIM FUK ROAD KOWLOON TONG KOWLOON",
				"NAME_TC" : "嘉諾撒聖家學校(九龍塘)",
				"ADDRESS_TC" : "九龍九龍塘添福道8號",
				"SEARCH01_EN" : "GIRLS",
				"SEARCH01_TC" : "女",
				"SEARCH02_EN" : "WHOLE DAY",
				"SEARCH02_TC" : "全日",
				"SEARCH03_EN" : "KOWLOON CITY",
				"SEARCH03_TC" : "九龍城區",
				"SEARCH04_EN" : "PRIMARY",
				"SEARCH04_TC" : "小學",
				"SEARCH05_EN" : "AIDED",
				"SEARCH05_TC" : "資助",
				"NSEARCH01_EN" : "CATHOLICISM",
				"NSEARCH01_TC" : "天主教",
				"NSEARCH02_EN" : "23365981",
				"NSEARCH02_TC" : "23365981",
				"NSEARCH03_EN" : "23365598",
				"NSEARCH03_TC" : "23365598",
				"NSEARCH04_EN" : "http://www.holyfamilykt.edu.hk",
				"NSEARCH04_TC" : "http://www.holyfamilykt.edu.hk",
				"NSEARCH05_EN" : "540196000223",
				"NSEARCH05_TC" : "540196000223",
				"NORTHING" : 821935,
				"EASTING" : 836447,
				"LATITUDE" : 22.33647663,
				"LONGITUDE" : 114.17861194,
				"LASTUPDATE" : "20231124121914"
			}
		},
		{
			"type" : "Feature",
			"geometry" : {
				"type" : "Point",
				"coordinates" : [ 113.9371348566, 22.2810959106 ]
			},
			"properties" : {
				"OBJECTID" : 171,
				"DATASET_EN" : "Aided Primary Schools",
				"DATASET_TC" : "資助小學",
				"NAME_EN" : "HKFEW WONG CHO BAU SCHOOL",
				"ADDRESS_EN" : "YAT TUNG ESTATE, TUNG CHUNG, LANTAU ISLAND, NEW TERRITORIES",
				"NAME_TC" : "香港教育工作者聯會黃楚標學校",
				"ADDRESS_TC" : "新界大嶼山東涌逸東邨",
				"SEARCH01_EN" : "CO-ED",
				"SEARCH01_TC" : "男女",
				"SEARCH02_EN" : "WHOLE DAY",
				"SEARCH02_TC" : "全日",
				"SEARCH03_EN" : "ISLANDS",
				"SEARCH03_TC" : "離島區",
				"SEARCH04_EN" : "PRIMARY",
				"SEARCH04_TC" : "小學",
				"SEARCH05_EN" : "AIDED",
				"SEARCH05_TC" : "資助",
				"NSEARCH01_EN" : "NOT APPLICABLE",
				"NSEARCH01_TC" : "不適用",
				"NSEARCH02_EN" : "21090087",
				"NSEARCH02_TC" : "21090087",
				"NSEARCH03_EN" : "21090086",
				"NSEARCH03_TC" : "21090086",
				"NSEARCH04_EN" : "http://www.hkfewwcb.edu.hk",
				"NSEARCH04_TC" : "http://www.hkfewwcb.edu.hk",
				"NSEARCH05_EN" : "535672000223",
				"NSEARCH05_TC" : "535672000223",
				"NORTHING" : 815822,
				"EASTING" : 811561,
				"LATITUDE" : 22.28109562,
				"LONGITUDE" : 113.93713485,
				"LASTUPDATE" : "20231124121913"
			}
		},
		{
			"type" : "Feature",
			"geometry" : {
				"type" : "Point",
				"coordinates" : [ 114.0318381261, 22.4412832161 ]
			},
			"properties" : {
				"OBJECTID" : 172,
				"DATASET_EN" : "Aided Primary Schools",
				"DATASET_TC" : "資助小學",
				"NAME_EN" : "CHRISTIAN & MISSIONARY ALLIANCE CHUI CHAK LAM MEMORIAL SCHOOL",
				"ADDRESS_EN" : "KIN TAK STREET YUEN LONG NEW TERRITORIES",
				"NAME_TC" : "基督教宣道會徐澤林紀念小學",
				"ADDRESS_TC" : "新界元朗建德街",
				"SEARCH01_EN" : "CO-ED",
				"SEARCH01_TC" : "男女",
				"SEARCH02_EN" : "WHOLE DAY",
				"SEARCH02_TC" : "全日",
				"SEARCH03_EN" : "YUEN LONG",
				"SEARCH03_TC" : "元朗區",
				"SEARCH04_EN" : "PRIMARY",
				"SEARCH04_TC" : "小學",
				"SEARCH05_EN" : "AIDED",
				"SEARCH05_TC" : "資助",
				"NSEARCH01_EN" : "PROTESTANTISM / CHRISTIANITY",
				"NSEARCH01_TC" : "基督教",
				"NSEARCH02_EN" : "23813904",
				"NSEARCH02_TC" : "23813904",
				"NSEARCH03_EN" : "29443325",
				"NSEARCH03_TC" : "29443325",
				"NSEARCH04_EN" : "http://www.ccl.edu.hk",
				"NSEARCH04_TC" : "http://www.ccl.edu.hk",
				"NSEARCH05_EN" : "540226000123",
				"NSEARCH05_TC" : "540226000123",
				"NORTHING" : 833548,
				"EASTING" : 821338,
				"LATITUDE" : 22.44128292,
				"LONGITUDE" : 114.03183812,
				"LASTUPDATE" : "20231124121913"
			}
		},
		{
			"type" : "Feature",
			"geometry" : {
				"type" : "Point",
				"coordinates" : [ 114.2155422371, 22.2816384776 ]
			},
			"properties" : {
				"OBJECTID" : 173,
				"DATASET_EN" : "Aided Primary Schools",
				"DATASET_TC" : "資助小學",
				"NAME_EN" : "SHANGHAI ALUMNI PRIMARY SCHOOL",
				"ADDRESS_EN" : "14 HONG SHING STREET KORNHILL QUARRY BAY HONG KONG",
				"NAME_TC" : "滬江小學",
				"ADDRESS_TC" : "香港鰂魚涌康怡花園康盛街14號",
				"SEARCH01_EN" : "CO-ED",
				"SEARCH01_TC" : "男女",
				"SEARCH02_EN" : "WHOLE DAY",
				"SEARCH02_TC" : "全日",
				"SEARCH03_EN" : "EASTERN",
				"SEARCH03_TC" : "東區",
				"SEARCH04_EN" : "PRIMARY",
				"SEARCH04_TC" : "小學",
				"SEARCH05_EN" : "AIDED",
				"SEARCH05_TC" : "資助",
				"NSEARCH01_EN" : "NOT APPLICABLE",
				"NSEARCH01_TC" : "不適用",
				"NSEARCH02_EN" : "28844775",
				"NSEARCH02_TC" : "28844775",
				"NSEARCH03_EN" : "25398088",
				"NSEARCH03_TC" : "25398088",
				"NSEARCH04_EN" : "http://www.sap.edu.hk",
				"NSEARCH04_TC" : "http://www.sap.edu.hk",
				"NSEARCH05_EN" : "513822000123",
				"NSEARCH05_TC" : "513822000123",
				"NORTHING" : 815863,
				"EASTING" : 840253,
				"LATITUDE" : 22.28163819,
				"LONGITUDE" : 114.21554223,
				"LASTUPDATE" : "20231124121913"
			}
		},
		{
			"type" : "Feature",
			"geometry" : {
				"type" : "Point",
				"coordinates" : [ 114.2311356056, 22.2818236539 ]
			},
			"properties" : {
				"OBJECTID" : 174,
				"DATASET_EN" : "Aided Primary Schools",
				"DATASET_TC" : "資助小學",
				"NAME_EN" : "SHAUKIWAN TSUNG TSIN SCHOOL",
				"ADDRESS_EN" : "3 BASEL ROAD SHAUKIWAN HONG KONG",
				"NAME_TC" : "筲箕灣崇真學校",
				"ADDRESS_TC" : "香港筲箕灣巴色道3號",
				"SEARCH01_EN" : "CO-ED",
				"SEARCH01_TC" : "男女",
				"SEARCH02_EN" : "WHOLE DAY",
				"SEARCH02_TC" : "全日",
				"SEARCH03_EN" : "EASTERN",
				"SEARCH03_TC" : "東區",
				"SEARCH04_EN" : "PRIMARY",
				"SEARCH04_TC" : "小學",
				"SEARCH05_EN" : "AIDED",
				"SEARCH05_TC" : "資助",
				"NSEARCH01_EN" : "PROTESTANTISM / CHRISTIANITY",
				"NSEARCH01_TC" : "基督教",
				"NSEARCH02_EN" : "25606272",
				"NSEARCH02_TC" : "25606272",
				"NSEARCH03_EN" : "25689410",
				"NSEARCH03_TC" : "25689410",
				"NSEARCH04_EN" : "http://www.skwtts.edu.hk",
				"NSEARCH04_TC" : "http://www.skwtts.edu.hk",
				"NSEARCH05_EN" : "513857000123",
				"NSEARCH05_TC" : "513857000123",
				"NORTHING" : 815884,
				"EASTING" : 841860,
				"LATITUDE" : 22.28182336,
				"LONGITUDE" : 114.2311356,
				"LASTUPDATE" : "20231124121913"
			}
		},
		{
			"type" : "Feature",
			"geometry" : {
				"type" : "Point",
				"coordinates" : [ 114.2230327933, 22.2803090153 ]
			},
			"properties" : {
				"OBJECTID" : 175,
				"DATASET_EN" : "Aided Primary Schools",
				"DATASET_TC" : "資助小學",
				"NAME_EN" : "THE HONG KONG CHINESE WOMEN'S CLUB HIOE TJO YOENG PRIMARY SCHOOL",
				"ADDRESS_EN" : "61 SAI WAN HO STREET SHAUKIWAN HONG KONG",
				"NAME_TC" : "香港中國婦女會丘佐榮學校",
				"ADDRESS_TC" : "香港筲箕灣西灣河街61號",
				"SEARCH01_EN" : "CO-ED",
				"SEARCH01_TC" : "男女",
				"SEARCH02_EN" : "WHOLE DAY",
				"SEARCH02_TC" : "全日",
				"SEARCH03_EN" : "EASTERN",
				"SEARCH03_TC" : "東區",
				"SEARCH04_EN" : "PRIMARY",
				"SEARCH04_TC" : "小學",
				"SEARCH05_EN" : "AIDED",
				"SEARCH05_TC" : "資助",
				"NSEARCH01_EN" : "NOT APPLICABLE",
				"NSEARCH01_TC" : "不適用",
				"NSEARCH02_EN" : "25602051",
				"NSEARCH02_TC" : "25602051",
				"NSEARCH03_EN" : "25689445",
				"NSEARCH03_TC" : "25689445",
				"NSEARCH04_EN" : "http://www.hkcwc-htyps.edu.hk",
				"NSEARCH04_TC" : "http://www.hkcwc-htyps.edu.hk",
				"NSEARCH05_EN" : "514497000123",
				"NSEARCH05_TC" : "514497000123",
				"NORTHING" : 815716,
				"EASTING" : 841025,
				"LATITUDE" : 22.28030872,
				"LONGITUDE" : 114.22303279,
				"LASTUPDATE" : "20231124121912"
			}
		},
		{
			"type" : "Feature",
			"geometry" : {
				"type" : "Point",
				"coordinates" : [ 114.2019785543, 22.3448372894 ]
			},
			"properties" : {
				"OBJECTID" : 176,
				"DATASET_EN" : "Aided Primary Schools",
				"DATASET_TC" : "資助小學",
				"NAME_EN" : "ST. BONAVENTURE CATHOLIC PRIMARY SCHOOL",
				"ADDRESS_EN" : "FUNG LAI ROAD FUNG TAK ESTATE DIAMOND HILL KOWLOON",
				"NAME_TC" : "聖文德天主教小學",
				"ADDRESS_TC" : "九龍鑽石山鳳德邨鳳禮道",
				"SEARCH01_EN" : "CO-ED",
				"SEARCH01_TC" : "男女",
				"SEARCH02_EN" : "WHOLE DAY",
				"SEARCH02_TC" : "全日",
				"SEARCH03_EN" : "WONG TAI SIN",
				"SEARCH03_TC" : "黃大仙區",
				"SEARCH04_EN" : "PRIMARY",
				"SEARCH04_TC" : "小學",
				"SEARCH05_EN" : "AIDED",
				"SEARCH05_TC" : "資助",
				"NSEARCH01_EN" : "CATHOLICISM",
				"NSEARCH01_TC" : "天主教",
				"NSEARCH02_EN" : "23202727",
				"NSEARCH02_TC" : "23202727",
				"NSEARCH03_EN" : "23201000",
				"NSEARCH03_TC" : "23201000",
				"NSEARCH04_EN" : "http://www.sbcps.edu.hk",
				"NSEARCH04_TC" : "http://www.sbcps.edu.hk",
				"NSEARCH05_EN" : "514004000123",
				"NSEARCH05_TC" : "514004000123",
				"NORTHING" : 822861,
				"EASTING" : 838854,
				"LATITUDE" : 22.344837,
				"LONGITUDE" : 114.20197855,
				"LASTUPDATE" : "20231124121912"
			}
		},
		{
			"type" : "Feature",
			"geometry" : {
				"type" : "Point",
				"coordinates" : [ 114.1565514719, 22.2423133134 ]
			},
			"properties" : {
				"OBJECTID" : 177,
				"DATASET_EN" : "Aided Primary Schools",
				"DATASET_TC" : "資助小學",
				"NAME_EN" : "ST. PETER'S CATHOLIC PRIMARY SCHOOL",
				"ADDRESS_EN" : "PHASE 2 LEI TUNG ESTATE AP LEI CHAU HONG KONG",
				"NAME_TC" : "聖伯多祿天主教小學",
				"ADDRESS_TC" : "香港鴨脷洲利東邨第二期",
				"SEARCH01_EN" : "CO-ED",
				"SEARCH01_TC" : "男女",
				"SEARCH02_EN" : "WHOLE DAY",
				"SEARCH02_TC" : "全日",
				"SEARCH03_EN" : "SOUTHERN",
				"SEARCH03_TC" : "南區",
				"SEARCH04_EN" : "PRIMARY",
				"SEARCH04_TC" : "小學",
				"SEARCH05_EN" : "AIDED",
				"SEARCH05_TC" : "資助",
				"NSEARCH01_EN" : "CATHOLICISM",
				"NSEARCH01_TC" : "天主教",
				"NSEARCH02_EN" : "28748311",
				"NSEARCH02_TC" : "28748311",
				"NSEARCH03_EN" : "28748658",
				"NSEARCH03_TC" : "28748658",
				"NSEARCH04_EN" : "http://www.spcps.edu.hk",
				"NSEARCH04_TC" : "http://www.spcps.edu.hk",
				"NSEARCH05_EN" : "514233000123",
				"NSEARCH05_TC" : "514233000123",
				"NORTHING" : 811508,
				"EASTING" : 834173,
				"LATITUDE" : 22.24231302,
				"LONGITUDE" : 114.15655147,
				"LASTUPDATE" : "20231124121912"
			}
		},
		{
			"type" : "Feature",
			"geometry" : {
				"type" : "Point",
				"coordinates" : [ 114.1488602697, 22.2840338027 ]
			},
			"properties" : {
				"OBJECTID" : 178,
				"DATASET_EN" : "Aided Primary Schools",
				"DATASET_TC" : "資助小學",
				"NAME_EN" : "SAN WUI COMMERCIAL SOCIETY SCHOOL",
				"ADDRESS_EN" : "1 KUI IN FONG SHEUNG WAN HONG KONG",
				"NAME_TC" : "新會商會學校",
				"ADDRESS_TC" : "香港上環居賢坊1號",
				"SEARCH01_EN" : "CO-ED",
				"SEARCH01_TC" : "男女",
				"SEARCH02_EN" : "WHOLE DAY",
				"SEARCH02_TC" : "全日",
				"SEARCH03_EN" : "CENTRAL AND WESTERN",
				"SEARCH03_TC" : "中西區",
				"SEARCH04_EN" : "PRIMARY",
				"SEARCH04_TC" : "小學",
				"SEARCH05_EN" : "AIDED",
				"SEARCH05_TC" : "資助",
				"NSEARCH01_EN" : "NOT APPLICABLE",
				"NSEARCH01_TC" : "不適用",
				"NSEARCH02_EN" : "25465712",
				"NSEARCH02_TC" : "25465712",
				"NSEARCH03_EN" : "25405830",
				"NSEARCH03_TC" : "25405830",
				"NSEARCH04_EN" : "http://www.swcss.edu.hk",
				"NSEARCH04_TC" : "http://www.swcss.edu.hk",
				"NSEARCH05_EN" : "513750000123",
				"NSEARCH05_TC" : "513750000123",
				"NORTHING" : 816128,
				"EASTING" : 833381,
				"LATITUDE" : 22.28403351,
				"LONGITUDE" : 114.14886027,
				"LASTUPDATE" : "20231124121911"
			}
		},
		{
			"type" : "Feature",
			"geometry" : {
				"type" : "Point",
				"coordinates" : [ 114.0237040474, 22.444129323 ]
			},
			"properties" : {
				"OBJECTID" : 179,
				"DATASET_EN" : "Aided Primary Schools",
				"DATASET_TC" : "資助小學",
				"NAME_EN" : "YUEN LONG MERCHANTS ASSOCIATION PRIMARY SCHOOL",
				"ADDRESS_EN" : "244 CASTLE PEAK ROAD YUEN LONG NEW TERRITORIES",
				"NAME_TC" : "元朗商會小學",
				"ADDRESS_TC" : "新界元朗青山公路244號",
				"SEARCH01_EN" : "CO-ED",
				"SEARCH01_TC" : "男女",
				"SEARCH02_EN" : "WHOLE DAY",
				"SEARCH02_TC" : "全日",
				"SEARCH03_EN" : "YUEN LONG",
				"SEARCH03_TC" : "元朗區",
				"SEARCH04_EN" : "PRIMARY",
				"SEARCH04_TC" : "小學",
				"SEARCH05_EN" : "AIDED",
				"SEARCH05_TC" : "資助",
				"NSEARCH01_EN" : "NOT APPLICABLE",
				"NSEARCH01_TC" : "不適用",
				"NSEARCH02_EN" : "24762268",
				"NSEARCH02_TC" : "24762268",
				"NSEARCH03_EN" : "24747305",
				"NSEARCH03_TC" : "24747305",
				"NSEARCH04_EN" : "http://www.ylmaps.edu.hk",
				"NSEARCH04_TC" : "http://www.ylmaps.edu.hk",
				"NSEARCH05_EN" : "515051000123",
				"NSEARCH05_TC" : "515051000123",
				"NORTHING" : 833864,
				"EASTING" : 820501,
				"LATITUDE" : 22.44412903,
				"LONGITUDE" : 114.02370404,
				"LASTUPDATE" : "20231124121911"
			}
		},
		{
			"type" : "Feature",
			"geometry" : {
				"type" : "Point",
				"coordinates" : [ 114.0771052669, 22.4983807295 ]
			},
			"properties" : {
				"OBJECTID" : 180,
				"DATASET_EN" : "Aided Primary Schools",
				"DATASET_TC" : "資助小學",
				"NAME_EN" : "TUN YU SCHOOL",
				"ADDRESS_EN" : "SAN TIN YUEN LONG NEW TERRITORIES",
				"NAME_TC" : "惇裕學校",
				"ADDRESS_TC" : "元朗新田",
				"SEARCH01_EN" : "CO-ED",
				"SEARCH01_TC" : "男女",
				"SEARCH02_EN" : "WHOLE DAY",
				"SEARCH02_TC" : "全日",
				"SEARCH03_EN" : "YUEN LONG",
				"SEARCH03_TC" : "元朗區",
				"SEARCH04_EN" : "PRIMARY",
				"SEARCH04_TC" : "小學",
				"SEARCH05_EN" : "AIDED",
				"SEARCH05_TC" : "資助",
				"NSEARCH01_EN" : "NOT APPLICABLE",
				"NSEARCH01_TC" : "不適用",
				"NSEARCH02_EN" : "24711915",
				"NSEARCH02_TC" : "24711915",
				"NSEARCH03_EN" : "24823501",
				"NSEARCH03_TC" : "24823501",
				"NSEARCH04_EN" : "http://www.tys.edu.hk",
				"NSEARCH04_TC" : "http://www.tys.edu.hk",
				"NSEARCH05_EN" : "514683000123",
				"NSEARCH05_TC" : "514683000123",
				"NORTHING" : 839867,
				"EASTING" : 826002,
				"LATITUDE" : 22.49838043,
				"LONGITUDE" : 114.07710526,
				"LASTUPDATE" : "20231124121911"
			}
		},
		{
			"type" : "Feature",
			"geometry" : {
				"type" : "Point",
				"coordinates" : [ 114.1947836256, 22.3331075329 ]
			},
			"properties" : {
				"OBJECTID" : 181,
				"DATASET_EN" : "Aided Primary Schools",
				"DATASET_TC" : "資助小學",
				"NAME_EN" : "NG WAH CATHOLIC PRIMARY SCHOOL",
				"ADDRESS_EN" : "5 CHOI HUNG ROAD SAN PO KONG KOWLOON",
				"NAME_TC" : "天主教伍華小學",
				"ADDRESS_TC" : "九龍新蒲崗彩虹道5號",
				"SEARCH01_EN" : "CO-ED",
				"SEARCH01_TC" : "男女",
				"SEARCH02_EN" : "WHOLE DAY",
				"SEARCH02_TC" : "全日",
				"SEARCH03_EN" : "WONG TAI SIN",
				"SEARCH03_TC" : "黃大仙區",
				"SEARCH04_EN" : "PRIMARY",
				"SEARCH04_TC" : "小學",
				"SEARCH05_EN" : "AIDED",
				"SEARCH05_TC" : "資助",
				"NSEARCH01_EN" : "CATHOLICISM",
				"NSEARCH01_TC" : "天主教",
				"NSEARCH02_EN" : "23838079",
				"NSEARCH02_TC" : "23838079",
				"NSEARCH03_EN" : "23827592",
				"NSEARCH03_TC" : "23827592",
				"NSEARCH04_EN" : "http://www.nwcps.edu.hk",
				"NSEARCH04_TC" : "http://www.nwcps.edu.hk",
				"NSEARCH05_EN" : "513059000123",
				"NSEARCH05_TC" : "513059000123",
				"NORTHING" : 821562,
				"EASTING" : 838113,
				"LATITUDE" : 22.33310724,
				"LONGITUDE" : 114.19478362,
				"LASTUPDATE" : "20231124121910"
			}
		},
		{
			"type" : "Feature",
			"geometry" : {
				"type" : "Point",
				"coordinates" : [ 114.1315074675, 22.5027217465 ]
			},
			"properties" : {
				"OBJECTID" : 182,
				"DATASET_EN" : "Aided Primary Schools",
				"DATASET_TC" : "資助小學",
				"NAME_EN" : "YUK YIN SCHOOL",
				"ADDRESS_EN" : "JOCKEY CLUB ROAD, SHEUNG SHUI, NEW TERRITORIES",
				"NAME_TC" : "育賢學校",
				"ADDRESS_TC" : "新界上水馬會道",
				"SEARCH01_EN" : "CO-ED",
				"SEARCH01_TC" : "男女",
				"SEARCH02_EN" : "WHOLE DAY",
				"SEARCH02_TC" : "全日",
				"SEARCH03_EN" : "NORTH",
				"SEARCH03_TC" : "北區",
				"SEARCH04_EN" : "PRIMARY",
				"SEARCH04_TC" : "小學",
				"SEARCH05_EN" : "AIDED",
				"SEARCH05_TC" : "資助",
				"NSEARCH01_EN" : "NOT APPLICABLE",
				"NSEARCH01_TC" : "不適用",
				"NSEARCH02_EN" : "26729917",
				"NSEARCH02_TC" : "26729917",
				"NSEARCH03_EN" : "26685879",
				"NSEARCH03_TC" : "26685879",
				"NSEARCH04_EN" : "http://www.yukyinschool.edu.hk",
				"NSEARCH04_TC" : "http://www.yukyinschool.edu.hk",
				"NSEARCH05_EN" : "515086000123",
				"NSEARCH05_TC" : "515086000123",
				"NORTHING" : 840345,
				"EASTING" : 831600,
				"LATITUDE" : 22.50272145,
				"LONGITUDE" : 114.13150746,
				"LASTUPDATE" : "20231124121910"
			}
		},
		{
			"type" : "Feature",
			"geometry" : {
				"type" : "Point",
				"coordinates" : [ 114.029108513, 22.2106581723 ]
			},
			"properties" : {
				"OBJECTID" : 183,
				"DATASET_EN" : "Aided Primary Schools",
				"DATASET_TC" : "資助小學",
				"NAME_EN" : "KWOK MAN SCHOOL",
				"ADDRESS_EN" : "30 KWOK MAN ROAD CHEUNG CHAU NEW TERRITORIES",
				"NAME_TC" : "國民學校",
				"ADDRESS_TC" : "新界長洲國民路30號",
				"SEARCH01_EN" : "CO-ED",
				"SEARCH01_TC" : "男女",
				"SEARCH02_EN" : "WHOLE DAY",
				"SEARCH02_TC" : "全日",
				"SEARCH03_EN" : "ISLANDS",
				"SEARCH03_TC" : "離島區",
				"SEARCH04_EN" : "PRIMARY",
				"SEARCH04_TC" : "小學",
				"SEARCH05_EN" : "AIDED",
				"SEARCH05_TC" : "資助",
				"NSEARCH01_EN" : "NOT APPLICABLE",
				"NSEARCH01_TC" : "不適用",
				"NSEARCH02_EN" : "29810432",
				"NSEARCH02_TC" : "29810432",
				"NSEARCH03_EN" : "29816345",
				"NSEARCH03_TC" : "29816345",
				"NSEARCH04_EN" : "http://www.cckms.edu.hk",
				"NSEARCH04_TC" : "http://www.cckms.edu.hk",
				"NSEARCH05_EN" : "512559000123",
				"NSEARCH05_TC" : "512559000123",
				"NORTHING" : 808010,
				"EASTING" : 821032,
				"LATITUDE" : 22.21065788,
				"LONGITUDE" : 114.02910851,
				"LASTUPDATE" : "20231124121910"
			}
		},
		{
			"type" : "Feature",
			"geometry" : {
				"type" : "Point",
				"coordinates" : [ 114.223240063, 22.3202874831 ]
			},
			"properties" : {
				"OBJECTID" : 184,
				"DATASET_EN" : "Aided Primary Schools",
				"DATASET_TC" : "資助小學",
				"NAME_EN" : "LOK SIN TONG YEUNG CHUNG MING PRIMARY SCHOOL",
				"ADDRESS_EN" : "LOK WAH SOUTH ESTATE NGAU TAU KOK KWUN TONG KOWLOON",
				"NAME_TC" : "樂善堂楊仲明學校",
				"ADDRESS_TC" : "九龍觀塘牛頭角樂華南邨",
				"SEARCH01_EN" : "CO-ED",
				"SEARCH01_TC" : "男女",
				"SEARCH02_EN" : "WHOLE DAY",
				"SEARCH02_TC" : "全日",
				"SEARCH03_EN" : "KWUN TONG",
				"SEARCH03_TC" : "觀塘區",
				"SEARCH04_EN" : "PRIMARY",
				"SEARCH04_TC" : "小學",
				"SEARCH05_EN" : "AIDED",
				"SEARCH05_TC" : "資助",
				"NSEARCH01_EN" : "NOT APPLICABLE",
				"NSEARCH01_TC" : "不適用",
				"NSEARCH02_EN" : "27559195",
				"NSEARCH02_TC" : "27559195",
				"NSEARCH03_EN" : "27961057",
				"NSEARCH03_TC" : "27961057",
				"NSEARCH04_EN" : "http://www.ycmps.edu.hk",
				"NSEARCH04_TC" : "http://www.ycmps.edu.hk",
				"NSEARCH05_EN" : "512729000123",
				"NSEARCH05_TC" : "512729000123",
				"NORTHING" : 820143,
				"EASTING" : 841045,
				"LATITUDE" : 22.32028719,
				"LONGITUDE" : 114.22324006,
				"LASTUPDATE" : "20231124121910"
			}
		},
		{
			"type" : "Feature",
			"geometry" : {
				"type" : "Point",
				"coordinates" : [ 114.1136723487, 22.2257039136 ]
			},
			"properties" : {
				"OBJECTID" : 185,
				"DATASET_EN" : "Aided Primary Schools",
				"DATASET_TC" : "資助小學",
				"NAME_EN" : "NORTHERN LAMMA SCHOOL",
				"ADDRESS_EN" : "NO 1 YUNG SHUE LING YUNG SHUE WAN LAMMA ISLAND NEW TERRITORIES",
				"NAME_TC" : "南丫北段公立小學",
				"ADDRESS_TC" : "新界南丫島榕樹灣榕樹嶺一號",
				"SEARCH01_EN" : "CO-ED",
				"SEARCH01_TC" : "男女",
				"SEARCH02_EN" : "WHOLE DAY",
				"SEARCH02_TC" : "全日",
				"SEARCH03_EN" : "ISLANDS",
				"SEARCH03_TC" : "離島區",
				"SEARCH04_EN" : "PRIMARY",
				"SEARCH04_TC" : "小學",
				"SEARCH05_EN" : "AIDED",
				"SEARCH05_TC" : "資助",
				"NSEARCH01_EN" : "NOT APPLICABLE",
				"NSEARCH01_TC" : "不適用",
				"NSEARCH02_EN" : "29820242",
				"NSEARCH02_TC" : "29820242",
				"NSEARCH03_EN" : "29822484",
				"NSEARCH03_TC" : "29822484",
				"NSEARCH04_EN" : "http://www.nls.edu.hk",
				"NSEARCH04_TC" : "http://www.nls.edu.hk",
				"NSEARCH05_EN" : "513105000123",
				"NSEARCH05_TC" : "513105000123",
				"NORTHING" : 809670,
				"EASTING" : 829752,
				"LATITUDE" : 22.22570362,
				"LONGITUDE" : 114.11367234,
				"LASTUPDATE" : "20231124121909"
			}
		},
		{
			"type" : "Feature",
			"geometry" : {
				"type" : "Point",
				"coordinates" : [ 114.111477625, 22.5018389175 ]
			},
			"properties" : {
				"OBJECTID" : 186,
				"DATASET_EN" : "Aided Primary Schools",
				"DATASET_TC" : "資助小學",
				"NAME_EN" : "KAM TSIN VILLAGE HO TUNG SCHOOL",
				"ADDRESS_EN" : "KAM TSIN VILLAGE, SHEUNG SHUI, NEW TERRITORIES",
				"NAME_TC" : "金錢村何東學校",
				"ADDRESS_TC" : "新界上水金錢村",
				"SEARCH01_EN" : "CO-ED",
				"SEARCH01_TC" : "男女",
				"SEARCH02_EN" : "WHOLE DAY",
				"SEARCH02_TC" : "全日",
				"SEARCH03_EN" : "NORTH",
				"SEARCH03_TC" : "北區",
				"SEARCH04_EN" : "PRIMARY",
				"SEARCH04_TC" : "小學",
				"SEARCH05_EN" : "AIDED",
				"SEARCH05_TC" : "資助",
				"NSEARCH01_EN" : "NOT APPLICABLE",
				"NSEARCH01_TC" : "不適用",
				"NSEARCH02_EN" : "26703849",
				"NSEARCH02_TC" : "26703849",
				"NSEARCH03_EN" : "26685391",
				"NSEARCH03_TC" : "26685391",
				"NSEARCH04_EN" : "http://www.ktvhts.edu.hk",
				"NSEARCH04_TC" : "http://www.ktvhts.edu.hk",
				"NSEARCH05_EN" : "512257000123",
				"NSEARCH05_TC" : "512257000123",
				"NORTHING" : 840248,
				"EASTING" : 829539,
				"LATITUDE" : 22.50183862,
				"LONGITUDE" : 114.11147762,
				"LASTUPDATE" : "20231124121909"
			}
		},
		{
			"type" : "Feature",
			"geometry" : {
				"type" : "Point",
				"coordinates" : [ 114.1901382968, 22.2758900304 ]
			},
			"properties" : {
				"OBJECTID" : 187,
				"DATASET_EN" : "Aided Primary Schools",
				"DATASET_TC" : "資助小學",
				"NAME_EN" : "BUDDHIST WONG CHEUK UM PRIMARY SCHOOL",
				"ADDRESS_EN" : "11 EASTERN HOSPITAL ROAD, CAUSEWAY BAY, HONG KONG",
				"NAME_TC" : "佛教黃焯菴小學",
				"ADDRESS_TC" : "香港銅鑼灣東院道11號",
				"SEARCH01_EN" : "CO-ED",
				"SEARCH01_TC" : "男女",
				"SEARCH02_EN" : "WHOLE DAY",
				"SEARCH02_TC" : "全日",
				"SEARCH03_EN" : "WAN CHAI",
				"SEARCH03_TC" : "灣仔區",
				"SEARCH04_EN" : "PRIMARY",
				"SEARCH04_TC" : "小學",
				"SEARCH05_EN" : "AIDED",
				"SEARCH05_TC" : "資助",
				"NSEARCH01_EN" : "BUDDHISM",
				"NSEARCH01_TC" : "佛教",
				"NSEARCH02_EN" : "25762638",
				"NSEARCH02_TC" : "25762638",
				"NSEARCH03_EN" : "28824449",
				"NSEARCH03_TC" : "28824449",
				"NSEARCH04_EN" : "http://www.bwcups.edu.hk",
				"NSEARCH04_TC" : "http://www.bwcups.edu.hk",
				"NSEARCH05_EN" : "511293000123",
				"NSEARCH05_TC" : "511293000123",
				"NORTHING" : 815226,
				"EASTING" : 837635,
				"LATITUDE" : 22.27588974,
				"LONGITUDE" : 114.19013829,
				"LASTUPDATE" : "20231124121909"
			}
		},
		{
			"type" : "Feature",
			"geometry" : {
				"type" : "Point",
				"coordinates" : [ 114.1872130313, 22.3439268213 ]
			},
			"properties" : {
				"OBJECTID" : 188,
				"DATASET_EN" : "Aided Primary Schools",
				"DATASET_TC" : "資助小學",
				"NAME_EN" : "PRICE MEMORIAL CATHOLIC PRIMARY SCHOOL",
				"ADDRESS_EN" : "TIN MA COURT 53 CHUK YUEN ROAD KOWLOON & ANNEX BUILDING 53 CHUK YUEN ROAD WONG TAI SIN KOWLOON",
				"NAME_TC" : "天主教博智小學",
				"ADDRESS_TC" : "九龍黃大仙竹園道53號天馬苑",
				"SEARCH01_EN" : "CO-ED",
				"SEARCH01_TC" : "男女",
				"SEARCH02_EN" : "WHOLE DAY",
				"SEARCH02_TC" : "全日",
				"SEARCH03_EN" : "WONG TAI SIN",
				"SEARCH03_TC" : "黃大仙區",
				"SEARCH04_EN" : "PRIMARY",
				"SEARCH04_TC" : "小學",
				"SEARCH05_EN" : "AIDED",
				"SEARCH05_TC" : "資助",
				"NSEARCH01_EN" : "CATHOLICISM",
				"NSEARCH01_TC" : "天主教",
				"NSEARCH02_EN" : "23288033",
				"NSEARCH02_TC" : "23288033",
				"NSEARCH03_EN" : "23202604",
				"NSEARCH03_TC" : "23202604",
				"NSEARCH04_EN" : "http://www.pmcps.edu.hk",
				"NSEARCH04_TC" : "http://www.pmcps.edu.hk",
				"NSEARCH05_EN" : "513334000123",
				"NSEARCH05_TC" : "513334000123",
				"NORTHING" : 822760,
				"EASTING" : 837333,
				"LATITUDE" : 22.34392653,
				"LONGITUDE" : 114.18721303,
				"LASTUPDATE" : "20231124121909"
			}
		},
		{
			"type" : "Feature",
			"geometry" : {
				"type" : "Point",
				"coordinates" : [ 114.1944637946, 22.3370629606 ]
			},
			"properties" : {
				"OBJECTID" : 189,
				"DATASET_EN" : "Aided Primary Schools",
				"DATASET_TC" : "資助小學",
				"NAME_EN" : "S.K.H. KEI TAK PRIMARY SCHOOL",
				"ADDRESS_EN" : "TAI SHING STREET WONG TAI SIN KOWLOON & ANNEX BLOCK AT NKIL 4420 WONG TAI SIN KOWLOON",
				"NAME_TC" : "聖公會基德小學",
				"ADDRESS_TC" : "九龍黃大仙大成街",
				"SEARCH01_EN" : "CO-ED",
				"SEARCH01_TC" : "男女",
				"SEARCH02_EN" : "WHOLE DAY",
				"SEARCH02_TC" : "全日",
				"SEARCH03_EN" : "WONG TAI SIN",
				"SEARCH03_TC" : "黃大仙區",
				"SEARCH04_EN" : "PRIMARY",
				"SEARCH04_TC" : "小學",
				"SEARCH05_EN" : "AIDED",
				"SEARCH05_TC" : "資助",
				"NSEARCH01_EN" : "PROTESTANTISM / CHRISTIANITY",
				"NSEARCH01_TC" : "基督教",
				"NSEARCH02_EN" : "23203077",
				"NSEARCH02_TC" : "23203077",
				"NSEARCH03_EN" : "23202449",
				"NSEARCH03_TC" : "23202449",
				"NSEARCH04_EN" : "http://www.skhkt.edu.hk",
				"NSEARCH04_TC" : "http://www.skhkt.edu.hk",
				"NSEARCH05_EN" : "513512000123",
				"NSEARCH05_TC" : "513512000123",
				"NORTHING" : 822000,
				"EASTING" : 838080,
				"LATITUDE" : 22.33706267,
				"LONGITUDE" : 114.19446379,
				"LASTUPDATE" : "20231124121909"
			}
		},
		{
			"type" : "Feature",
			"geometry" : {
				"type" : "Point",
				"coordinates" : [ 114.1466765971, 22.2858034156 ]
			},
			"properties" : {
				"OBJECTID" : 190,
				"DATASET_EN" : "Aided Primary Schools",
				"DATASET_TC" : "資助小學",
				"NAME_EN" : "S.K.H. ST. MATTHEW'S PRIMARY SCHOOL",
				"ADDRESS_EN" : "12-20 NEW STREET SHEUNG WAN HONG KONG",
				"NAME_TC" : "聖公會聖馬太小學",
				"ADDRESS_TC" : "香港新街12-20號",
				"SEARCH01_EN" : "CO-ED",
				"SEARCH01_TC" : "男女",
				"SEARCH02_EN" : "WHOLE DAY",
				"SEARCH02_TC" : "全日",
				"SEARCH03_EN" : "CENTRAL AND WESTERN",
				"SEARCH03_TC" : "中西區",
				"SEARCH04_EN" : "PRIMARY",
				"SEARCH04_TC" : "小學",
				"SEARCH05_EN" : "AIDED",
				"SEARCH05_TC" : "資助",
				"NSEARCH01_EN" : "PROTESTANTISM / CHRISTIANITY",
				"NSEARCH01_TC" : "基督教",
				"NSEARCH02_EN" : "25483368",
				"NSEARCH02_TC" : "25483368",
				"NSEARCH03_EN" : "29754641",
				"NSEARCH03_TC" : "29754641",
				"NSEARCH04_EN" : "http://www.stmatthew.edu.hk",
				"NSEARCH04_TC" : "http://www.stmatthew.edu.hk",
				"NSEARCH05_EN" : "513601000123",
				"NSEARCH05_TC" : "513601000123",
				"NORTHING" : 816324,
				"EASTING" : 833156,
				"LATITUDE" : 22.28580312,
				"LONGITUDE" : 114.14667659,
				"LASTUPDATE" : "20231124121908"
			}
		},
		{
			"type" : "Feature",
			"geometry" : {
				"type" : "Point",
				"coordinates" : [ 114.2139700974, 22.2808983328 ]
			},
			"properties" : {
				"OBJECTID" : 191,
				"DATASET_EN" : "Aided Primary Schools",
				"DATASET_TC" : "資助小學",
				"NAME_EN" : "BUDDHIST CHUNG WAH KORNHILL PRIMARY SCHOOL",
				"ADDRESS_EN" : "2 HONG YUE STREET, QUARRY BAY, HONG KONG",
				"NAME_TC" : "佛教中華康山學校",
				"ADDRESS_TC" : "香港鰂魚涌康愉街二號",
				"SEARCH01_EN" : "CO-ED",
				"SEARCH01_TC" : "男女",
				"SEARCH02_EN" : "WHOLE DAY",
				"SEARCH02_TC" : "全日",
				"SEARCH03_EN" : "EASTERN",
				"SEARCH03_TC" : "東區",
				"SEARCH04_EN" : "PRIMARY",
				"SEARCH04_TC" : "小學",
				"SEARCH05_EN" : "AIDED",
				"SEARCH05_TC" : "資助",
				"NSEARCH01_EN" : "BUDDHISM",
				"NSEARCH01_TC" : "佛教",
				"NSEARCH02_EN" : "28844115",
				"NSEARCH02_TC" : "28844115",
				"NSEARCH03_EN" : "25679897",
				"NSEARCH03_TC" : "25679897",
				"NSEARCH04_EN" : "http://www.bcwkps.edu.hk",
				"NSEARCH04_TC" : "http://www.bcwkps.edu.hk",
				"NSEARCH05_EN" : "511250000123",
				"NSEARCH05_TC" : "511250000123",
				"NORTHING" : 815781,
				"EASTING" : 840091,
				"LATITUDE" : 22.28089804,
				"LONGITUDE" : 114.21397009,
				"LASTUPDATE" : "20231124121908"
			}
		},
		{
			"type" : "Feature",
			"geometry" : {
				"type" : "Point",
				"coordinates" : [ 113.9778403516, 22.3971932462 ]
			},
			"properties" : {
				"OBJECTID" : 192,
				"DATASET_EN" : "Aided Primary Schools",
				"DATASET_TC" : "資助小學",
				"NAME_EN" : "THE CHURCH OF CHRIST IN CHINA BUT SAN PRIMARY SCHOOL",
				"ADDRESS_EN" : "28 CASTLE PEAK ROAD SAN HUI TUEN MUN NEW TERRITORIES",
				"NAME_TC" : "中華基督教會拔臣小學",
				"ADDRESS_TC" : "新界屯門新墟青山公路28號",
				"SEARCH01_EN" : "CO-ED",
				"SEARCH01_TC" : "男女",
				"SEARCH02_EN" : "WHOLE DAY",
				"SEARCH02_TC" : "全日",
				"SEARCH03_EN" : "TUEN MUN",
				"SEARCH03_TC" : "屯門區",
				"SEARCH04_EN" : "PRIMARY",
				"SEARCH04_TC" : "小學",
				"SEARCH05_EN" : "AIDED",
				"SEARCH05_TC" : "資助",
				"NSEARCH01_EN" : "PROTESTANTISM / CHRISTIANITY",
				"NSEARCH01_TC" : "基督教",
				"NSEARCH02_EN" : "24596221",
				"NSEARCH02_TC" : "24596221",
				"NSEARCH03_EN" : "24400266",
				"NSEARCH03_TC" : "24400266",
				"NSEARCH04_EN" : "http://www.butsan.edu.hk",
				"NSEARCH04_TC" : "http://www.butsan.edu.hk",
				"NSEARCH05_EN" : "511323000123",
				"NSEARCH05_TC" : "511323000123",
				"NORTHING" : 828672,
				"EASTING" : 815773,
				"LATITUDE" : 22.39719295,
				"LONGITUDE" : 113.97784035,
				"LASTUPDATE" : "20231124121908"
			}
		},
		{
			"type" : "Feature",
			"geometry" : {
				"type" : "Point",
				"coordinates" : [ 114.1979387726, 22.4001769854 ]
			},
			"properties" : {
				"OBJECTID" : 193,
				"DATASET_EN" : "Aided Primary Schools",
				"DATASET_TC" : "資助小學",
				"NAME_EN" : "STEWARDS POOI KEI PRIMARY SCHOOL",
				"ADDRESS_EN" : "STANDARD PRIMARY SCHOOL AT AREA 43 LOK HA SQUARE FO TAN SHATIN NEW TERRITORIES",
				"NAME_TC" : "培基小學",
				"ADDRESS_TC" : "新界沙田火炭樂霞坊第四十三區標準小學校舍",
				"SEARCH01_EN" : "CO-ED",
				"SEARCH01_TC" : "男女",
				"SEARCH02_EN" : "WHOLE DAY",
				"SEARCH02_TC" : "全日",
				"SEARCH03_EN" : "SHA TIN",
				"SEARCH03_TC" : "沙田區",
				"SEARCH04_EN" : "PRIMARY",
				"SEARCH04_TC" : "小學",
				"SEARCH05_EN" : "AIDED",
				"SEARCH05_TC" : "資助",
				"NSEARCH01_EN" : "PROTESTANTISM / CHRISTIANITY",
				"NSEARCH01_TC" : "基督教",
				"NSEARCH02_EN" : "26025353",
				"NSEARCH02_TC" : "26025353",
				"NSEARCH03_EN" : "26973808",
				"NSEARCH03_TC" : "26973808",
				"NSEARCH04_EN" : "http://www.pooikei.edu.hk",
				"NSEARCH04_TC" : "http://www.pooikei.edu.hk",
				"NSEARCH05_EN" : "115584000123",
				"NSEARCH05_TC" : "115584000123",
				"NORTHING" : 828989,
				"EASTING" : 838437,
				"LATITUDE" : 22.40017669,
				"LONGITUDE" : 114.19793877,
				"LASTUPDATE" : "20231124121908"
			}
		},
		{
			"type" : "Feature",
			"geometry" : {
				"type" : "Point",
				"coordinates" : [ 114.1689732478, 22.2754198896 ]
			},
			"properties" : {
				"OBJECTID" : 194,
				"DATASET_EN" : "Aided Primary Schools",
				"DATASET_TC" : "資助小學",
				"NAME_EN" : "ST. FRANCIS' CANOSSIAN SCHOOL",
				"ADDRESS_EN" : "42 & 44 ST FRANCIS STREET, WANCHAI, HONG KONG",
				"NAME_TC" : "嘉諾撒聖方濟各學校",
				"ADDRESS_TC" : "香港灣仔聖佛蘭士街42及44號",
				"SEARCH01_EN" : "GIRLS",
				"SEARCH01_TC" : "女",
				"SEARCH02_EN" : "WHOLE DAY",
				"SEARCH02_TC" : "全日",
				"SEARCH03_EN" : "WAN CHAI",
				"SEARCH03_TC" : "灣仔區",
				"SEARCH04_EN" : "PRIMARY",
				"SEARCH04_TC" : "小學",
				"SEARCH05_EN" : "AIDED",
				"SEARCH05_TC" : "資助",
				"NSEARCH01_EN" : "CATHOLICISM",
				"NSEARCH01_TC" : "天主教",
				"NSEARCH02_EN" : "25281763",
				"NSEARCH02_TC" : "25281763",
				"NSEARCH03_EN" : "28657681",
				"NSEARCH03_TC" : "28657681",
				"NSEARCH04_EN" : "http://www.sfcs.edu.hk",
				"NSEARCH04_TC" : "http://www.sfcs.edu.hk",
				"NSEARCH05_EN" : "170062000223",
				"NSEARCH05_TC" : "170062000223",
				"NORTHING" : 815173.9,
				"EASTING" : 835453.7,
				"LATITUDE" : 22.2754196,
				"LONGITUDE" : 114.16897324,
				"LASTUPDATE" : "20231124121907"
			}
		},
		{
			"type" : "Feature",
			"geometry" : {
				"type" : "Point",
				"coordinates" : [ 114.1765250393, 22.2754661355 ]
			},
			"properties" : {
				"OBJECTID" : 195,
				"DATASET_EN" : "Aided Primary Schools",
				"DATASET_TC" : "資助小學",
				"NAME_EN" : "ST. JOSEPH'S PRIMARY SCHOOL",
				"ADDRESS_EN" : "G/F-7/F OF OLD BLOCK (EXCLUDING FLAT ROOF) AND EXTENSION BLOCK 48 WOOD ROAD WANCHAI HONG KONG",
				"NAME_TC" : "聖若瑟小學",
				"ADDRESS_TC" : "香港灣仔活道48號新翼及舊翼地下至7樓(天台除外)",
				"SEARCH01_EN" : "BOYS",
				"SEARCH01_TC" : "男",
				"SEARCH02_EN" : "WHOLE DAY",
				"SEARCH02_TC" : "全日",
				"SEARCH03_EN" : "WAN CHAI",
				"SEARCH03_TC" : "灣仔區",
				"SEARCH04_EN" : "PRIMARY",
				"SEARCH04_TC" : "小學",
				"SEARCH05_EN" : "AIDED",
				"SEARCH05_TC" : "資助",
				"NSEARCH01_EN" : "CATHOLICISM",
				"NSEARCH01_TC" : "天主教",
				"NSEARCH02_EN" : "25742259",
				"NSEARCH02_TC" : "25742259",
				"NSEARCH03_EN" : "25916537",
				"NSEARCH03_TC" : "25916537",
				"NSEARCH04_EN" : "http://www.sjps.edu.hk",
				"NSEARCH04_TC" : "http://www.sjps.edu.hk",
				"NSEARCH05_EN" : "170151000123",
				"NSEARCH05_TC" : "170151000123",
				"NORTHING" : 815179,
				"EASTING" : 836232,
				"LATITUDE" : 22.27546584,
				"LONGITUDE" : 114.17652504,
				"LASTUPDATE" : "20231124121907"
			}
		},
		{
			"type" : "Feature",
			"geometry" : {
				"type" : "Point",
				"coordinates" : [ 114.1414536208, 22.3723695237 ]
			},
			"properties" : {
				"OBJECTID" : 196,
				"DATASET_EN" : "Aided Primary Schools",
				"DATASET_TC" : "資助小學",
				"NAME_EN" : "SALESIAN YIP HON PRIMARY SCHOOL",
				"ADDRESS_EN" : "ESTATE PRIMARY SCHOOL, ON YAM ESTATE, KWAI CHUNG, NEW TERRITORIES",
				"NAME_TC" : "慈幼葉漢小學",
				"ADDRESS_TC" : "新界葵涌安蔭邨屋邨小學",
				"SEARCH01_EN" : "CO-ED",
				"SEARCH01_TC" : "男女",
				"SEARCH02_EN" : "WHOLE DAY",
				"SEARCH02_TC" : "全日",
				"SEARCH03_EN" : "KWAI TSING",
				"SEARCH03_TC" : "葵青區",
				"SEARCH04_EN" : "PRIMARY",
				"SEARCH04_TC" : "小學",
				"SEARCH05_EN" : "AIDED",
				"SEARCH05_TC" : "資助",
				"NSEARCH01_EN" : "CATHOLICISM",
				"NSEARCH01_TC" : "天主教",
				"NSEARCH02_EN" : "24202727",
				"NSEARCH02_TC" : "24202727",
				"NSEARCH03_EN" : "24254133",
				"NSEARCH03_TC" : "24254133",
				"NSEARCH04_EN" : "http://www.syhps.edu.hk",
				"NSEARCH04_TC" : "http://www.syhps.edu.hk",
				"NSEARCH05_EN" : "115789000123",
				"NSEARCH05_TC" : "115789000123",
				"NORTHING" : 825910,
				"EASTING" : 832620,
				"LATITUDE" : 22.37236923,
				"LONGITUDE" : 114.14145362,
				"LASTUPDATE" : "20231124121907"
			}
		},
		{
			"type" : "Feature",
			"geometry" : {
				"type" : "Point",
				"coordinates" : [ 113.989872273, 22.2664001538 ]
			},
			"properties" : {
				"OBJECTID" : 197,
				"DATASET_EN" : "Aided Primary Schools",
				"DATASET_TC" : "資助小學",
				"NAME_EN" : "MUI WO SCHOOL",
				"ADDRESS_EN" : "CHUNG HAU VILLAGE SILVER MINE BAY LANTAU ISLAND NEW TERRITORIES",
				"NAME_TC" : "梅窩學校",
				"ADDRESS_TC" : "新界大嶼山銀礦灣",
				"SEARCH01_EN" : "CO-ED",
				"SEARCH01_TC" : "男女",
				"SEARCH02_EN" : "WHOLE DAY",
				"SEARCH02_TC" : "全日",
				"SEARCH03_EN" : "ISLANDS",
				"SEARCH03_TC" : "離島區",
				"SEARCH04_EN" : "PRIMARY",
				"SEARCH04_TC" : "小學",
				"SEARCH05_EN" : "AIDED",
				"SEARCH05_TC" : "資助",
				"NSEARCH01_EN" : "NOT APPLICABLE",
				"NSEARCH01_TC" : "不適用",
				"NSEARCH02_EN" : "29848461",
				"NSEARCH02_TC" : "29848461",
				"NSEARCH03_EN" : "29842484",
				"NSEARCH03_TC" : "29842484",
				"NSEARCH04_EN" : "http://www.mws.edu.hk",
				"NSEARCH04_TC" : "http://www.mws.edu.hk",
				"NSEARCH05_EN" : "510149000123",
				"NSEARCH05_TC" : "510149000123",
				"NORTHING" : 814187,
				"EASTING" : 816994,
				"LATITUDE" : 22.26639986,
				"LONGITUDE" : 113.98987227,
				"LASTUPDATE" : "20231124121906"
			}
		},
		{
			"type" : "Feature",
			"geometry" : {
				"type" : "Point",
				"coordinates" : [ 114.16688591, 22.3336139345 ]
			},
			"properties" : {
				"OBJECTID" : 198,
				"DATASET_EN" : "Aided Primary Schools",
				"DATASET_TC" : "資助小學",
				"NAME_EN" : "THE EVANGELICAL LUTHERAN CHURCH OF HONG KONG FAITH LUTHERAN SCHOOL",
				"ADDRESS_EN" : "221 NAM CHEONG STREET, SHEK KIP MEI, KOWLOON",
				"NAME_TC" : "基督教香港信義會深信學校",
				"ADDRESS_TC" : "九龍石硤尾南昌街221號",
				"SEARCH01_EN" : "CO-ED",
				"SEARCH01_TC" : "男女",
				"SEARCH02_EN" : "WHOLE DAY",
				"SEARCH02_TC" : "全日",
				"SEARCH03_EN" : "SHAM SHUI PO",
				"SEARCH03_TC" : "深水埗區",
				"SEARCH04_EN" : "PRIMARY",
				"SEARCH04_TC" : "小學",
				"SEARCH05_EN" : "AIDED",
				"SEARCH05_TC" : "資助",
				"NSEARCH01_EN" : "PROTESTANTISM / CHRISTIANITY",
				"NSEARCH01_TC" : "基督教",
				"NSEARCH02_EN" : "27792744",
				"NSEARCH02_TC" : "27792744",
				"NSEARCH03_EN" : "27795833",
				"NSEARCH03_TC" : "27795833",
				"NSEARCH04_EN" : "http://fls.edu.hk",
				"NSEARCH04_TC" : "http://fls.edu.hk",
				"NSEARCH05_EN" : "511730000223",
				"NSEARCH05_TC" : "511730000223",
				"NORTHING" : 821618,
				"EASTING" : 835239,
				"LATITUDE" : 22.33361364,
				"LONGITUDE" : 114.16688591,
				"LASTUPDATE" : "20231124121906"
			}
		},
		{
			"type" : "Feature",
			"geometry" : {
				"type" : "Point",
				"coordinates" : [ 113.970331464, 22.406463532 ]
			},
			"properties" : {
				"OBJECTID" : 199,
				"DATASET_EN" : "Aided Primary Schools",
				"DATASET_TC" : "資助小學",
				"NAME_EN" : "THE HONG KONG ENG CLANSMAN ASSOCIATION WU SI CHONG MEMORIAL SCHOOL",
				"ADDRESS_EN" : "ESTATE PRIMARY SCHOOL KIN SANG ESTATE TUEN MUN AREA 2A NEW TERRITORIES",
				"NAME_TC" : "僑港伍氏宗親會伍時暢紀念學校",
				"ADDRESS_TC" : "新界屯門建生邨屋邨小學校舍",
				"SEARCH01_EN" : "CO-ED",
				"SEARCH01_TC" : "男女",
				"SEARCH02_EN" : "WHOLE DAY",
				"SEARCH02_TC" : "全日",
				"SEARCH03_EN" : "TUEN MUN",
				"SEARCH03_TC" : "屯門區",
				"SEARCH04_EN" : "PRIMARY",
				"SEARCH04_TC" : "小學",
				"SEARCH05_EN" : "AIDED",
				"SEARCH05_TC" : "資助",
				"NSEARCH01_EN" : "NOT APPLICABLE",
				"NSEARCH01_TC" : "不適用",
				"NSEARCH02_EN" : "24544122",
				"NSEARCH02_TC" : "24544122",
				"NSEARCH03_EN" : "24544622",
				"NSEARCH03_TC" : "24544622",
				"NSEARCH04_EN" : "http://www.wusichong.edu.hk",
				"NSEARCH04_TC" : "http://www.wusichong.edu.hk",
				"NSEARCH05_EN" : "115517000123",
				"NSEARCH05_TC" : "115517000123",
				"NORTHING" : 829699.6,
				"EASTING" : 815001.2,
				"LATITUDE" : 22.40646324,
				"LONGITUDE" : 113.97033146,
				"LASTUPDATE" : "20231124121906"
			}
		},
		{
			"type" : "Feature",
			"geometry" : {
				"type" : "Point",
				"coordinates" : [ 114.1972768432, 22.3896231131 ]
			},
			"properties" : {
				"OBJECTID" : 200,
				"DATASET_EN" : "Aided Primary Schools",
				"DATASET_TC" : "資助小學",
				"NAME_EN" : "THE EVANGELICAL LUTHERAN CHURCH OF HONG KONG WO CHE LUTHERAN SCHOOL",
				"ADDRESS_EN" : "ESTATE PRIMARY SCHOOL NO 3, WO CHE ESTATE, SHATIN, NEW TERRITORIES",
				"NAME_TC" : "基督教香港信義會禾輋信義學校",
				"ADDRESS_TC" : "新界沙田禾輋邨第三座小學",
				"SEARCH01_EN" : "CO-ED",
				"SEARCH01_TC" : "男女",
				"SEARCH02_EN" : "WHOLE DAY",
				"SEARCH02_TC" : "全日",
				"SEARCH03_EN" : "SHA TIN",
				"SEARCH03_TC" : "沙田區",
				"SEARCH04_EN" : "PRIMARY",
				"SEARCH04_TC" : "小學",
				"SEARCH05_EN" : "AIDED",
				"SEARCH05_TC" : "資助",
				"NSEARCH01_EN" : "PROTESTANTISM / CHRISTIANITY",
				"NSEARCH01_TC" : "基督教",
				"NSEARCH02_EN" : "26911426",
				"NSEARCH02_TC" : "26911426",
				"NSEARCH03_EN" : "26911824",
				"NSEARCH03_TC" : "26911824",
				"NSEARCH04_EN" : "http://wcl.edu.hk",
				"NSEARCH04_TC" : "http://wcl.edu.hk",
				"NSEARCH05_EN" : "114596000123",
				"NSEARCH05_TC" : "114596000123",
				"NORTHING" : 827820.3,
				"EASTING" : 838369,
				"LATITUDE" : 22.38962282,
				"LONGITUDE" : 114.19727684,
				"LASTUPDATE" : "20231124121905"
			}
		},
		{
			"type" : "Feature",
			"geometry" : {
				"type" : "Point",
				"coordinates" : [ 114.1878808263, 22.3181083447 ]
			},
			"properties" : {
				"OBJECTID" : 201,
				"DATASET_EN" : "Aided Primary Schools",
				"DATASET_TC" : "資助小學",
				"NAME_EN" : "S.K.H. GOOD SHEPHERD PRIMARY SCHOOL",
				"ADDRESS_EN" : "171 MA TAU WAI ROAD KOWLOON",
				"NAME_TC" : "聖公會牧愛小學",
				"ADDRESS_TC" : "九龍馬頭圍道171號",
				"SEARCH01_EN" : "CO-ED",
				"SEARCH01_TC" : "男女",
				"SEARCH02_EN" : "WHOLE DAY",
				"SEARCH02_TC" : "全日",
				"SEARCH03_EN" : "KOWLOON CITY",
				"SEARCH03_TC" : "九龍城區",
				"SEARCH04_EN" : "PRIMARY",
				"SEARCH04_TC" : "小學",
				"SEARCH05_EN" : "AIDED",
				"SEARCH05_TC" : "資助",
				"NSEARCH01_EN" : "PROTESTANTISM / CHRISTIANITY",
				"NSEARCH01_TC" : "基督教",
				"NSEARCH02_EN" : "27123094",
				"NSEARCH02_TC" : "27123094",
				"NSEARCH03_EN" : "27141552",
				"NSEARCH03_TC" : "27141552",
				"NSEARCH04_EN" : "http://www.gsps.edu.hk",
				"NSEARCH04_TC" : "http://www.gsps.edu.hk",
				"NSEARCH05_EN" : "511862000123",
				"NSEARCH05_TC" : "511862000123",
				"NORTHING" : 819901,
				"EASTING" : 837402,
				"LATITUDE" : 22.31810805,
				"LONGITUDE" : 114.18788082,
				"LASTUPDATE" : "20231124121905"
			}
		},
		{
			"type" : "Feature",
			"geometry" : {
				"type" : "Point",
				"coordinates" : [ 114.2763776072, 22.3844797962 ]
			},
			"properties" : {
				"OBJECTID" : 202,
				"DATASET_EN" : "Aided Primary Schools",
				"DATASET_TC" : "資助小學",
				"NAME_EN" : "SAI KUNG CENTRAL LEE SIU YAM MEMORIAL SCHOOL",
				"ADDRESS_EN" : "18 WAI MAN ROAD SAI KUNG NEW TERRITORIES",
				"NAME_TC" : "西貢中心李少欽紀念學校",
				"ADDRESS_TC" : "新界西貢惠民路18號",
				"SEARCH01_EN" : "CO-ED",
				"SEARCH01_TC" : "男女",
				"SEARCH02_EN" : "WHOLE DAY",
				"SEARCH02_TC" : "全日",
				"SEARCH03_EN" : "SAI KUNG",
				"SEARCH03_TC" : "西貢區",
				"SEARCH04_EN" : "PRIMARY",
				"SEARCH04_TC" : "小學",
				"SEARCH05_EN" : "AIDED",
				"SEARCH05_TC" : "資助",
				"NSEARCH01_EN" : "NOT APPLICABLE",
				"NSEARCH01_TC" : "不適用",
				"NSEARCH02_EN" : "27916681",
				"NSEARCH02_TC" : "27916681",
				"NSEARCH03_EN" : "27917656",
				"NSEARCH03_TC" : "27917656",
				"NSEARCH04_EN" : "http://lsy.edu.hk",
				"NSEARCH04_TC" : "http://lsy.edu.hk",
				"NSEARCH05_EN" : "516864000123",
				"NSEARCH05_TC" : "516864000123",
				"NORTHING" : 827254,
				"EASTING" : 846515,
				"LATITUDE" : 22.3844795,
				"LONGITUDE" : 114.2763776,
				"LASTUPDATE" : "20231124121905"
			}
		},
		{
			"type" : "Feature",
			"geometry" : {
				"type" : "Point",
				"coordinates" : [ 114.1972987753, 22.3403587864 ]
			},
			"properties" : {
				"OBJECTID" : 203,
				"DATASET_EN" : "Aided Primary Schools",
				"DATASET_TC" : "資助小學",
				"NAME_EN" : "CANOSSA PRIMARY SCHOOL",
				"ADDRESS_EN" : "5 CHUN YAN STREET, WONG TAI SIN, KOWLOON",
				"NAME_TC" : "嘉諾撒小學",
				"ADDRESS_TC" : "九龍黃大仙親仁街5號",
				"SEARCH01_EN" : "CO-ED",
				"SEARCH01_TC" : "男女",
				"SEARCH02_EN" : "WHOLE DAY",
				"SEARCH02_TC" : "全日",
				"SEARCH03_EN" : "WONG TAI SIN",
				"SEARCH03_TC" : "黃大仙區",
				"SEARCH04_EN" : "PRIMARY",
				"SEARCH04_TC" : "小學",
				"SEARCH05_EN" : "AIDED",
				"SEARCH05_TC" : "資助",
				"NSEARCH01_EN" : "CATHOLICISM",
				"NSEARCH01_TC" : "天主教",
				"NSEARCH02_EN" : "23222445",
				"NSEARCH02_TC" : "23222445",
				"NSEARCH03_EN" : "23203044",
				"NSEARCH03_TC" : "23203044",
				"NSEARCH04_EN" : "http://www.cpswts.edu.hk",
				"NSEARCH04_TC" : "http://www.cpswts.edu.hk",
				"NSEARCH05_EN" : "511340000123",
				"NSEARCH05_TC" : "511340000123",
				"NORTHING" : 822365,
				"EASTING" : 838372,
				"LATITUDE" : 22.34035849,
				"LONGITUDE" : 114.19729877,
				"LASTUPDATE" : "20231124121905"
			}
		},
		{
			"type" : "Feature",
			"geometry" : {
				"type" : "Point",
				"coordinates" : [ 114.1652549938, 22.3354109111 ]
			},
			"properties" : {
				"OBJECTID" : 204,
				"DATASET_EN" : "Aided Primary Schools",
				"DATASET_TC" : "資助小學",
				"NAME_EN" : "THE EVANGELICAL LUTHERAN CHURCH OF HONG KONG FAITH LUTHERAN SCHOOL",
				"ADDRESS_EN" : "8 PUI TAK STREET, SHEK KIP MEI, KOWLOON",
				"NAME_TC" : "基督教香港信義會深信學校",
				"ADDRESS_TC" : "九龍石硤尾培德街8號",
				"SEARCH01_EN" : "CO-ED",
				"SEARCH01_TC" : "男女",
				"SEARCH02_EN" : "WHOLE DAY",
				"SEARCH02_TC" : "全日",
				"SEARCH03_EN" : "SHAM SHUI PO",
				"SEARCH03_TC" : "深水埗區",
				"SEARCH04_EN" : "PRIMARY",
				"SEARCH04_TC" : "小學",
				"SEARCH05_EN" : "AIDED",
				"SEARCH05_TC" : "資助",
				"NSEARCH01_EN" : "PROTESTANTISM / CHRISTIANITY",
				"NSEARCH01_TC" : "基督教",
				"NSEARCH02_EN" : "27790106",
				"NSEARCH02_TC" : "27790106",
				"NSEARCH03_EN" : "27761743",
				"NSEARCH03_TC" : "27761743",
				"NSEARCH04_EN" : "http://www.fls.edu.hk",
				"NSEARCH04_TC" : "http://www.fls.edu.hk",
				"NSEARCH05_EN" : "511730000123",
				"NSEARCH05_TC" : "511730000123",
				"NORTHING" : 821817,
				"EASTING" : 835071,
				"LATITUDE" : 22.33541062,
				"LONGITUDE" : 114.16525499,
				"LASTUPDATE" : "20231124121905"
			}
		},
		{
			"type" : "Feature",
			"geometry" : {
				"type" : "Point",
				"coordinates" : [ 114.2647196762, 22.3139940445 ]
			},
			"properties" : {
				"OBJECTID" : 205,
				"DATASET_EN" : "Aided Primary Schools",
				"DATASET_TC" : "資助小學",
				"NAME_EN" : "ASSEMBLY OF GOD LEUNG SING TAK PRIMARY SCHOOL",
				"ADDRESS_EN" : "2 MAN KUK LANE TSEUNG KWAN O NEW TERRITORIES",
				"NAME_TC" : "基督教神召會梁省德小學",
				"ADDRESS_TC" : "新界將軍澳文曲里2號",
				"SEARCH01_EN" : "CO-ED",
				"SEARCH01_TC" : "男女",
				"SEARCH02_EN" : "WHOLE DAY",
				"SEARCH02_TC" : "全日",
				"SEARCH03_EN" : "SAI KUNG",
				"SEARCH03_TC" : "西貢區",
				"SEARCH04_EN" : "PRIMARY",
				"SEARCH04_TC" : "小學",
				"SEARCH05_EN" : "AIDED",
				"SEARCH05_TC" : "資助",
				"NSEARCH01_EN" : "NOT APPLICABLE",
				"NSEARCH01_TC" : "不適用",
				"NSEARCH02_EN" : "21911929",
				"NSEARCH02_TC" : "21911929",
				"NSEARCH03_EN" : "21911611",
				"NSEARCH03_TC" : "21911611",
				"NSEARCH04_EN" : "http://www.lsttko.edu.hk",
				"NSEARCH04_TC" : "http://www.lsttko.edu.hk",
				"NSEARCH05_EN" : "522163000123",
				"NSEARCH05_TC" : "522163000123",
				"NORTHING" : 819448,
				"EASTING" : 845319,
				"LATITUDE" : 22.31399375,
				"LONGITUDE" : 114.26471967,
				"LASTUPDATE" : "20231124121904"
			}
		},
		{
			"type" : "Feature",
			"geometry" : {
				"type" : "Point",
				"coordinates" : [ 113.9664437297, 22.3748554825 ]
			},
			"properties" : {
				"OBJECTID" : 206,
				"DATASET_EN" : "Aided Primary Schools",
				"DATASET_TC" : "資助小學",
				"NAME_EN" : "YAN CHAI HOSPITAL LAW CHAN CHOR SI PRIMARY SCHOOL",
				"ADDRESS_EN" : "29 WU KING ROAD TUEN MUN NEW TERRITORIES",
				"NAME_TC" : "仁濟醫院羅陳楚思小學",
				"ADDRESS_TC" : "新界屯門湖景路29號",
				"SEARCH01_EN" : "CO-ED",
				"SEARCH01_TC" : "男女",
				"SEARCH02_EN" : "WHOLE DAY",
				"SEARCH02_TC" : "全日",
				"SEARCH03_EN" : "TUEN MUN",
				"SEARCH03_TC" : "屯門區",
				"SEARCH04_EN" : "PRIMARY",
				"SEARCH04_TC" : "小學",
				"SEARCH05_EN" : "AIDED",
				"SEARCH05_TC" : "資助",
				"NSEARCH01_EN" : "NOT APPLICABLE",
				"NSEARCH01_TC" : "不適用",
				"NSEARCH02_EN" : "24413366",
				"NSEARCH02_TC" : "24413366",
				"NSEARCH03_EN" : "24040289",
				"NSEARCH03_TC" : "24040289",
				"NSEARCH04_EN" : "http://www.lccs.edu.hk",
				"NSEARCH04_TC" : "http://www.lccs.edu.hk",
				"NSEARCH05_EN" : "115258000123",
				"NSEARCH05_TC" : "115258000123",
				"NORTHING" : 826200,
				"EASTING" : 814596,
				"LATITUDE" : 22.37485519,
				"LONGITUDE" : 113.96644373,
				"LASTUPDATE" : "20231124121904"
			}
		},
		{
			"type" : "Feature",
			"geometry" : {
				"type" : "Point",
				"coordinates" : [ 114.1045947792, 22.3556236791 ]
			},
			"properties" : {
				"OBJECTID" : 207,
				"DATASET_EN" : "Aided Primary Schools",
				"DATASET_TC" : "資助小學",
				"NAME_EN" : "S.K.H. TSING YI ESTATE HO CHAK WAN PRIMARY SCHOOL",
				"ADDRESS_EN" : "3 TSING LUK STREET TSING YI NEW TERRITORIES",
				"NAME_TC" : "聖公會青衣邨何澤芸小學",
				"ADDRESS_TC" : "新界青衣青綠街3號",
				"SEARCH01_EN" : "CO-ED",
				"SEARCH01_TC" : "男女",
				"SEARCH02_EN" : "WHOLE DAY",
				"SEARCH02_TC" : "全日",
				"SEARCH03_EN" : "KWAI TSING",
				"SEARCH03_TC" : "葵青區",
				"SEARCH04_EN" : "PRIMARY",
				"SEARCH04_TC" : "小學",
				"SEARCH05_EN" : "AIDED",
				"SEARCH05_TC" : "資助",
				"NSEARCH01_EN" : "PROTESTANTISM / CHRISTIANITY",
				"NSEARCH01_TC" : "基督教",
				"NSEARCH02_EN" : "24327331",
				"NSEARCH02_TC" : "24327331",
				"NSEARCH03_EN" : "24956734",
				"NSEARCH03_TC" : "24956734",
				"NSEARCH04_EN" : "http://www.tyehcw.edu.hk",
				"NSEARCH04_TC" : "http://www.tyehcw.edu.hk",
				"NSEARCH05_EN" : "535737000123",
				"NSEARCH05_TC" : "535737000123",
				"NORTHING" : 824057,
				"EASTING" : 828823,
				"LATITUDE" : 22.35562339,
				"LONGITUDE" : 114.10459478,
				"LASTUPDATE" : "20231124121904"
			}
		},
		{
			"type" : "Feature",
			"geometry" : {
				"type" : "Point",
				"coordinates" : [ 114.2148417794, 22.3824018454 ]
			},
			"properties" : {
				"OBJECTID" : 208,
				"DATASET_EN" : "Aided Primary Schools",
				"DATASET_TC" : "資助小學",
				"NAME_EN" : "LUNG KONG WORLD FEDERATION SCHOOL LTD. WONG YIU NAM PRIMARY SCHOOL",
				"ADDRESS_EN" : "ESTATE PRIMARY SCHOOL, AREA 53A KWONG YUEN ESTATE PHASE 1, SHATIN, NEW TERRITORIES",
				"NAME_TC" : "世界龍岡學校黃耀南小學",
				"ADDRESS_TC" : "新界沙田53A區廣源邨第一期屋邨小學",
				"SEARCH01_EN" : "CO-ED",
				"SEARCH01_TC" : "男女",
				"SEARCH02_EN" : "WHOLE DAY",
				"SEARCH02_TC" : "全日",
				"SEARCH03_EN" : "SHA TIN",
				"SEARCH03_TC" : "沙田區",
				"SEARCH04_EN" : "PRIMARY",
				"SEARCH04_TC" : "小學",
				"SEARCH05_EN" : "AIDED",
				"SEARCH05_TC" : "資助",
				"NSEARCH01_EN" : "NOT APPLICABLE",
				"NSEARCH01_TC" : "不適用",
				"NSEARCH02_EN" : "26378637",
				"NSEARCH02_TC" : "26378637",
				"NSEARCH03_EN" : "26494301",
				"NSEARCH03_TC" : "26494301",
				"NSEARCH04_EN" : "http://www.wynps.edu.hk",
				"NSEARCH04_TC" : "http://www.wynps.edu.hk",
				"NSEARCH05_EN" : "115371000123",
				"NSEARCH05_TC" : "115371000123",
				"NORTHING" : 827021,
				"EASTING" : 840178,
				"LATITUDE" : 22.38240155,
				"LONGITUDE" : 114.21484178,
				"LASTUPDATE" : "20231124121903"
			}
		},
		{
			"type" : "Feature",
			"geometry" : {
				"type" : "Point",
				"coordinates" : [ 114.1003147061, 22.3709013864 ]
			},
			"properties" : {
				"OBJECTID" : 209,
				"DATASET_EN" : "Aided Primary Schools",
				"DATASET_TC" : "資助小學",
				"NAME_EN" : "HONG KONG BAPTIST CONVENTION PRIMARY SCHOOL",
				"ADDRESS_EN" : "2 LAI SHUN ROAD BELVEDERE GARDEN TSUEN WAN NEW TERRITORIES",
				"NAME_TC" : "香港浸信會聯會小學",
				"ADDRESS_TC" : "新界荃灣麗城花園麗順路2號",
				"SEARCH01_EN" : "CO-ED",
				"SEARCH01_TC" : "男女",
				"SEARCH02_EN" : "WHOLE DAY",
				"SEARCH02_TC" : "全日",
				"SEARCH03_EN" : "TSUEN WAN",
				"SEARCH03_TC" : "荃灣區",
				"SEARCH04_EN" : "PRIMARY",
				"SEARCH04_TC" : "小學",
				"SEARCH05_EN" : "AIDED",
				"SEARCH05_TC" : "資助",
				"NSEARCH01_EN" : "PROTESTANTISM / CHRISTIANITY",
				"NSEARCH01_TC" : "基督教",
				"NSEARCH02_EN" : "24932494",
				"NSEARCH02_TC" : "24932494",
				"NSEARCH03_EN" : "24920922",
				"NSEARCH03_TC" : "24920922",
				"NSEARCH04_EN" : "http://www.hkbcps.edu.hk",
				"NSEARCH04_TC" : "http://www.hkbcps.edu.hk",
				"NSEARCH05_EN" : "522015000123",
				"NSEARCH05_TC" : "522015000123",
				"NORTHING" : 825749,
				"EASTING" : 828383,
				"LATITUDE" : 22.37090109,
				"LONGITUDE" : 114.1003147,
				"LASTUPDATE" : "20231124121903"
			}
		},
		{
			"type" : "Feature",
			"geometry" : {
				"type" : "Point",
				"coordinates" : [ 114.1320660641, 22.364138573 ]
			},
			"properties" : {
				"OBJECTID" : 210,
				"DATASET_EN" : "Aided Primary Schools",
				"DATASET_TC" : "資助小學",
				"NAME_EN" : "CNEC TA TUNG SCHOOL",
				"ADDRESS_EN" : "ESTATE SCHOOL NO.1 KWAI HING ESTATE KWAI CHUNG NT",
				"NAME_TC" : "中華傳道會許大同學校",
				"ADDRESS_TC" : "新界葵涌葵興邨第一座校舍",
				"SEARCH01_EN" : "CO-ED",
				"SEARCH01_TC" : "男女",
				"SEARCH02_EN" : "WHOLE DAY",
				"SEARCH02_TC" : "全日",
				"SEARCH03_EN" : "KWAI TSING",
				"SEARCH03_TC" : "葵青區",
				"SEARCH04_EN" : "PRIMARY",
				"SEARCH04_TC" : "小學",
				"SEARCH05_EN" : "AIDED",
				"SEARCH05_TC" : "資助",
				"NSEARCH01_EN" : "PROTESTANTISM / CHRISTIANITY",
				"NSEARCH01_TC" : "基督教",
				"NSEARCH02_EN" : "24219159",
				"NSEARCH02_TC" : "24219159",
				"NSEARCH03_EN" : "24283310",
				"NSEARCH03_TC" : "24283310",
				"NSEARCH04_EN" : "http://cnectt.squarespace.com",
				"NSEARCH04_TC" : "http://cnectt.squarespace.com",
				"NSEARCH05_EN" : "114170000123",
				"NSEARCH05_TC" : "114170000123",
				"NORTHING" : 824998.8,
				"EASTING" : 831652.9,
				"LATITUDE" : 22.36413828,
				"LONGITUDE" : 114.13206606,
				"LASTUPDATE" : "20231124121903"
			}
		},
		{
			"type" : "Feature",
			"geometry" : {
				"type" : "Point",
				"coordinates" : [ 113.9722784827, 22.3886976633 ]
			},
			"properties" : {
				"OBJECTID" : 211,
				"DATASET_EN" : "Aided Primary Schools",
				"DATASET_TC" : "資助小學",
				"NAME_EN" : "ISLAMIC PRIMARY SCHOOL",
				"ADDRESS_EN" : "2 OI TAK LANE YAU OI ESTATE TUEN MUN NEW TERRITORIES",
				"NAME_TC" : "伊斯蘭學校",
				"ADDRESS_TC" : "新界屯門友愛邨愛德里2號",
				"SEARCH01_EN" : "CO-ED",
				"SEARCH01_TC" : "男女",
				"SEARCH02_EN" : "WHOLE DAY",
				"SEARCH02_TC" : "全日",
				"SEARCH03_EN" : "TUEN MUN",
				"SEARCH03_TC" : "屯門區",
				"SEARCH04_EN" : "PRIMARY",
				"SEARCH04_TC" : "小學",
				"SEARCH05_EN" : "AIDED",
				"SEARCH05_TC" : "資助",
				"NSEARCH01_EN" : "ISLAM",
				"NSEARCH01_TC" : "伊斯蘭教",
				"NSEARCH02_EN" : "24502270",
				"NSEARCH02_TC" : "24502270",
				"NSEARCH03_EN" : "26186424",
				"NSEARCH03_TC" : "26186424",
				"NSEARCH04_EN" : "http://www.islamps.edu.hk",
				"NSEARCH04_TC" : "http://www.islamps.edu.hk",
				"NSEARCH05_EN" : "114642000123",
				"NSEARCH05_TC" : "114642000123",
				"NORTHING" : 827732,
				"EASTING" : 815199,
				"LATITUDE" : 22.38869737,
				"LONGITUDE" : 113.97227848,
				"LASTUPDATE" : "20231124121902"
			}
		},
		{
			"type" : "Feature",
			"geometry" : {
				"type" : "Point",
				"coordinates" : [ 114.1737811177, 22.2723107999 ]
			},
			"properties" : {
				"OBJECTID" : 212,
				"DATASET_EN" : "Aided Primary Schools",
				"DATASET_TC" : "資助小學",
				"NAME_EN" : "S.K.H. ST. JAMES' PRIMARY SCHOOL",
				"ADDRESS_EN" : "110 KENNEDY ROAD WAN CHAI HONG KONG",
				"NAME_TC" : "聖公會聖雅各小學",
				"ADDRESS_TC" : "香港堅尼地道110號",
				"SEARCH01_EN" : "CO-ED",
				"SEARCH01_TC" : "男女",
				"SEARCH02_EN" : "WHOLE DAY",
				"SEARCH02_TC" : "全日",
				"SEARCH03_EN" : "WAN CHAI",
				"SEARCH03_TC" : "灣仔區",
				"SEARCH04_EN" : "PRIMARY",
				"SEARCH04_TC" : "小學",
				"SEARCH05_EN" : "AIDED",
				"SEARCH05_TC" : "資助",
				"NSEARCH01_EN" : "PROTESTANTISM / CHRISTIANITY",
				"NSEARCH01_TC" : "基督教",
				"NSEARCH02_EN" : "25749369",
				"NSEARCH02_TC" : "25749369",
				"NSEARCH03_EN" : "28348709",
				"NSEARCH03_TC" : "28348709",
				"NSEARCH04_EN" : "http://skhsjps.edu.hk",
				"NSEARCH04_TC" : "http://skhsjps.edu.hk",
				"NSEARCH05_EN" : "513580000123",
				"NSEARCH05_TC" : "513580000123",
				"NORTHING" : 814829.6,
				"EASTING" : 835949.2,
				"LATITUDE" : 22.27231051,
				"LONGITUDE" : 114.17378111,
				"LASTUPDATE" : "20231124121902"
			}
		},
		{
			"type" : "Feature",
			"geometry" : {
				"type" : "Point",
				"coordinates" : [ 114.1418725422, 22.3667345594 ]
			},
			"properties" : {
				"OBJECTID" : 213,
				"DATASET_EN" : "Aided Primary Schools",
				"DATASET_TC" : "資助小學",
				"NAME_EN" : "SHEK LEI CATHOLIC PRIMARY SCHOOL",
				"ADDRESS_EN" : "11 SHEK PAI STREET KWAI CHUNG NEW TERRITORIES",
				"NAME_TC" : "石籬天主教小學",
				"ADDRESS_TC" : "新界葵涌石排街11號",
				"SEARCH01_EN" : "CO-ED",
				"SEARCH01_TC" : "男女",
				"SEARCH02_EN" : "WHOLE DAY",
				"SEARCH02_TC" : "全日",
				"SEARCH03_EN" : "KWAI TSING",
				"SEARCH03_TC" : "葵青區",
				"SEARCH04_EN" : "PRIMARY",
				"SEARCH04_TC" : "小學",
				"SEARCH05_EN" : "AIDED",
				"SEARCH05_TC" : "資助",
				"NSEARCH01_EN" : "CATHOLICISM",
				"NSEARCH01_TC" : "天主教",
				"NSEARCH02_EN" : "24203186",
				"NSEARCH02_TC" : "24203186",
				"NSEARCH03_EN" : "24841426",
				"NSEARCH03_TC" : "24841426",
				"NSEARCH04_EN" : "http://www.sheklei.edu.hk",
				"NSEARCH04_TC" : "http://www.sheklei.edu.hk",
				"NSEARCH05_EN" : "114006000223",
				"NSEARCH05_TC" : "114006000223",
				"NORTHING" : 825286,
				"EASTING" : 832663,
				"LATITUDE" : 22.36673427,
				"LONGITUDE" : 114.14187254,
				"LASTUPDATE" : "20231124121902"
			}
		},
		{
			"type" : "Feature",
			"geometry" : {
				"type" : "Point",
				"coordinates" : [ 114.1566552791, 22.3301633021 ]
			},
			"properties" : {
				"OBJECTID" : 214,
				"DATASET_EN" : "Aided Primary Schools",
				"DATASET_TC" : "資助小學",
				"NAME_EN" : "KA LING SCHOOL OF THE PRECIOUS BLOOD",
				"ADDRESS_EN" : "280 HAI TAN STREET SHAMSHUIPO KOWLOON",
				"NAME_TC" : "寶血會嘉靈學校",
				"ADDRESS_TC" : "九龍深水埗海壇街280號",
				"SEARCH01_EN" : "CO-ED",
				"SEARCH01_TC" : "男女",
				"SEARCH02_EN" : "WHOLE DAY",
				"SEARCH02_TC" : "全日",
				"SEARCH03_EN" : "SHAM SHUI PO",
				"SEARCH03_TC" : "深水埗區",
				"SEARCH04_EN" : "PRIMARY",
				"SEARCH04_TC" : "小學",
				"SEARCH05_EN" : "AIDED",
				"SEARCH05_TC" : "資助",
				"NSEARCH01_EN" : "CATHOLICISM",
				"NSEARCH01_TC" : "天主教",
				"NSEARCH02_EN" : "23864542",
				"NSEARCH02_TC" : "23864542",
				"NSEARCH03_EN" : "27089924",
				"NSEARCH03_TC" : "27089924",
				"NSEARCH04_EN" : "http://www.kalingpb.edu.hk",
				"NSEARCH04_TC" : "http://www.kalingpb.edu.hk",
				"NSEARCH05_EN" : "512214000223",
				"NSEARCH05_TC" : "512214000223",
				"NORTHING" : 821236,
				"EASTING" : 834185,
				"LATITUDE" : 22.33016301,
				"LONGITUDE" : 114.15665527,
				"LASTUPDATE" : "20231124121901"
			}
		},
		{
			"type" : "Feature",
			"geometry" : {
				"type" : "Point",
				"coordinates" : [ 114.2058132024, 22.3922108574 ]
			},
			"properties" : {
				"OBJECTID" : 215,
				"DATASET_EN" : "Aided Primary Schools",
				"DATASET_TC" : "資助小學",
				"NAME_EN" : "LEUNG KUI KAU LUTHERAN PRIMARY SCHOOL",
				"ADDRESS_EN" : "5 ON KING STREET SHATIN NEW TERRITORIES",
				"NAME_TC" : "路德會梁鉅鏐小學",
				"ADDRESS_TC" : "新界沙田安景街五號",
				"SEARCH01_EN" : "CO-ED",
				"SEARCH01_TC" : "男女",
				"SEARCH02_EN" : "WHOLE DAY",
				"SEARCH02_TC" : "全日",
				"SEARCH03_EN" : "SHA TIN",
				"SEARCH03_TC" : "沙田區",
				"SEARCH04_EN" : "PRIMARY",
				"SEARCH04_TC" : "小學",
				"SEARCH05_EN" : "AIDED",
				"SEARCH05_TC" : "資助",
				"NSEARCH01_EN" : "PROTESTANTISM / CHRISTIANITY",
				"NSEARCH01_TC" : "基督教",
				"NSEARCH02_EN" : "26379023",
				"NSEARCH02_TC" : "26379023",
				"NSEARCH03_EN" : "26494379",
				"NSEARCH03_TC" : "26494379",
				"NSEARCH04_EN" : "http://www.lkklps.edu.hk",
				"NSEARCH04_TC" : "http://www.lkklps.edu.hk",
				"NSEARCH05_EN" : "115614000123",
				"NSEARCH05_TC" : "115614000123",
				"NORTHING" : 828107,
				"EASTING" : 839248,
				"LATITUDE" : 22.39221056,
				"LONGITUDE" : 114.2058132,
				"LASTUPDATE" : "20231124121901"
			}
		},
		{
			"type" : "Feature",
			"geometry" : {
				"type" : "Point",
				"coordinates" : [ 114.2370380042, 22.3108911274 ]
			},
			"properties" : {
				"OBJECTID" : 216,
				"DATASET_EN" : "Aided Primary Schools",
				"DATASET_TC" : "資助小學",
				"NAME_EN" : "S.K.H. TAK TIN LEE SHIU KEUNG PRIMARY SCHOOL",
				"ADDRESS_EN" : "NO 3 HING TIN STREET LAM TIN KWUN TONG KOWLOON",
				"NAME_TC" : "聖公會德田李兆強小學",
				"ADDRESS_TC" : "九龍觀塘藍田慶田街3號",
				"SEARCH01_EN" : "CO-ED",
				"SEARCH01_TC" : "男女",
				"SEARCH02_EN" : "WHOLE DAY",
				"SEARCH02_TC" : "全日",
				"SEARCH03_EN" : "KWUN TONG",
				"SEARCH03_TC" : "觀塘區",
				"SEARCH04_EN" : "PRIMARY",
				"SEARCH04_TC" : "小學",
				"SEARCH05_EN" : "AIDED",
				"SEARCH05_TC" : "資助",
				"NSEARCH01_EN" : "PROTESTANTISM / CHRISTIANITY",
				"NSEARCH01_TC" : "基督教",
				"NSEARCH02_EN" : "27759338",
				"NSEARCH02_TC" : "27759338",
				"NSEARCH03_EN" : "27759882",
				"NSEARCH03_TC" : "27759882",
				"NSEARCH04_EN" : "http://www.skhttlsk.edu.hk",
				"NSEARCH04_TC" : "http://www.skhttlsk.edu.hk",
				"NSEARCH05_EN" : "550400000123",
				"NSEARCH05_TC" : "550400000123",
				"NORTHING" : 819103,
				"EASTING" : 842467,
				"LATITUDE" : 22.31089083,
				"LONGITUDE" : 114.237038,
				"LASTUPDATE" : "20231124121900"
			}
		},
		{
			"type" : "Feature",
			"geometry" : {
				"type" : "Point",
				"coordinates" : [ 114.1384581109, 22.4963210043 ]
			},
			"properties" : {
				"OBJECTID" : 217,
				"DATASET_EN" : "Aided Primary Schools",
				"DATASET_TC" : "資助小學",
				"NAME_EN" : "PENTECOSTAL GIN MAO SHENG PRIMARY SCHOOL",
				"ADDRESS_EN" : "4 PIK FUNG ROAD FANLING NEW TERRITORIES",
				"NAME_TC" : "五旬節靳茂生小學",
				"ADDRESS_TC" : "新界粉嶺璧峰路四號",
				"SEARCH01_EN" : "CO-ED",
				"SEARCH01_TC" : "男女",
				"SEARCH02_EN" : "WHOLE DAY",
				"SEARCH02_TC" : "全日",
				"SEARCH03_EN" : "NORTH",
				"SEARCH03_TC" : "北區",
				"SEARCH04_EN" : "PRIMARY",
				"SEARCH04_TC" : "小學",
				"SEARCH05_EN" : "AIDED",
				"SEARCH05_TC" : "資助",
				"NSEARCH01_EN" : "PROTESTANTISM / CHRISTIANITY",
				"NSEARCH01_TC" : "基督教",
				"NSEARCH02_EN" : "26700103",
				"NSEARCH02_TC" : "26700103",
				"NSEARCH03_EN" : "26685422",
				"NSEARCH03_TC" : "26685422",
				"NSEARCH04_EN" : "http://www.pgms.edu.hk",
				"NSEARCH04_TC" : "http://www.pgms.edu.hk",
				"NSEARCH05_EN" : "115169000123",
				"NSEARCH05_TC" : "115169000123",
				"NORTHING" : 839636,
				"EASTING" : 832315,
				"LATITUDE" : 22.49632071,
				"LONGITUDE" : 114.13845811,
				"LASTUPDATE" : "20231124121900"
			}
		},
		{
			"type" : "Feature",
			"geometry" : {
				"type" : "Point",
				"coordinates" : [ 114.2260023241, 22.2812563598 ]
			},
			"properties" : {
				"OBJECTID" : 218,
				"DATASET_EN" : "Aided Primary Schools",
				"DATASET_TC" : "資助小學",
				"NAME_EN" : "THE CHURCH OF CHRIST IN CHINA KEI WAN PRIMARY SCHOOL (ALDRICH BAY)",
				"ADDRESS_EN" : "39 OI SHUN ROAD SHAUKEIWAN HONG KONG",
				"NAME_TC" : "中華基督教會基灣小學(愛蝶灣)",
				"ADDRESS_TC" : "香港筲箕灣愛信道39號",
				"SEARCH01_EN" : "CO-ED",
				"SEARCH01_TC" : "男女",
				"SEARCH02_EN" : "WHOLE DAY",
				"SEARCH02_TC" : "全日",
				"SEARCH03_EN" : "EASTERN",
				"SEARCH03_TC" : "東區",
				"SEARCH04_EN" : "PRIMARY",
				"SEARCH04_TC" : "小學",
				"SEARCH05_EN" : "AIDED",
				"SEARCH05_TC" : "資助",
				"NSEARCH01_EN" : "PROTESTANTISM / CHRISTIANITY",
				"NSEARCH01_TC" : "基督教",
				"NSEARCH02_EN" : "29154140",
				"NSEARCH02_TC" : "29154140",
				"NSEARCH03_EN" : "25390988",
				"NSEARCH03_TC" : "25390988",
				"NSEARCH04_EN" : "http://www.ccckeiwan.edu.hk",
				"NSEARCH04_TC" : "http://www.ccckeiwan.edu.hk",
				"NSEARCH05_EN" : "543306000123",
				"NSEARCH05_TC" : "543306000123",
				"NORTHING" : 815821,
				"EASTING" : 841331,
				"LATITUDE" : 22.28125607,
				"LONGITUDE" : 114.22600232,
				"LASTUPDATE" : "20231124121900"
			}
		},
		{
			"type" : "Feature",
			"geometry" : {
				"type" : "Point",
				"coordinates" : [ 113.99614773, 22.4635433092 ]
			},
			"properties" : {
				"OBJECTID" : 219,
				"DATASET_EN" : "Aided Primary Schools",
				"DATASET_TC" : "資助小學",
				"NAME_EN" : "LOK SIN TONG LEUNG KAU KUI PRIMARY SCHOOL (BRANCH)",
				"ADDRESS_EN" : "SECOND PRIMARY SCHOOL AREA 101 TIN SHUI WAI YUEN LONG NEW TERRITORIES",
				"NAME_TC" : "樂善堂梁銶琚學校(分校)",
				"ADDRESS_TC" : "新界元朗天水圍第101區第2小學校舍",
				"SEARCH01_EN" : "CO-ED",
				"SEARCH01_TC" : "男女",
				"SEARCH02_EN" : "WHOLE DAY",
				"SEARCH02_TC" : "全日",
				"SEARCH03_EN" : "YUEN LONG",
				"SEARCH03_TC" : "元朗區",
				"SEARCH04_EN" : "PRIMARY",
				"SEARCH04_TC" : "小學",
				"SEARCH05_EN" : "AIDED",
				"SEARCH05_TC" : "資助",
				"NSEARCH01_EN" : "NOT APPLICABLE",
				"NSEARCH01_TC" : "不適用",
				"NSEARCH02_EN" : "24456880",
				"NSEARCH02_TC" : "24456880",
				"NSEARCH03_EN" : "24456533",
				"NSEARCH03_TC" : "24456533",
				"NSEARCH04_EN" : "http://lst-lkkb.edu.hk",
				"NSEARCH04_TC" : "http://lst-lkkb.edu.hk",
				"NSEARCH05_EN" : "543322000223",
				"NSEARCH05_TC" : "543322000223",
				"NORTHING" : 836017,
				"EASTING" : 817667,
				"LATITUDE" : 22.46354301,
				"LONGITUDE" : 113.99614773,
				"LASTUPDATE" : "20231124121859"
			}
		},
		{
			"type" : "Feature",
			"geometry" : {
				"type" : "Point",
				"coordinates" : [ 114.1065950678, 22.3549382372 ]
			},
			"properties" : {
				"OBJECTID" : 220,
				"DATASET_EN" : "Aided Primary Schools",
				"DATASET_TC" : "資助小學",
				"NAME_EN" : "PO LEUNG KUK CASTAR PRIMARY SCHOOL",
				"ADDRESS_EN" : "23 TSING LUK STREET, TSING YI, NEW TERRITORIES",
				"NAME_TC" : "保良局世德小學",
				"ADDRESS_TC" : "新界青衣青綠街23號",
				"SEARCH01_EN" : "CO-ED",
				"SEARCH01_TC" : "男女",
				"SEARCH02_EN" : "WHOLE DAY",
				"SEARCH02_TC" : "全日",
				"SEARCH03_EN" : "KWAI TSING",
				"SEARCH03_TC" : "葵青區",
				"SEARCH04_EN" : "PRIMARY",
				"SEARCH04_TC" : "小學",
				"SEARCH05_EN" : "AIDED",
				"SEARCH05_TC" : "資助",
				"NSEARCH01_EN" : "NOT APPLICABLE",
				"NSEARCH01_TC" : "不適用",
				"NSEARCH02_EN" : "24363923",
				"NSEARCH02_TC" : "24363923",
				"NSEARCH03_EN" : "24364113",
				"NSEARCH03_TC" : "24364113",
				"NSEARCH04_EN" : "http://www.plkcastar.edu.hk",
				"NSEARCH04_TC" : "http://www.plkcastar.edu.hk",
				"NSEARCH05_EN" : "543217000123",
				"NSEARCH05_TC" : "543217000123",
				"NORTHING" : 823981,
				"EASTING" : 829029,
				"LATITUDE" : 22.35493794,
				"LONGITUDE" : 114.10659506,
				"LASTUPDATE" : "20231124121859"
			}
		},
		{
			"type" : "Feature",
			"geometry" : {
				"type" : "Point",
				"coordinates" : [ 114.2044442603, 22.3445479098 ]
			},
			"properties" : {
				"OBJECTID" : 221,
				"DATASET_EN" : "Aided Primary Schools",
				"DATASET_TC" : "資助小學",
				"NAME_EN" : "ST PATRICK'S CATHOLIC PRIMARY SCHOOL (PO KONG VILLAGE ROAD)",
				"ADDRESS_EN" : "178 PO KONG VILLAGE ROAD WONG TAI SIN KOWLOON",
				"NAME_TC" : "聖博德天主教小學(蒲崗村道)",
				"ADDRESS_TC" : "九龍黃大仙蒲崗村道178號",
				"SEARCH01_EN" : "CO-ED",
				"SEARCH01_TC" : "男女",
				"SEARCH02_EN" : "WHOLE DAY",
				"SEARCH02_TC" : "全日",
				"SEARCH03_EN" : "WONG TAI SIN",
				"SEARCH03_TC" : "黃大仙區",
				"SEARCH04_EN" : "PRIMARY",
				"SEARCH04_TC" : "小學",
				"SEARCH05_EN" : "AIDED",
				"SEARCH05_TC" : "資助",
				"NSEARCH01_EN" : "CATHOLICISM",
				"NSEARCH01_TC" : "天主教",
				"NSEARCH02_EN" : "22460783",
				"NSEARCH02_TC" : "22460783",
				"NSEARCH03_EN" : "22460780",
				"NSEARCH03_TC" : "22460780",
				"NSEARCH04_EN" : "http://www.spcpspkv.edu.hk",
				"NSEARCH04_TC" : "http://www.spcpspkv.edu.hk",
				"NSEARCH05_EN" : "543250000123",
				"NSEARCH05_TC" : "543250000123",
				"NORTHING" : 822829,
				"EASTING" : 839108,
				"LATITUDE" : 22.34454762,
				"LONGITUDE" : 114.20444426,
				"LASTUPDATE" : "20231124121859"
			}
		},
		{
			"type" : "Feature",
			"geometry" : {
				"type" : "Point",
				"coordinates" : [ 113.9371339485, 22.2816287134 ]
			},
			"properties" : {
				"OBJECTID" : 222,
				"DATASET_EN" : "Aided Primary Schools",
				"DATASET_TC" : "資助小學",
				"NAME_EN" : "THE SALVATION ARMY LAM BUTT CHUNG MEMORIAL SCHOOL",
				"ADDRESS_EN" : "8 YAT TUNG STREET YAT TUNG ESTATE TUNG CHUNG LANTAU ISLAND",
				"NAME_TC" : "救世軍林拔中紀念學校",
				"ADDRESS_TC" : "大嶼山東涌逸東街8號逸東邨",
				"SEARCH01_EN" : "CO-ED",
				"SEARCH01_TC" : "男女",
				"SEARCH02_EN" : "WHOLE DAY",
				"SEARCH02_TC" : "全日",
				"SEARCH03_EN" : "ISLANDS",
				"SEARCH03_TC" : "離島區",
				"SEARCH04_EN" : "PRIMARY",
				"SEARCH04_TC" : "小學",
				"SEARCH05_EN" : "AIDED",
				"SEARCH05_TC" : "資助",
				"NSEARCH01_EN" : "PROTESTANTISM / CHRISTIANITY",
				"NSEARCH01_TC" : "基督教",
				"NSEARCH02_EN" : "21090328",
				"NSEARCH02_TC" : "21090328",
				"NSEARCH03_EN" : "21090223",
				"NSEARCH03_TC" : "21090223",
				"NSEARCH04_EN" : "http://www.salbcms.edu.hk",
				"NSEARCH04_TC" : "http://www.salbcms.edu.hk",
				"NSEARCH05_EN" : "535753000223",
				"NSEARCH05_TC" : "535753000223",
				"NORTHING" : 815881,
				"EASTING" : 811561,
				"LATITUDE" : 22.28162842,
				"LONGITUDE" : 113.93713394,
				"LASTUPDATE" : "20231124121859"
			}
		},
		{
			"type" : "Feature",
			"geometry" : {
				"type" : "Point",
				"coordinates" : [ 114.2335173263, 22.3167713152 ]
			},
			"properties" : {
				"OBJECTID" : 223,
				"DATASET_EN" : "Aided Primary Schools",
				"DATASET_TC" : "資助小學",
				"NAME_EN" : "ST. MATTHEW'S LUTHERAN SCHOOL (SAU MAU PING)",
				"ADDRESS_EN" : "123 SAU MING ROAD SAU MAU PING KWUN TONG KOWLOON",
				"NAME_TC" : "路德會聖馬太學校(秀茂坪)",
				"ADDRESS_TC" : "九龍觀塘秀茂坪秀明道123號",
				"SEARCH01_EN" : "CO-ED",
				"SEARCH01_TC" : "男女",
				"SEARCH02_EN" : "WHOLE DAY",
				"SEARCH02_TC" : "全日",
				"SEARCH03_EN" : "KWUN TONG",
				"SEARCH03_TC" : "觀塘區",
				"SEARCH04_EN" : "PRIMARY",
				"SEARCH04_TC" : "小學",
				"SEARCH05_EN" : "AIDED",
				"SEARCH05_TC" : "資助",
				"NSEARCH01_EN" : "PROTESTANTISM / CHRISTIANITY",
				"NSEARCH01_TC" : "基督教",
				"NSEARCH02_EN" : "27723797",
				"NSEARCH02_TC" : "27723797",
				"NSEARCH03_EN" : "27723779",
				"NSEARCH03_TC" : "27723779",
				"NSEARCH04_EN" : "http://www.smssmp.edu.hk",
				"NSEARCH04_TC" : "http://www.smssmp.edu.hk",
				"NSEARCH05_EN" : "540242000123",
				"NSEARCH05_TC" : "540242000123",
				"NORTHING" : 819754,
				"EASTING" : 842104,
				"LATITUDE" : 22.31677102,
				"LONGITUDE" : 114.23351732,
				"LASTUPDATE" : "20231124121858"
			}
		},
		{
			"type" : "Feature",
			"geometry" : {
				"type" : "Point",
				"coordinates" : [ 114.0010682501, 22.4678743073 ]
			},
			"properties" : {
				"OBJECTID" : 224,
				"DATASET_EN" : "Aided Primary Schools",
				"DATASET_TC" : "資助小學",
				"NAME_EN" : "S.K.H. TIN SHUI WAI LING OI PRIMARY SCHOOL",
				"ADDRESS_EN" : "82 TIN SHUI ROAD TIN SHUI WAI YUEN LONG NEW TERRITORIES",
				"NAME_TC" : "聖公會天水圍靈愛小學",
				"ADDRESS_TC" : "新界元朗天水圍天瑞路82號",
				"SEARCH01_EN" : "CO-ED",
				"SEARCH01_TC" : "男女",
				"SEARCH02_EN" : "WHOLE DAY",
				"SEARCH02_TC" : "全日",
				"SEARCH03_EN" : "YUEN LONG",
				"SEARCH03_TC" : "元朗區",
				"SEARCH04_EN" : "PRIMARY",
				"SEARCH04_TC" : "小學",
				"SEARCH05_EN" : "AIDED",
				"SEARCH05_TC" : "資助",
				"NSEARCH01_EN" : "PROTESTANTISM / CHRISTIANITY",
				"NSEARCH01_TC" : "基督教",
				"NSEARCH02_EN" : "24461633",
				"NSEARCH02_TC" : "24461633",
				"NSEARCH03_EN" : "24461630",
				"NSEARCH03_TC" : "24461630",
				"NSEARCH04_EN" : "http://www.skhtswlo.edu.hk",
				"NSEARCH04_TC" : "http://www.skhtswlo.edu.hk",
				"NSEARCH05_EN" : "549371000223",
				"NSEARCH05_TC" : "549371000223",
				"NORTHING" : 836496,
				"EASTING" : 818174,
				"LATITUDE" : 22.46787401,
				"LONGITUDE" : 114.00106825,
				"LASTUPDATE" : "20231124121858"
			}
		},
		{
			"type" : "Feature",
			"geometry" : {
				"type" : "Point",
				"coordinates" : [ 114.1422414762, 22.4844107597 ]
			},
			"properties" : {
				"OBJECTID" : 225,
				"DATASET_EN" : "Aided Primary Schools",
				"DATASET_TC" : "資助小學",
				"NAME_EN" : "FANLING ASSEMBLY OF GOD CHURCH PRIMARY SCHOOL",
				"ADDRESS_EN" : "2 WO MING LANE FANLING NEW TERRITORIES",
				"NAME_TC" : "基督教粉嶺神召會小學",
				"ADDRESS_TC" : "新界粉嶺和鳴里2號",
				"SEARCH01_EN" : "CO-ED",
				"SEARCH01_TC" : "男女",
				"SEARCH02_EN" : "WHOLE DAY",
				"SEARCH02_TC" : "全日",
				"SEARCH03_EN" : "NORTH",
				"SEARCH03_TC" : "北區",
				"SEARCH04_EN" : "PRIMARY",
				"SEARCH04_TC" : "小學",
				"SEARCH05_EN" : "AIDED",
				"SEARCH05_TC" : "資助",
				"NSEARCH01_EN" : "PROTESTANTISM / CHRISTIANITY",
				"NSEARCH01_TC" : "基督教",
				"NSEARCH02_EN" : "29479966",
				"NSEARCH02_TC" : "29479966",
				"NSEARCH03_EN" : "29479922",
				"NSEARCH03_TC" : "29479922",
				"NSEARCH04_EN" : "http://www.fagps.edu.hk",
				"NSEARCH04_TC" : "http://www.fagps.edu.hk",
				"NSEARCH05_EN" : "539953000123",
				"NSEARCH05_TC" : "539953000123",
				"NORTHING" : 838317,
				"EASTING" : 832704,
				"LATITUDE" : 22.48441046,
				"LONGITUDE" : 114.14224147,
				"LASTUPDATE" : "20231124121858"
			}
		},
		{
			"type" : "Feature",
			"geometry" : {
				"type" : "Point",
				"coordinates" : [ 114.1979456503, 22.3814025442 ]
			},
			"properties" : {
				"OBJECTID" : 226,
				"DATASET_EN" : "Aided Primary Schools",
				"DATASET_TC" : "資助小學",
				"NAME_EN" : "BAPTIST (SHA TIN WAI) LUI MING CHOI PRIMARY SCHOOL",
				"ADDRESS_EN" : "8 YUEN CHAU KOK ROAD SHATIN NEW TERRITORIES",
				"NAME_TC" : "浸信會沙田圍呂明才小學",
				"ADDRESS_TC" : "新界沙田圓洲角路8號",
				"SEARCH01_EN" : "CO-ED",
				"SEARCH01_TC" : "男女",
				"SEARCH02_EN" : "WHOLE DAY",
				"SEARCH02_TC" : "全日",
				"SEARCH03_EN" : "SHA TIN",
				"SEARCH03_TC" : "沙田區",
				"SEARCH04_EN" : "PRIMARY",
				"SEARCH04_TC" : "小學",
				"SEARCH05_EN" : "AIDED",
				"SEARCH05_TC" : "資助",
				"NSEARCH01_EN" : "PROTESTANTISM / CHRISTIANITY",
				"NSEARCH01_TC" : "基督教",
				"NSEARCH02_EN" : "26476242",
				"NSEARCH02_TC" : "26476242",
				"NSEARCH03_EN" : "26350132",
				"NSEARCH03_TC" : "26350132",
				"NSEARCH04_EN" : "http://www.bstwlmc.edu.hk",
				"NSEARCH04_TC" : "http://www.bstwlmc.edu.hk",
				"NSEARCH05_EN" : "533882000123",
				"NSEARCH05_TC" : "533882000123",
				"NORTHING" : 826910,
				"EASTING" : 838438,
				"LATITUDE" : 22.38140225,
				"LONGITUDE" : 114.19794565,
				"LASTUPDATE" : "20231124121858"
			}
		},
		{
			"type" : "Feature",
			"geometry" : {
				"type" : "Point",
				"coordinates" : [ 114.2203066569, 22.4070808506 ]
			},
			"properties" : {
				"OBJECTID" : 227,
				"DATASET_EN" : "Aided Primary Schools",
				"DATASET_TC" : "資助小學",
				"NAME_EN" : "S.K.H. MA ON SHAN HOLY SPIRIT PRIMARY SCHOOL",
				"ADDRESS_EN" : "35 NING TAI ROAD MA ON SHAN SHATIN NEW TERRITORIES",
				"NAME_TC" : "聖公會馬鞍山主風小學",
				"ADDRESS_TC" : "新界沙田馬鞍山寧泰路35號",
				"SEARCH01_EN" : "CO-ED",
				"SEARCH01_TC" : "男女",
				"SEARCH02_EN" : "WHOLE DAY",
				"SEARCH02_TC" : "全日",
				"SEARCH03_EN" : "SHA TIN",
				"SEARCH03_TC" : "沙田區",
				"SEARCH04_EN" : "PRIMARY",
				"SEARCH04_TC" : "小學",
				"SEARCH05_EN" : "AIDED",
				"SEARCH05_TC" : "資助",
				"NSEARCH01_EN" : "PROTESTANTISM / CHRISTIANITY",
				"NSEARCH01_TC" : "基督教",
				"NSEARCH02_EN" : "26048487",
				"NSEARCH02_TC" : "26048487",
				"NSEARCH03_EN" : "26309855",
				"NSEARCH03_TC" : "26309855",
				"NSEARCH04_EN" : "http://www.skhmoshs.edu.hk",
				"NSEARCH04_TC" : "http://www.skhmoshs.edu.hk",
				"NSEARCH05_EN" : "535729000123",
				"NSEARCH05_TC" : "535729000123",
				"NORTHING" : 829754,
				"EASTING" : 840740,
				"LATITUDE" : 22.40708056,
				"LONGITUDE" : 114.22030665,
				"LASTUPDATE" : "20231124121857"
			}
		},
		{
			"type" : "Feature",
			"geometry" : {
				"type" : "Point",
				"coordinates" : [ 114.2383427279, 22.2761498439 ]
			},
			"properties" : {
				"OBJECTID" : 228,
				"DATASET_EN" : "Aided Primary Schools",
				"DATASET_TC" : "資助小學",
				"NAME_EN" : "THE SALVATION ARMY ANN WYLLIE MEMORIAL SCHOOL",
				"ADDRESS_EN" : "100 SHING TAI ROAD HENG FA CHUEN HK",
				"NAME_TC" : "救世軍韋理夫人紀念學校",
				"ADDRESS_TC" : "香港杏花邨平台盛泰道100號",
				"SEARCH01_EN" : "CO-ED",
				"SEARCH01_TC" : "男女",
				"SEARCH02_EN" : "WHOLE DAY",
				"SEARCH02_TC" : "全日",
				"SEARCH03_EN" : "EASTERN",
				"SEARCH03_TC" : "東區",
				"SEARCH04_EN" : "PRIMARY",
				"SEARCH04_TC" : "小學",
				"SEARCH05_EN" : "AIDED",
				"SEARCH05_TC" : "資助",
				"NSEARCH01_EN" : "PROTESTANTISM / CHRISTIANITY",
				"NSEARCH01_TC" : "基督教",
				"NSEARCH02_EN" : "25582111",
				"NSEARCH02_TC" : "25582111",
				"NSEARCH03_EN" : "28984377",
				"NSEARCH03_TC" : "28984377",
				"NSEARCH04_EN" : "http://www.annwyllie.edu.hk",
				"NSEARCH04_TC" : "http://www.annwyllie.edu.hk",
				"NSEARCH05_EN" : "514551000123",
				"NSEARCH05_TC" : "514551000123",
				"NORTHING" : 815256,
				"EASTING" : 842603,
				"LATITUDE" : 22.27614955,
				"LONGITUDE" : 114.23834272,
				"LASTUPDATE" : "20231124121857"
			}
		},
		{
			"type" : "Feature",
			"geometry" : {
				"type" : "Point",
				"coordinates" : [ 114.1289716639, 22.3588114721 ]
			},
			"properties" : {
				"OBJECTID" : 229,
				"DATASET_EN" : "Aided Primary Schools",
				"DATASET_TC" : "資助小學",
				"NAME_EN" : "BUDDHIST LIM KIM TIAN MEMORIAL PRIMARY SCHOOL",
				"ADDRESS_EN" : "KWAI FONG ESTATE PHASE 5 KWAI CHUNG NEW TERRITORIES",
				"NAME_TC" : "佛教林金殿紀念小學",
				"ADDRESS_TC" : "新界葵涌葵芳村第五期",
				"SEARCH01_EN" : "CO-ED",
				"SEARCH01_TC" : "男女",
				"SEARCH02_EN" : "WHOLE DAY",
				"SEARCH02_TC" : "全日",
				"SEARCH03_EN" : "KWAI TSING",
				"SEARCH03_TC" : "葵青區",
				"SEARCH04_EN" : "PRIMARY",
				"SEARCH04_TC" : "小學",
				"SEARCH05_EN" : "AIDED",
				"SEARCH05_TC" : "資助",
				"NSEARCH01_EN" : "BUDDHISM",
				"NSEARCH01_TC" : "佛教",
				"NSEARCH02_EN" : "24221747",
				"NSEARCH02_TC" : "24221747",
				"NSEARCH03_EN" : "24841419",
				"NSEARCH03_TC" : "24841419",
				"NSEARCH04_EN" : "http://www.lkt.edu.hk",
				"NSEARCH04_TC" : "http://www.lkt.edu.hk",
				"NSEARCH05_EN" : "522031000123",
				"NSEARCH05_TC" : "522031000123",
				"NORTHING" : 824409,
				"EASTING" : 831334,
				"LATITUDE" : 22.35881118,
				"LONGITUDE" : 114.12897166,
				"LASTUPDATE" : "20231124121857"
			}
		},
		{
			"type" : "Feature",
			"geometry" : {
				"type" : "Point",
				"coordinates" : [ 114.2563199936, 22.3234534061 ]
			},
			"properties" : {
				"OBJECTID" : 230,
				"DATASET_EN" : "Aided Primary Schools",
				"DATASET_TC" : "資助小學",
				"NAME_EN" : "SHUN TAK FRATERNAL ASSOCIATION LEUNG KIT WAH PRIMARY SCHOOL",
				"ADDRESS_EN" : "AREA 19, TSEUNG KWAN O, NEW TERRITORIES",
				"NAME_TC" : "順德聯誼總會梁潔華小學",
				"ADDRESS_TC" : "新界將軍澳第十九區",
				"SEARCH01_EN" : "CO-ED",
				"SEARCH01_TC" : "男女",
				"SEARCH02_EN" : "WHOLE DAY",
				"SEARCH02_TC" : "全日",
				"SEARCH03_EN" : "SAI KUNG",
				"SEARCH03_TC" : "西貢區",
				"SEARCH04_EN" : "PRIMARY",
				"SEARCH04_TC" : "小學",
				"SEARCH05_EN" : "AIDED",
				"SEARCH05_TC" : "資助",
				"NSEARCH01_EN" : "NOT APPLICABLE",
				"NSEARCH01_TC" : "不適用",
				"NSEARCH02_EN" : "26233628",
				"NSEARCH02_TC" : "26233628",
				"NSEARCH03_EN" : "26233618",
				"NSEARCH03_TC" : "26233618",
				"NSEARCH04_EN" : "http://www.lkw.edu.hk",
				"NSEARCH04_TC" : "http://www.lkw.edu.hk",
				"NSEARCH05_EN" : "518476000123",
				"NSEARCH05_TC" : "518476000123",
				"NORTHING" : 820495,
				"EASTING" : 844453,
				"LATITUDE" : 22.32345311,
				"LONGITUDE" : 114.25631999,
				"LASTUPDATE" : "20231124121857"
			}
		},
		{
			"type" : "Feature",
			"geometry" : {
				"type" : "Point",
				"coordinates" : [ 113.9503502222, 22.2934416221 ]
			},
			"properties" : {
				"OBJECTID" : 231,
				"DATASET_EN" : "Aided Primary Schools",
				"DATASET_TC" : "資助小學",
				"NAME_EN" : "HO YU COLLEGE AND PRIMARY SCHOOL (SPONSORED BY SIK SIK YUEN)",
				"ADDRESS_EN" : "4-6 KIN TUNG ROAD TUNG CHUNG NEW TERRITORIES",
				"NAME_TC" : "嗇色園主辦可譽中學暨可譽小學",
				"ADDRESS_TC" : "新界東涌健東路4–6號",
				"SEARCH01_EN" : "CO-ED",
				"SEARCH01_TC" : "男女",
				"SEARCH02_EN" : "WHOLE DAY",
				"SEARCH02_TC" : "全日",
				"SEARCH03_EN" : "ISLANDS",
				"SEARCH03_TC" : "離島區",
				"SEARCH04_EN" : "PRIMARY",
				"SEARCH04_TC" : "小學",
				"SEARCH05_EN" : "AIDED",
				"SEARCH05_TC" : "資助",
				"NSEARCH01_EN" : "CONFUCIANISM,BUDDHISM & TAOISM",
				"NSEARCH01_TC" : "儒釋道三教",
				"NSEARCH02_EN" : "21091001",
				"NSEARCH02_TC" : "21091001",
				"NSEARCH03_EN" : "21092002",
				"NSEARCH03_TC" : "21092002",
				"NSEARCH04_EN" : "http://www.hoyu.edu.hk",
				"NSEARCH04_TC" : "http://www.hoyu.edu.hk",
				"NSEARCH05_EN" : "522074000223",
				"NSEARCH05_TC" : "522074000223",
				"NORTHING" : 817187,
				"EASTING" : 812925,
				"LATITUDE" : 22.29344133,
				"LONGITUDE" : 113.95035022,
				"LASTUPDATE" : "20231124121857"
			}
		},
		{
			"type" : "Feature",
			"geometry" : {
				"type" : "Point",
				"coordinates" : [ 114.2269515769, 22.2765601383 ]
			},
			"properties" : {
				"OBJECTID" : 232,
				"DATASET_EN" : "Aided Primary Schools",
				"DATASET_TC" : "資助小學",
				"NAME_EN" : "THE ENDEAVOURERS LEUNG LEE SAU YU MEMORIAL PRIMARY SCHOOL",
				"ADDRESS_EN" : "25 YIU HING ROAD SHAUKEIWAN HONG KONG",
				"NAME_TC" : "勵志會梁李秀娛紀念小學",
				"ADDRESS_TC" : "香港筲箕灣耀興道25號",
				"SEARCH01_EN" : "CO-ED",
				"SEARCH01_TC" : "男女",
				"SEARCH02_EN" : "WHOLE DAY",
				"SEARCH02_TC" : "全日",
				"SEARCH03_EN" : "EASTERN",
				"SEARCH03_TC" : "東區",
				"SEARCH04_EN" : "PRIMARY",
				"SEARCH04_TC" : "小學",
				"SEARCH05_EN" : "AIDED",
				"SEARCH05_TC" : "資助",
				"NSEARCH01_EN" : "NOT APPLICABLE",
				"NSEARCH01_TC" : "不適用",
				"NSEARCH02_EN" : "29679622",
				"NSEARCH02_TC" : "29679622",
				"NSEARCH03_EN" : "28843277",
				"NSEARCH03_TC" : "28843277",
				"NSEARCH04_EN" : "http://www.llsy.edu.hk",
				"NSEARCH04_TC" : "http://www.llsy.edu.hk",
				"NSEARCH05_EN" : "515248000123",
				"NSEARCH05_TC" : "515248000123",
				"NORTHING" : 815301,
				"EASTING" : 841429,
				"LATITUDE" : 22.27655985,
				"LONGITUDE" : 114.22695157,
				"LASTUPDATE" : "20231124121856"
			}
		},
		{
			"type" : "Feature",
			"geometry" : {
				"type" : "Point",
				"coordinates" : [ 114.1487033241, 22.2439286367 ]
			},
			"properties" : {
				"OBJECTID" : 233,
				"DATASET_EN" : "Aided Primary Schools",
				"DATASET_TC" : "資助小學",
				"NAME_EN" : "PRECIOUS BLOOD PRIMARY SCHOOL (SOUTH HORIZONS)",
				"ADDRESS_EN" : "355 AP LEI CHAU BRIDGE ROAD AP LEI CHAU HONG KONG",
				"NAME_TC" : "海怡寶血小學",
				"ADDRESS_TC" : "香港鴨脷洲鴨脷洲橋道355號",
				"SEARCH01_EN" : "CO-ED",
				"SEARCH01_TC" : "男女",
				"SEARCH02_EN" : "WHOLE DAY",
				"SEARCH02_TC" : "全日",
				"SEARCH03_EN" : "SOUTHERN",
				"SEARCH03_TC" : "南區",
				"SEARCH04_EN" : "PRIMARY",
				"SEARCH04_TC" : "小學",
				"SEARCH05_EN" : "AIDED",
				"SEARCH05_TC" : "資助",
				"NSEARCH01_EN" : "CATHOLICISM",
				"NSEARCH01_TC" : "天主教",
				"NSEARCH02_EN" : "25511378",
				"NSEARCH02_TC" : "25511378",
				"NSEARCH03_EN" : "25807125",
				"NSEARCH03_TC" : "25807125",
				"NSEARCH04_EN" : "http://www.pbpssh.edu.hk",
				"NSEARCH04_TC" : "http://www.pbpssh.edu.hk",
				"NSEARCH05_EN" : "535591000123",
				"NSEARCH05_TC" : "535591000123",
				"NORTHING" : 811687,
				"EASTING" : 833364,
				"LATITUDE" : 22.24392835,
				"LONGITUDE" : 114.14870332,
				"LASTUPDATE" : "20231124121856"
			}
		},
		{
			"type" : "Feature",
			"geometry" : {
				"type" : "Point",
				"coordinates" : [ 114.1476861638, 22.2839342592 ]
			},
			"properties" : {
				"OBJECTID" : 234,
				"DATASET_EN" : "Aided Primary Schools",
				"DATASET_TC" : "資助小學",
				"NAME_EN" : "CENTRAL & WESTERN DISTRICT ST. ANTHONY'S SCHOOL",
				"ADDRESS_EN" : "2 HOSPITAL ROAD HONG KONG",
				"NAME_TC" : "中西區聖安多尼學校",
				"ADDRESS_TC" : "香港醫院道2號",
				"SEARCH01_EN" : "CO-ED",
				"SEARCH01_TC" : "男女",
				"SEARCH02_EN" : "WHOLE DAY",
				"SEARCH02_TC" : "全日",
				"SEARCH03_EN" : "CENTRAL AND WESTERN",
				"SEARCH03_TC" : "中西區",
				"SEARCH04_EN" : "PRIMARY",
				"SEARCH04_TC" : "小學",
				"SEARCH05_EN" : "AIDED",
				"SEARCH05_TC" : "資助",
				"NSEARCH01_EN" : "CATHOLICISM",
				"NSEARCH01_TC" : "天主教",
				"NSEARCH02_EN" : "25460369",
				"NSEARCH02_TC" : "25460369",
				"NSEARCH03_EN" : "25460302",
				"NSEARCH03_TC" : "25460302",
				"NSEARCH04_EN" : "http://www.cwsa.edu.hk",
				"NSEARCH04_TC" : "http://www.cwsa.edu.hk",
				"NSEARCH05_EN" : "534242000123",
				"NSEARCH05_TC" : "534242000123",
				"NORTHING" : 816117,
				"EASTING" : 833260,
				"LATITUDE" : 22.28393397,
				"LONGITUDE" : 114.14768616,
				"LASTUPDATE" : "20231124121856"
			}
		},
		{
			"type" : "Feature",
			"geometry" : {
				"type" : "Point",
				"coordinates" : [ 114.2319465604, 22.3207724091 ]
			},
			"properties" : {
				"OBJECTID" : 235,
				"DATASET_EN" : "Aided Primary Schools",
				"DATASET_TC" : "資助小學",
				"NAME_EN" : "THE MISSION COVENANT CHURCH HOLM GLAD PRIMARY SCHOOL",
				"ADDRESS_EN" : "77 SAU MING ROAD SAU MAU PING ESTATE KWUN TONG KOWLOON",
				"NAME_TC" : "基督教聖約教會堅樂小學",
				"ADDRESS_TC" : "九龍觀塘秀茂坪邨秀明道77號",
				"SEARCH01_EN" : "CO-ED",
				"SEARCH01_TC" : "男女",
				"SEARCH02_EN" : "WHOLE DAY",
				"SEARCH02_TC" : "全日",
				"SEARCH03_EN" : "KWUN TONG",
				"SEARCH03_TC" : "觀塘區",
				"SEARCH04_EN" : "PRIMARY",
				"SEARCH04_TC" : "小學",
				"SEARCH05_EN" : "AIDED",
				"SEARCH05_TC" : "資助",
				"NSEARCH01_EN" : "PROTESTANTISM / CHRISTIANITY",
				"NSEARCH01_TC" : "基督教",
				"NSEARCH02_EN" : "27574566",
				"NSEARCH02_TC" : "27574566",
				"NSEARCH03_EN" : "29523110",
				"NSEARCH03_TC" : "29523110",
				"NSEARCH04_EN" : "http://www.hgps.edu.hk",
				"NSEARCH04_TC" : "http://www.hgps.edu.hk",
				"NSEARCH05_EN" : "535648000123",
				"NSEARCH05_TC" : "535648000123",
				"NORTHING" : 820197,
				"EASTING" : 841942,
				"LATITUDE" : 22.32077212,
				"LONGITUDE" : 114.23194656,
				"LASTUPDATE" : "20231124121856"
			}
		},
		{
			"type" : "Feature",
			"geometry" : {
				"type" : "Point",
				"coordinates" : [ 114.1677692893, 22.3328915399 ]
			},
			"properties" : {
				"OBJECTID" : 236,
				"DATASET_EN" : "Aided Primary Schools",
				"DATASET_TC" : "資助小學",
				"NAME_EN" : "ST. FRANCIS OF ASSISI'S CARITAS SCHOOL",
				"ADDRESS_EN" : "7 WAI CHI STREET SHEK KIP MEI SHAM SHUI PO KOWLOON",
				"NAME_TC" : "聖方濟愛德小學",
				"ADDRESS_TC" : "九龍深水埗石硤尾偉智街7號",
				"SEARCH01_EN" : "CO-ED",
				"SEARCH01_TC" : "男女",
				"SEARCH02_EN" : "WHOLE DAY",
				"SEARCH02_TC" : "全日",
				"SEARCH03_EN" : "SHAM SHUI PO",
				"SEARCH03_TC" : "深水埗區",
				"SEARCH04_EN" : "PRIMARY",
				"SEARCH04_TC" : "小學",
				"SEARCH05_EN" : "AIDED",
				"SEARCH05_TC" : "資助",
				"NSEARCH01_EN" : "CATHOLICISM",
				"NSEARCH01_TC" : "天主教",
				"NSEARCH02_EN" : "27772752",
				"NSEARCH02_TC" : "27772752",
				"NSEARCH03_EN" : "27761814",
				"NSEARCH03_TC" : "27761814",
				"NSEARCH04_EN" : "http://www.sfacs.edu.hk",
				"NSEARCH04_TC" : "http://www.sfacs.edu.hk",
				"NSEARCH05_EN" : "514055000323",
				"NSEARCH05_TC" : "514055000323",
				"NORTHING" : 821538,
				"EASTING" : 835330,
				"LATITUDE" : 22.33289125,
				"LONGITUDE" : 114.16776929,
				"LASTUPDATE" : "20231124121855"
			}
		},
		{
			"type" : "Feature",
			"geometry" : {
				"type" : "Point",
				"coordinates" : [ 114.1701475806, 22.3307875302 ]
			},
			"properties" : {
				"OBJECTID" : 237,
				"DATASET_EN" : "Aided Primary Schools",
				"DATASET_TC" : "資助小學",
				"NAME_EN" : "THE HONG KONG SZE YAP COMMERCIAL & INDUSTRIAL ASSOCIATION SAN WUI COMMERCIAL SOCIETY SCHOOL",
				"ADDRESS_EN" : "21 TONG YAM STREET, TAI HANG TUNG, KOWLOON",
				"NAME_TC" : "香港四邑商工總會新會商會學校",
				"ADDRESS_TC" : "九龍大坑東棠蔭街21號",
				"SEARCH01_EN" : "CO-ED",
				"SEARCH01_TC" : "男女",
				"SEARCH02_EN" : "WHOLE DAY",
				"SEARCH02_TC" : "全日",
				"SEARCH03_EN" : "SHAM SHUI PO",
				"SEARCH03_TC" : "深水埗區",
				"SEARCH04_EN" : "PRIMARY",
				"SEARCH04_TC" : "小學",
				"SEARCH05_EN" : "AIDED",
				"SEARCH05_TC" : "資助",
				"NSEARCH01_EN" : "NOT APPLICABLE",
				"NSEARCH01_TC" : "不適用",
				"NSEARCH02_EN" : "27779515",
				"NSEARCH02_TC" : "27779515",
				"NSEARCH03_EN" : "27761344",
				"NSEARCH03_TC" : "27761344",
				"NSEARCH04_EN" : "http://www.sycias.edu.hk",
				"NSEARCH04_TC" : "http://www.sycias.edu.hk",
				"NSEARCH05_EN" : "514500000123",
				"NSEARCH05_TC" : "514500000123",
				"NORTHING" : 821305,
				"EASTING" : 835575,
				"LATITUDE" : 22.33078724,
				"LONGITUDE" : 114.17014758,
				"LASTUPDATE" : "20231124121855"
			}
		},
		{
			"type" : "Feature",
			"geometry" : {
				"type" : "Point",
				"coordinates" : [ 114.2275078851, 22.3124476484 ]
			},
			"properties" : {
				"OBJECTID" : 238,
				"DATASET_EN" : "Aided Primary Schools",
				"DATASET_TC" : "資助小學",
				"NAME_EN" : "THE CHURCH OF CHRIST IN CHINA KEI FAAT PRIMARY SCHOOL",
				"ADDRESS_EN" : "34 YUET WAH STREET KWUN TONG KOWLOON",
				"NAME_TC" : "中華基督教會基法小學",
				"ADDRESS_TC" : "觀塘月華街34號",
				"SEARCH01_EN" : "CO-ED",
				"SEARCH01_TC" : "男女",
				"SEARCH02_EN" : "WHOLE DAY",
				"SEARCH02_TC" : "全日",
				"SEARCH03_EN" : "KWUN TONG",
				"SEARCH03_TC" : "觀塘區",
				"SEARCH04_EN" : "PRIMARY",
				"SEARCH04_TC" : "小學",
				"SEARCH05_EN" : "AIDED",
				"SEARCH05_TC" : "資助",
				"NSEARCH01_EN" : "PROTESTANTISM / CHRISTIANITY",
				"NSEARCH01_TC" : "基督教",
				"NSEARCH02_EN" : "23418088",
				"NSEARCH02_TC" : "23418088",
				"NSEARCH03_EN" : "23424326",
				"NSEARCH03_TC" : "23424326",
				"NSEARCH04_EN" : "http://www.kfp.edu.hk",
				"NSEARCH04_TC" : "http://www.kfp.edu.hk",
				"NSEARCH05_EN" : "512303000123",
				"NSEARCH05_TC" : "512303000123",
				"NORTHING" : 819275,
				"EASTING" : 841485,
				"LATITUDE" : 22.31244736,
				"LONGITUDE" : 114.22750788,
				"LASTUPDATE" : "20231124121855"
			}
		},
		{
			"type" : "Feature",
			"geometry" : {
				"type" : "Point",
				"coordinates" : [ 114.1750592561, 22.3262994579 ]
			},
			"properties" : {
				"OBJECTID" : 239,
				"DATASET_EN" : "Aided Primary Schools",
				"DATASET_TC" : "資助小學",
				"NAME_EN" : "ST. ROSE OF LIMA'S SCHOOL",
				"ADDRESS_EN" : "4 EMBANKMENT ROAD KOWLOON",
				"NAME_TC" : "聖羅撒學校",
				"ADDRESS_TC" : "九龍基堤道4號",
				"SEARCH01_EN" : "GIRLS",
				"SEARCH01_TC" : "女",
				"SEARCH02_EN" : "WHOLE DAY",
				"SEARCH02_TC" : "全日",
				"SEARCH03_EN" : "KOWLOON CITY",
				"SEARCH03_TC" : "九龍城區",
				"SEARCH04_EN" : "PRIMARY",
				"SEARCH04_TC" : "小學",
				"SEARCH05_EN" : "AIDED",
				"SEARCH05_TC" : "資助",
				"NSEARCH01_EN" : "CATHOLICISM",
				"NSEARCH01_TC" : "天主教",
				"NSEARCH02_EN" : "23382807",
				"NSEARCH02_TC" : "23382807",
				"NSEARCH03_EN" : "23363158",
				"NSEARCH03_TC" : "23363158",
				"NSEARCH04_EN" : "http://www.srols.edu.hk",
				"NSEARCH04_TC" : "http://www.srols.edu.hk",
				"NSEARCH05_EN" : "514250000123",
				"NSEARCH05_TC" : "514250000123",
				"NORTHING" : 820808,
				"EASTING" : 836081,
				"LATITUDE" : 22.32629916,
				"LONGITUDE" : 114.17505925,
				"LASTUPDATE" : "20231124121855"
			}
		},
		{
			"type" : "Feature",
			"geometry" : {
				"type" : "Point",
				"coordinates" : [ 114.0060164388, 22.4578107212 ]
			},
			"properties" : {
				"OBJECTID" : 240,
				"DATASET_EN" : "Aided Primary Schools",
				"DATASET_TC" : "資助小學",
				"NAME_EN" : "TIN SHUI WAI CATHOLIC PRIMARY SCHOOL",
				"ADDRESS_EN" : "28 TIN PAK ROAD TIN SHUI WAI YUEN LONG NEW TERRITORIES",
				"NAME_TC" : "天水圍天主教小學",
				"ADDRESS_TC" : "新界元朗天水圍天柏路28號",
				"SEARCH01_EN" : "CO-ED",
				"SEARCH01_TC" : "男女",
				"SEARCH02_EN" : "WHOLE DAY",
				"SEARCH02_TC" : "全日",
				"SEARCH03_EN" : "YUEN LONG",
				"SEARCH03_TC" : "元朗區",
				"SEARCH04_EN" : "PRIMARY",
				"SEARCH04_TC" : "小學",
				"SEARCH05_EN" : "AIDED",
				"SEARCH05_TC" : "資助",
				"NSEARCH01_EN" : "CATHOLICISM",
				"NSEARCH01_TC" : "天主教",
				"NSEARCH02_EN" : "26178212",
				"NSEARCH02_TC" : "26178212",
				"NSEARCH03_EN" : "26178252",
				"NSEARCH03_TC" : "26178252",
				"NSEARCH04_EN" : "http://www.tswcps.edu.hk",
				"NSEARCH04_TC" : "http://www.tswcps.edu.hk",
				"NSEARCH05_EN" : "516872000123",
				"NSEARCH05_TC" : "516872000123",
				"NORTHING" : 835381,
				"EASTING" : 818682,
				"LATITUDE" : 22.45781043,
				"LONGITUDE" : 114.00601643,
				"LASTUPDATE" : "20231124121854"
			}
		},
		{
			"type" : "Feature",
			"geometry" : {
				"type" : "Point",
				"coordinates" : [ 114.1889308089, 22.3383729015 ]
			},
			"properties" : {
				"OBJECTID" : 241,
				"DATASET_EN" : "Aided Primary Schools",
				"DATASET_TC" : "資助小學",
				"NAME_EN" : "ST. PATRICK'S SCHOOL",
				"ADDRESS_EN" : "12 FU MEI STREET EAST WANG TAU HOM KOWLOON",
				"NAME_TC" : "聖博德學校",
				"ADDRESS_TC" : "九龍橫頭磡富美東街12號",
				"SEARCH01_EN" : "CO-ED",
				"SEARCH01_TC" : "男女",
				"SEARCH02_EN" : "WHOLE DAY",
				"SEARCH02_TC" : "全日",
				"SEARCH03_EN" : "WONG TAI SIN",
				"SEARCH03_TC" : "黃大仙區",
				"SEARCH04_EN" : "PRIMARY",
				"SEARCH04_TC" : "小學",
				"SEARCH05_EN" : "AIDED",
				"SEARCH05_TC" : "資助",
				"NSEARCH01_EN" : "CATHOLICISM",
				"NSEARCH01_TC" : "天主教",
				"NSEARCH02_EN" : "23370133",
				"NSEARCH02_TC" : "23370133",
				"NSEARCH03_EN" : "23379549",
				"NSEARCH03_TC" : "23379549",
				"NSEARCH04_EN" : "http://www.sps.edu.hk",
				"NSEARCH04_TC" : "http://www.sps.edu.hk",
				"NSEARCH05_EN" : "514160000123",
				"NSEARCH05_TC" : "514160000123",
				"NORTHING" : 822145,
				"EASTING" : 837510,
				"LATITUDE" : 22.33837261,
				"LONGITUDE" : 114.1889308,
				"LASTUPDATE" : "20231124121854"
			}
		},
		{
			"type" : "Feature",
			"geometry" : {
				"type" : "Point",
				"coordinates" : [ 114.1607698592, 22.339474287 ]
			},
			"properties" : {
				"OBJECTID" : 242,
				"DATASET_EN" : "Aided Primary Schools",
				"DATASET_TC" : "資助小學",
				"NAME_EN" : "S.K.H. KEI OI PRIMARY SCHOOL",
				"ADDRESS_EN" : "15 KWONG LEE ROAD, LI CHENG UK, KOWLOON",
				"NAME_TC" : "聖公會基愛小學",
				"ADDRESS_TC" : "九龍廣利道15號",
				"SEARCH01_EN" : "CO-ED",
				"SEARCH01_TC" : "男女",
				"SEARCH02_EN" : "WHOLE DAY",
				"SEARCH02_TC" : "全日",
				"SEARCH03_EN" : "SHAM SHUI PO",
				"SEARCH03_TC" : "深水埗區",
				"SEARCH04_EN" : "PRIMARY",
				"SEARCH04_TC" : "小學",
				"SEARCH05_EN" : "AIDED",
				"SEARCH05_TC" : "資助",
				"NSEARCH01_EN" : "PROTESTANTISM / CHRISTIANITY",
				"NSEARCH01_TC" : "基督教",
				"NSEARCH02_EN" : "23862463",
				"NSEARCH02_TC" : "23862463",
				"NSEARCH03_EN" : "23877613",
				"NSEARCH03_TC" : "23877613",
				"NSEARCH04_EN" : "http://www.keioi.edu.hk",
				"NSEARCH04_TC" : "http://www.keioi.edu.hk",
				"NSEARCH05_EN" : "513490000123",
				"NSEARCH05_TC" : "513490000123",
				"NORTHING" : 822267,
				"EASTING" : 834609,
				"LATITUDE" : 22.33947399,
				"LONGITUDE" : 114.16076986,
				"LASTUPDATE" : "20231124121854"
			}
		},
		{
			"type" : "Feature",
			"geometry" : {
				"type" : "Point",
				"coordinates" : [ 114.1535185918, 22.2802326409 ]
			},
			"properties" : {
				"OBJECTID" : 243,
				"DATASET_EN" : "Aided Primary Schools",
				"DATASET_TC" : "資助小學",
				"NAME_EN" : "SACRED HEART CANOSSIAN SCHOOL",
				"ADDRESS_EN" : "26 CAINE ROAD HONG KONG",
				"NAME_TC" : "嘉諾撒聖心學校",
				"ADDRESS_TC" : "香港堅道26號",
				"SEARCH01_EN" : "GIRLS",
				"SEARCH01_TC" : "女",
				"SEARCH02_EN" : "WHOLE DAY",
				"SEARCH02_TC" : "全日",
				"SEARCH03_EN" : "CENTRAL AND WESTERN",
				"SEARCH03_TC" : "中西區",
				"SEARCH04_EN" : "PRIMARY",
				"SEARCH04_TC" : "小學",
				"SEARCH05_EN" : "AIDED",
				"SEARCH05_TC" : "資助",
				"NSEARCH01_EN" : "CATHOLICISM",
				"NSEARCH01_TC" : "天主教",
				"NSEARCH02_EN" : "25248679",
				"NSEARCH02_TC" : "25248679",
				"NSEARCH03_EN" : "28698154",
				"NSEARCH03_TC" : "28698154",
				"NSEARCH04_EN" : "http://www.shcs.edu.hk",
				"NSEARCH04_TC" : "http://www.shcs.edu.hk",
				"NSEARCH05_EN" : "513687000123",
				"NSEARCH05_TC" : "513687000123",
				"NORTHING" : 815707,
				"EASTING" : 833861,
				"LATITUDE" : 22.28023235,
				"LONGITUDE" : 114.15351859,
				"LASTUPDATE" : "20231124121854"
			}
		},
		{
			"type" : "Feature",
			"geometry" : {
				"type" : "Point",
				"coordinates" : [ 114.1965818028, 22.3501299472 ]
			},
			"properties" : {
				"OBJECTID" : 244,
				"DATASET_EN" : "Aided Primary Schools",
				"DATASET_TC" : "資助小學",
				"NAME_EN" : "THE CHURCH OF CHRIST IN CHINA KEI TSZ PRIMARY SCHOOL",
				"ADDRESS_EN" : "152 TSZ WAN SHAN ROAD KOWLOON",
				"NAME_TC" : "中華基督教會基慈小學",
				"ADDRESS_TC" : "九龍慈雲山道152號",
				"SEARCH01_EN" : "CO-ED",
				"SEARCH01_TC" : "男女",
				"SEARCH02_EN" : "WHOLE DAY",
				"SEARCH02_TC" : "全日",
				"SEARCH03_EN" : "WONG TAI SIN",
				"SEARCH03_TC" : "黃大仙區",
				"SEARCH04_EN" : "PRIMARY",
				"SEARCH04_TC" : "小學",
				"SEARCH05_EN" : "AIDED",
				"SEARCH05_TC" : "資助",
				"NSEARCH01_EN" : "PROTESTANTISM / CHRISTIANITY",
				"NSEARCH01_TC" : "基督教",
				"NSEARCH02_EN" : "23225122",
				"NSEARCH02_TC" : "23225122",
				"NSEARCH03_EN" : "23286489",
				"NSEARCH03_TC" : "23286489",
				"NSEARCH04_EN" : "http://www.keitsz.edu.hk",
				"NSEARCH04_TC" : "http://www.keitsz.edu.hk",
				"NSEARCH05_EN" : "512370000123",
				"NSEARCH05_TC" : "512370000123",
				"NORTHING" : 823447,
				"EASTING" : 838298,
				"LATITUDE" : 22.35012965,
				"LONGITUDE" : 114.1965818,
				"LASTUPDATE" : "20231124121853"
			}
		},
		{
			"type" : "Feature",
			"geometry" : {
				"type" : "Point",
				"coordinates" : [ 114.1373321535, 22.2852053895 ]
			},
			"properties" : {
				"OBJECTID" : 245,
				"DATASET_EN" : "Aided Primary Schools",
				"DATASET_TC" : "資助小學",
				"NAME_EN" : "ST. ANTHONY'S SCHOOL",
				"ADDRESS_EN" : "69A POKFULAM ROAD HONG KONG",
				"NAME_TC" : "聖安多尼學校",
				"ADDRESS_TC" : "香港薄扶林道69號A",
				"SEARCH01_EN" : "CO-ED",
				"SEARCH01_TC" : "男女",
				"SEARCH02_EN" : "WHOLE DAY",
				"SEARCH02_TC" : "全日",
				"SEARCH03_EN" : "CENTRAL AND WESTERN",
				"SEARCH03_TC" : "中西區",
				"SEARCH04_EN" : "PRIMARY",
				"SEARCH04_TC" : "小學",
				"SEARCH05_EN" : "AIDED",
				"SEARCH05_TC" : "資助",
				"NSEARCH01_EN" : "CATHOLICISM",
				"NSEARCH01_TC" : "天主教",
				"NSEARCH02_EN" : "25466263",
				"NSEARCH02_TC" : "25466263",
				"NSEARCH03_EN" : "25405908",
				"NSEARCH03_TC" : "25405908",
				"NSEARCH04_EN" : "http://www.stanthonys.edu.hk",
				"NSEARCH04_TC" : "http://www.stanthonys.edu.hk",
				"NSEARCH05_EN" : "513954000123",
				"NSEARCH05_TC" : "513954000123",
				"NORTHING" : 816258,
				"EASTING" : 832193,
				"LATITUDE" : 22.2852051,
				"LONGITUDE" : 114.13733215,
				"LASTUPDATE" : "20231124121853"
			}
		},
		{
			"type" : "Feature",
			"geometry" : {
				"type" : "Point",
				"coordinates" : [ 114.1517519265, 22.2839981525 ]
			},
			"properties" : {
				"OBJECTID" : 246,
				"DATASET_EN" : "Aided Primary Schools",
				"DATASET_TC" : "資助小學",
				"NAME_EN" : "S.K.H. KEI YAN PRIMARY SCHOOL",
				"ADDRESS_EN" : "109 HOLLYWOOD ROAD HONG KONG",
				"NAME_TC" : "聖公會基恩小學",
				"ADDRESS_TC" : "香港荷李活道109號",
				"SEARCH01_EN" : "CO-ED",
				"SEARCH01_TC" : "男女",
				"SEARCH02_EN" : "WHOLE DAY",
				"SEARCH02_TC" : "全日",
				"SEARCH03_EN" : "CENTRAL AND WESTERN",
				"SEARCH03_TC" : "中西區",
				"SEARCH04_EN" : "PRIMARY",
				"SEARCH04_TC" : "小學",
				"SEARCH05_EN" : "AIDED",
				"SEARCH05_TC" : "資助",
				"NSEARCH01_EN" : "PROTESTANTISM / CHRISTIANITY",
				"NSEARCH01_TC" : "基督教",
				"NSEARCH02_EN" : "25240896",
				"NSEARCH02_TC" : "25240896",
				"NSEARCH03_EN" : "25217247",
				"NSEARCH03_TC" : "25217247",
				"NSEARCH04_EN" : "http://www.skhkyps.edu.hk",
				"NSEARCH04_TC" : "http://www.skhkyps.edu.hk",
				"NSEARCH05_EN" : "513539000223",
				"NSEARCH05_TC" : "513539000223",
				"NORTHING" : 816124,
				"EASTING" : 833679,
				"LATITUDE" : 22.28399786,
				"LONGITUDE" : 114.15175192,
				"LASTUPDATE" : "20231124121853"
			}
		},
		{
			"type" : "Feature",
			"geometry" : {
				"type" : "Point",
				"coordinates" : [ 114.1281516455, 22.5109113249 ]
			},
			"properties" : {
				"OBJECTID" : 247,
				"DATASET_EN" : "Aided Primary Schools",
				"DATASET_TC" : "資助小學",
				"NAME_EN" : "FUNG KAI INNOVATIVE SCHOOL",
				"ADDRESS_EN" : "19A JOCKEY CLUB ROAD SHEUNG SHUI NEW TERRITORIES",
				"NAME_TC" : "鳳溪創新小學",
				"ADDRESS_TC" : "新界上水馬會道19A號",
				"SEARCH01_EN" : "CO-ED",
				"SEARCH01_TC" : "男女",
				"SEARCH02_EN" : "WHOLE DAY",
				"SEARCH02_TC" : "全日",
				"SEARCH03_EN" : "NORTH",
				"SEARCH03_TC" : "北區",
				"SEARCH04_EN" : "PRIMARY",
				"SEARCH04_TC" : "小學",
				"SEARCH05_EN" : "AIDED",
				"SEARCH05_TC" : "資助",
				"NSEARCH01_EN" : "NOT APPLICABLE",
				"NSEARCH01_TC" : "不適用",
				"NSEARCH02_EN" : "26392201",
				"NSEARCH02_TC" : "26392201",
				"NSEARCH03_EN" : "26727090",
				"NSEARCH03_TC" : "26727090",
				"NSEARCH04_EN" : "http://www.fkis.edu.hk",
				"NSEARCH04_TC" : "http://www.fkis.edu.hk",
				"NSEARCH05_EN" : "566462000123",
				"NSEARCH05_TC" : "566462000123",
				"NORTHING" : 841252,
				"EASTING" : 831255,
				"LATITUDE" : 22.51091103,
				"LONGITUDE" : 114.12815164,
				"LASTUPDATE" : "20231124121852"
			}
		},
		{
			"type" : "Feature",
			"geometry" : {
				"type" : "Point",
				"coordinates" : [ 114.1905445588, 22.2629400449 ]
			},
			"properties" : {
				"OBJECTID" : 248,
				"DATASET_EN" : "Aided Primary Schools",
				"DATASET_TC" : "資助小學",
				"NAME_EN" : "MARYMOUNT PRIMARY SCHOOL",
				"ADDRESS_EN" : "LG 1/F G/F 1/F 2/F 3/F & 4/F 336 TAI HANG ROAD WANCHAI HONG KONG",
				"NAME_TC" : "瑪利曼小學",
				"ADDRESS_TC" : "香港灣仔大坑道336號地庫1樓、地下、1樓、2樓、3樓及4樓",
				"SEARCH01_EN" : "GIRLS",
				"SEARCH01_TC" : "女",
				"SEARCH02_EN" : "WHOLE DAY",
				"SEARCH02_TC" : "全日",
				"SEARCH03_EN" : "WAN CHAI",
				"SEARCH03_TC" : "灣仔區",
				"SEARCH04_EN" : "PRIMARY",
				"SEARCH04_TC" : "小學",
				"SEARCH05_EN" : "AIDED",
				"SEARCH05_TC" : "資助",
				"NSEARCH01_EN" : "CATHOLICISM",
				"NSEARCH01_TC" : "天主教",
				"NSEARCH02_EN" : "25728728",
				"NSEARCH02_TC" : "25728728",
				"NSEARCH03_EN" : "25724131",
				"NSEARCH03_TC" : "25724131",
				"NSEARCH04_EN" : "http://www.mps.edu.hk",
				"NSEARCH04_TC" : "http://www.mps.edu.hk",
				"NSEARCH05_EN" : "512850000123",
				"NSEARCH05_TC" : "512850000123",
				"NORTHING" : 813792,
				"EASTING" : 837677,
				"LATITUDE" : 22.26293975,
				"LONGITUDE" : 114.19054455,
				"LASTUPDATE" : "20231124121852"
			}
		},
		{
			"type" : "Feature",
			"geometry" : {
				"type" : "Point",
				"coordinates" : [ 114.2229666648, 22.3153297648 ]
			},
			"properties" : {
				"OBJECTID" : 249,
				"DATASET_EN" : "Aided Primary Schools",
				"DATASET_TC" : "資助小學",
				"NAME_EN" : "ST. JOHN THE BAPTIST CATHOLIC PRIMARY SCHOOL",
				"ADDRESS_EN" : "29 YEE ON STREET KWUN TONG KOWLOON",
				"NAME_TC" : "聖若翰天主教小學",
				"ADDRESS_TC" : "九龍觀塘宜安街29號",
				"SEARCH01_EN" : "CO-ED",
				"SEARCH01_TC" : "男女",
				"SEARCH02_EN" : "WHOLE DAY",
				"SEARCH02_TC" : "全日",
				"SEARCH03_EN" : "KWUN TONG",
				"SEARCH03_TC" : "觀塘區",
				"SEARCH04_EN" : "PRIMARY",
				"SEARCH04_TC" : "小學",
				"SEARCH05_EN" : "AIDED",
				"SEARCH05_TC" : "資助",
				"NSEARCH01_EN" : "CATHOLICISM",
				"NSEARCH01_TC" : "天主教",
				"NSEARCH02_EN" : "23890428",
				"NSEARCH02_TC" : "23890428",
				"NSEARCH03_EN" : "23574693",
				"NSEARCH03_TC" : "23574693",
				"NSEARCH04_EN" : "http://www.sjbcps.edu.hk",
				"NSEARCH04_TC" : "http://www.sjbcps.edu.hk",
				"NSEARCH05_EN" : "514080000123",
				"NSEARCH05_TC" : "514080000123",
				"NORTHING" : 819594,
				"EASTING" : 841017,
				"LATITUDE" : 22.31532947,
				"LONGITUDE" : 114.22296666,
				"LASTUPDATE" : "20231124121852"
			}
		},
		{
			"type" : "Feature",
			"geometry" : {
				"type" : "Point",
				"coordinates" : [ 114.186046529, 22.3198423335 ]
			},
			"properties" : {
				"OBJECTID" : 250,
				"DATASET_EN" : "Aided Primary Schools",
				"DATASET_TC" : "資助小學",
				"NAME_EN" : "ST. EUGENE DE MAZENOD OBLATE PRIMARY SCHOOL",
				"ADDRESS_EN" : "24 TIN KWONG ROAD TOKWAWAN KOWLOON",
				"NAME_TC" : "獻主會聖馬善樂小學",
				"ADDRESS_TC" : "九龍土瓜灣天光道24號",
				"SEARCH01_EN" : "CO-ED",
				"SEARCH01_TC" : "男女",
				"SEARCH02_EN" : "WHOLE DAY",
				"SEARCH02_TC" : "全日",
				"SEARCH03_EN" : "KOWLOON CITY",
				"SEARCH03_TC" : "九龍城區",
				"SEARCH04_EN" : "PRIMARY",
				"SEARCH04_TC" : "小學",
				"SEARCH05_EN" : "AIDED",
				"SEARCH05_TC" : "資助",
				"NSEARCH01_EN" : "CATHOLICISM",
				"NSEARCH01_TC" : "天主教",
				"NSEARCH02_EN" : "27151011",
				"NSEARCH02_TC" : "27151011",
				"NSEARCH03_EN" : "27151012",
				"NSEARCH03_TC" : "27151012",
				"NSEARCH04_EN" : "http://www.semops.edu.hk",
				"NSEARCH04_TC" : "http://www.semops.edu.hk",
				"NSEARCH05_EN" : "569631000123",
				"NSEARCH05_TC" : "569631000123",
				"NORTHING" : 820093,
				"EASTING" : 837213,
				"LATITUDE" : 22.31984204,
				"LONGITUDE" : 114.18604652,
				"LASTUPDATE" : "20231124121852"
			}
		},
		{
			"type" : "Feature",
			"geometry" : {
				"type" : "Point",
				"coordinates" : [ 114.2374730754, 22.2620262394 ]
			},
			"properties" : {
				"OBJECTID" : 251,
				"DATASET_EN" : "Aided Primary Schools",
				"DATASET_TC" : "資助小學",
				"NAME_EN" : "THE SALVATION ARMY CENTALINE CHARITY FUND SCHOOL",
				"ADDRESS_EN" : "9 WAH HA STREET CHAI WAN HONG KONG",
				"NAME_TC" : "救世軍中原慈善基金學校",
				"ADDRESS_TC" : "香港柴灣華廈街九號",
				"SEARCH01_EN" : "CO-ED",
				"SEARCH01_TC" : "男女",
				"SEARCH02_EN" : "WHOLE DAY",
				"SEARCH02_TC" : "全日",
				"SEARCH03_EN" : "EASTERN",
				"SEARCH03_TC" : "東區",
				"SEARCH04_EN" : "PRIMARY",
				"SEARCH04_TC" : "小學",
				"SEARCH05_EN" : "AIDED",
				"SEARCH05_TC" : "資助",
				"NSEARCH01_EN" : "PROTESTANTISM / CHRISTIANITY",
				"NSEARCH01_TC" : "基督教",
				"NSEARCH02_EN" : "25562292",
				"NSEARCH02_TC" : "25562292",
				"NSEARCH03_EN" : "25562722",
				"NSEARCH03_TC" : "25562722",
				"NSEARCH04_EN" : "http://www.saccf.edu.hk",
				"NSEARCH04_TC" : "http://www.saccf.edu.hk",
				"NSEARCH05_EN" : "572365000123",
				"NSEARCH05_TC" : "572365000123",
				"NORTHING" : 813692,
				"EASTING" : 842514,
				"LATITUDE" : 22.26202595,
				"LONGITUDE" : 114.23747307,
				"LASTUPDATE" : "20231124121851"
			}
		},
		{
			"type" : "Feature",
			"geometry" : {
				"type" : "Point",
				"coordinates" : [ 114.2259054946, 22.4204624303 ]
			},
			"properties" : {
				"OBJECTID" : 252,
				"DATASET_EN" : "Aided Primary Schools",
				"DATASET_TC" : "資助小學",
				"NAME_EN" : "CHRISTIAN ALLIANCE TOI SHAN H. C. CHAN PRIMARY SCHOOL OF THE KOWLOON TONG CHURCH OF THE CHINESE CHRISTIAN AND MISSIONARY ALLIANCE, HONG KONG",
				"ADDRESS_EN" : "CHUNG ON ESTATE, MA ON SHAN, SHATIN, NEW TERRITORIES",
				"NAME_TC" : "香港九龍塘基督教中華宣道會台山陳元喜小學",
				"ADDRESS_TC" : "新界沙田馬鞍山頌安邨",
				"SEARCH01_EN" : "CO-ED",
				"SEARCH01_TC" : "男女",
				"SEARCH02_EN" : "WHOLE DAY",
				"SEARCH02_TC" : "全日",
				"SEARCH03_EN" : "SHA TIN",
				"SEARCH03_TC" : "沙田區",
				"SEARCH04_EN" : "PRIMARY",
				"SEARCH04_TC" : "小學",
				"SEARCH05_EN" : "AIDED",
				"SEARCH05_TC" : "資助",
				"NSEARCH01_EN" : "PROTESTANTISM / CHRISTIANITY",
				"NSEARCH01_TC" : "基督教",
				"NSEARCH02_EN" : "26339277",
				"NSEARCH02_TC" : "26339277",
				"NSEARCH03_EN" : "26339080",
				"NSEARCH03_TC" : "26339080",
				"NSEARCH04_EN" : "http://www.catshcc.edu.hk",
				"NSEARCH04_TC" : "http://www.catshcc.edu.hk",
				"NSEARCH05_EN" : "571962000123",
				"NSEARCH05_TC" : "571962000123",
				"NORTHING" : 831236,
				"EASTING" : 841316,
				"LATITUDE" : 22.42046214,
				"LONGITUDE" : 114.22590549,
				"LASTUPDATE" : "20231124121851"
			}
		},
		{
			"type" : "Feature",
			"geometry" : {
				"type" : "Point",
				"coordinates" : [ 114.2340150879, 22.299730391 ]
			},
			"properties" : {
				"OBJECTID" : 253,
				"DATASET_EN" : "Aided Primary Schools",
				"DATASET_TC" : "資助小學",
				"NAME_EN" : "THE CHURCH OF CHRIST IN CHINA KEI FAAT PRIMARY SCHOOL (YAU TONG)",
				"ADDRESS_EN" : "25 YAU TONG ROAD YAU TONG KOWLOON",
				"NAME_TC" : "中華基督教會基法小學(油塘)",
				"ADDRESS_TC" : "九龍油塘油塘道25號",
				"SEARCH01_EN" : "CO-ED",
				"SEARCH01_TC" : "男女",
				"SEARCH02_EN" : "WHOLE DAY",
				"SEARCH02_TC" : "全日",
				"SEARCH03_EN" : "KWUN TONG",
				"SEARCH03_TC" : "觀塘區",
				"SEARCH04_EN" : "PRIMARY",
				"SEARCH04_TC" : "小學",
				"SEARCH05_EN" : "AIDED",
				"SEARCH05_TC" : "資助",
				"NSEARCH01_EN" : "PROTESTANTISM / CHRISTIANITY",
				"NSEARCH01_TC" : "基督教",
				"NSEARCH02_EN" : "23895458",
				"NSEARCH02_TC" : "23895458",
				"NSEARCH03_EN" : "23424459",
				"NSEARCH03_TC" : "23424459",
				"NSEARCH04_EN" : "http://www.kfps.edu.hk",
				"NSEARCH04_TC" : "http://www.kfps.edu.hk",
				"NSEARCH05_EN" : "560448000123",
				"NSEARCH05_TC" : "560448000123",
				"NORTHING" : 817867,
				"EASTING" : 842156,
				"LATITUDE" : 22.2997301,
				"LONGITUDE" : 114.23401508,
				"LASTUPDATE" : "20231124121851"
			}
		},
		{
			"type" : "Feature",
			"geometry" : {
				"type" : "Point",
				"coordinates" : [ 114.1225302416, 22.3705672044 ]
			},
			"properties" : {
				"OBJECTID" : 254,
				"DATASET_EN" : "Aided Primary Schools",
				"DATASET_TC" : "資助小學",
				"NAME_EN" : "SI YUAN SCHOOL OF THE PRECIOUS BLOOD",
				"ADDRESS_EN" : "2 SHING MUN ROAD TSUEN WAN NEW TERRITORIES",
				"NAME_TC" : "寶血會思源學校",
				"ADDRESS_TC" : "新界荃灣城門道2號",
				"SEARCH01_EN" : "CO-ED",
				"SEARCH01_TC" : "男女",
				"SEARCH02_EN" : "WHOLE DAY",
				"SEARCH02_TC" : "全日",
				"SEARCH03_EN" : "TSUEN WAN",
				"SEARCH03_TC" : "荃灣區",
				"SEARCH04_EN" : "PRIMARY",
				"SEARCH04_TC" : "小學",
				"SEARCH05_EN" : "AIDED",
				"SEARCH05_TC" : "資助",
				"NSEARCH01_EN" : "CATHOLICISM",
				"NSEARCH01_TC" : "天主教",
				"NSEARCH02_EN" : "35906061",
				"NSEARCH02_TC" : "35906061",
				"NSEARCH03_EN" : "35906064",
				"NSEARCH03_TC" : "35906064",
				"NSEARCH04_EN" : "http://www.sys.edu.hk",
				"NSEARCH04_TC" : "http://www.sys.edu.hk",
				"NSEARCH05_EN" : "575526000123",
				"NSEARCH05_TC" : "575526000123",
				"NORTHING" : 825711,
				"EASTING" : 830671,
				"LATITUDE" : 22.37056691,
				"LONGITUDE" : 114.12253024,
				"LASTUPDATE" : "20231124121851"
			}
		},
		{
			"type" : "Feature",
			"geometry" : {
				"type" : "Point",
				"coordinates" : [ 114.2353059356, 22.300055033 ]
			},
			"properties" : {
				"OBJECTID" : 255,
				"DATASET_EN" : "Aided Primary Schools",
				"DATASET_TC" : "資助小學",
				"NAME_EN" : "S.K.H. YAUTONG KEI HIN PRIMARY SCHOOL",
				"ADDRESS_EN" : "23 YAU TONG ROAD YAU TONG KOWLOON",
				"NAME_TC" : "聖公會油塘基顯小學",
				"ADDRESS_TC" : "九龍油塘油塘道23號",
				"SEARCH01_EN" : "CO-ED",
				"SEARCH01_TC" : "男女",
				"SEARCH02_EN" : "WHOLE DAY",
				"SEARCH02_TC" : "全日",
				"SEARCH03_EN" : "KWUN TONG",
				"SEARCH03_TC" : "觀塘區",
				"SEARCH04_EN" : "PRIMARY",
				"SEARCH04_TC" : "小學",
				"SEARCH05_EN" : "AIDED",
				"SEARCH05_TC" : "資助",
				"NSEARCH01_EN" : "PROTESTANTISM / CHRISTIANITY",
				"NSEARCH01_TC" : "基督教",
				"NSEARCH02_EN" : "27570322",
				"NSEARCH02_TC" : "27570322",
				"NSEARCH03_EN" : "27170029",
				"NSEARCH03_TC" : "27170029",
				"NSEARCH04_EN" : "http://www.skhykh.edu.hk",
				"NSEARCH04_TC" : "http://www.skhykh.edu.hk",
				"NSEARCH05_EN" : "560430000123",
				"NSEARCH05_TC" : "560430000123",
				"NORTHING" : 817903,
				"EASTING" : 842289,
				"LATITUDE" : 22.30005474,
				"LONGITUDE" : 114.23530593,
				"LASTUPDATE" : "20231124121850"
			}
		},
		{
			"type" : "Feature",
			"geometry" : {
				"type" : "Point",
				"coordinates" : [ 114.2517484506, 22.3236361949 ]
			},
			"properties" : {
				"OBJECTID" : 256,
				"DATASET_EN" : "Aided Primary Schools",
				"DATASET_TC" : "資助小學",
				"NAME_EN" : "S.K.H. TSEUNG KWAN O KEI TAK PRIMARY SCHOOL",
				"ADDRESS_EN" : "82 PO HONG ROAD TSEUNG KWAN O NEW TERRITORIES.",
				"NAME_TC" : "聖公會將軍澳基德小學",
				"ADDRESS_TC" : "新界將軍澳寶康路82號",
				"SEARCH01_EN" : "CO-ED",
				"SEARCH01_TC" : "男女",
				"SEARCH02_EN" : "WHOLE DAY",
				"SEARCH02_TC" : "全日",
				"SEARCH03_EN" : "SAI KUNG",
				"SEARCH03_TC" : "西貢區",
				"SEARCH04_EN" : "PRIMARY",
				"SEARCH04_TC" : "小學",
				"SEARCH05_EN" : "AIDED",
				"SEARCH05_TC" : "資助",
				"NSEARCH01_EN" : "PROTESTANTISM / CHRISTIANITY",
				"NSEARCH01_TC" : "基督教",
				"NSEARCH02_EN" : "23206066",
				"NSEARCH02_TC" : "23206066",
				"NSEARCH03_EN" : "21911551",
				"NSEARCH03_TC" : "21911551",
				"NSEARCH04_EN" : "http://www.tkokt.edu.hk",
				"NSEARCH04_TC" : "http://www.tkokt.edu.hk",
				"NSEARCH05_EN" : "558672000123",
				"NSEARCH05_TC" : "558672000123",
				"NORTHING" : 820515,
				"EASTING" : 843982,
				"LATITUDE" : 22.3236359,
				"LONGITUDE" : 114.25174845,
				"LASTUPDATE" : "20231124121850"
			}
		},
		{
			"type" : "Feature",
			"geometry" : {
				"type" : "Point",
				"coordinates" : [ 114.2618415586, 22.3052991124 ]
			},
			"properties" : {
				"OBJECTID" : 257,
				"DATASET_EN" : "Aided Primary Schools",
				"DATASET_TC" : "資助小學",
				"NAME_EN" : "TSEUNG KWAN O METHODIST PRIMARY SCHOOL",
				"ADDRESS_EN" : "15 TONG CHUN STREET, TSEUNG KWAN O NEW TERRITORIES",
				"NAME_TC" : "將軍澳循道衛理小學",
				"ADDRESS_TC" : "新界將軍澳唐俊街15號",
				"SEARCH01_EN" : "CO-ED",
				"SEARCH01_TC" : "男女",
				"SEARCH02_EN" : "WHOLE DAY",
				"SEARCH02_TC" : "全日",
				"SEARCH03_EN" : "SAI KUNG",
				"SEARCH03_TC" : "西貢區",
				"SEARCH04_EN" : "PRIMARY",
				"SEARCH04_TC" : "小學",
				"SEARCH05_EN" : "AIDED",
				"SEARCH05_TC" : "資助",
				"NSEARCH01_EN" : "PROTESTANTISM / CHRISTIANITY",
				"NSEARCH01_TC" : "基督教",
				"NSEARCH02_EN" : "27060770",
				"NSEARCH02_TC" : "27060770",
				"NSEARCH03_EN" : "27062207",
				"NSEARCH03_TC" : "27062207",
				"NSEARCH04_EN" : "http://www.tkomps.edu.hk",
				"NSEARCH04_TC" : "http://www.tkomps.edu.hk",
				"NSEARCH05_EN" : "556483000123",
				"NSEARCH05_TC" : "556483000123",
				"NORTHING" : 818485,
				"EASTING" : 845023,
				"LATITUDE" : 22.30529882,
				"LONGITUDE" : 114.26184155,
				"LASTUPDATE" : "20231124121850"
			}
		},
		{
			"type" : "Feature",
			"geometry" : {
				"type" : "Point",
				"coordinates" : [ 114.1252325155, 22.4937346179 ]
			},
			"properties" : {
				"OBJECTID" : 258,
				"DATASET_EN" : "Aided Primary Schools",
				"DATASET_TC" : "資助小學",
				"NAME_EN" : "TSANG MUI MILLENNIUM SCHOOL",
				"ADDRESS_EN" : "1 CHING SHING ROAD SHEUNG SHUI NEW TERRITORIES",
				"NAME_TC" : "曾梅千禧學校",
				"ADDRESS_TC" : "新界上水清城路1號",
				"SEARCH01_EN" : "CO-ED",
				"SEARCH01_TC" : "男女",
				"SEARCH02_EN" : "WHOLE DAY",
				"SEARCH02_TC" : "全日",
				"SEARCH03_EN" : "NORTH",
				"SEARCH03_TC" : "北區",
				"SEARCH04_EN" : "PRIMARY",
				"SEARCH04_TC" : "小學",
				"SEARCH05_EN" : "AIDED",
				"SEARCH05_TC" : "資助",
				"NSEARCH01_EN" : "NOT APPLICABLE",
				"NSEARCH01_TC" : "不適用",
				"NSEARCH02_EN" : "26703111",
				"NSEARCH02_TC" : "26703111",
				"NSEARCH03_EN" : "26707117",
				"NSEARCH03_TC" : "26707117",
				"NSEARCH04_EN" : "http://www.tmms.edu.hk",
				"NSEARCH04_TC" : "http://www.tmms.edu.hk",
				"NSEARCH05_EN" : "554596000123",
				"NSEARCH05_TC" : "554596000123",
				"NORTHING" : 839350,
				"EASTING" : 830954,
				"LATITUDE" : 22.49373432,
				"LONGITUDE" : 114.12523251,
				"LASTUPDATE" : "20231124121850"
			}
		},
		{
			"type" : "Feature",
			"geometry" : {
				"type" : "Point",
				"coordinates" : [ 114.1024042867, 22.3488046201 ]
			},
			"properties" : {
				"OBJECTID" : 259,
				"DATASET_EN" : "Aided Primary Schools",
				"DATASET_TC" : "資助小學",
				"NAME_EN" : "TUNG WAH GROUP OF HOSPITALS CHOW YIN SUM PRIMARY SCHOOL",
				"ADDRESS_EN" : "8 TSING CHIN STREET TSING YI NEW TERRITORIES",
				"NAME_TC" : "東華三院周演森小學",
				"ADDRESS_TC" : "新界青衣青芊街8號",
				"SEARCH01_EN" : "CO-ED",
				"SEARCH01_TC" : "男女",
				"SEARCH02_EN" : "WHOLE DAY",
				"SEARCH02_TC" : "全日",
				"SEARCH03_EN" : "KWAI TSING",
				"SEARCH03_TC" : "葵青區",
				"SEARCH04_EN" : "PRIMARY",
				"SEARCH04_TC" : "小學",
				"SEARCH05_EN" : "AIDED",
				"SEARCH05_TC" : "資助",
				"NSEARCH01_EN" : "NOT APPLICABLE",
				"NSEARCH01_TC" : "不適用",
				"NSEARCH02_EN" : "24331081",
				"NSEARCH02_TC" : "24331081",
				"NSEARCH03_EN" : "24331091",
				"NSEARCH03_TC" : "24331091",
				"NSEARCH04_EN" : "http://twghscysps.edu.hk",
				"NSEARCH04_TC" : "http://twghscysps.edu.hk",
				"NSEARCH05_EN" : "560685000123",
				"NSEARCH05_TC" : "560685000123",
				"NORTHING" : 823302,
				"EASTING" : 828597,
				"LATITUDE" : 22.34880433,
				"LONGITUDE" : 114.10240428,
				"LASTUPDATE" : "20231124121849"
			}
		},
		{
			"type" : "Feature",
			"geometry" : {
				"type" : "Point",
				"coordinates" : [ 114.0384425627, 22.4426526087 ]
			},
			"properties" : {
				"OBJECTID" : 260,
				"DATASET_EN" : "Aided Primary Schools",
				"DATASET_TC" : "資助小學",
				"NAME_EN" : "KWONG MING YING LOI SCHOOL",
				"ADDRESS_EN" : "12 YUEN CHING ROAD YUEN LONG NEW TERRITORIES",
				"NAME_TC" : "光明英來學校",
				"ADDRESS_TC" : "新界元朗元政路12號",
				"SEARCH01_EN" : "CO-ED",
				"SEARCH01_TC" : "男女",
				"SEARCH02_EN" : "WHOLE DAY",
				"SEARCH02_TC" : "全日",
				"SEARCH03_EN" : "YUEN LONG",
				"SEARCH03_TC" : "元朗區",
				"SEARCH04_EN" : "PRIMARY",
				"SEARCH04_TC" : "小學",
				"SEARCH05_EN" : "AIDED",
				"SEARCH05_TC" : "資助",
				"NSEARCH01_EN" : "NOT APPLICABLE",
				"NSEARCH01_TC" : "不適用",
				"NSEARCH02_EN" : "24762610",
				"NSEARCH02_TC" : "24762610",
				"NSEARCH03_EN" : "24739829",
				"NSEARCH03_TC" : "24739829",
				"NSEARCH04_EN" : "http://www.kmyls.edu.hk",
				"NSEARCH04_TC" : "http://www.kmyls.edu.hk",
				"NSEARCH05_EN" : "554685000123",
				"NSEARCH05_TC" : "554685000123",
				"NORTHING" : 833699,
				"EASTING" : 822018,
				"LATITUDE" : 22.44265231,
				"LONGITUDE" : 114.03844256,
				"LASTUPDATE" : "20231124121849"
			}
		},
		{
			"type" : "Feature",
			"geometry" : {
				"type" : "Point",
				"coordinates" : [ 114.1577726154, 22.2507300499 ]
			},
			"properties" : {
				"OBJECTID" : 261,
				"DATASET_EN" : "Aided Primary Schools",
				"DATASET_TC" : "資助小學",
				"NAME_EN" : "ABERDEEN ST PETER'S CATHOLIC PRIMARY SCHOOL",
				"ADDRESS_EN" : "SHEK PAI WAN ESTATE HONG KONG",
				"NAME_TC" : "香港仔聖伯多祿天主教小學",
				"ADDRESS_TC" : "香港石排灣邨",
				"SEARCH01_EN" : "CO-ED",
				"SEARCH01_TC" : "男女",
				"SEARCH02_EN" : "WHOLE DAY",
				"SEARCH02_TC" : "全日",
				"SEARCH03_EN" : "SOUTHERN",
				"SEARCH03_TC" : "南區",
				"SEARCH04_EN" : "PRIMARY",
				"SEARCH04_TC" : "小學",
				"SEARCH05_EN" : "AIDED",
				"SEARCH05_TC" : "資助",
				"NSEARCH01_EN" : "CATHOLICISM",
				"NSEARCH01_TC" : "天主教",
				"NSEARCH02_EN" : "28735101",
				"NSEARCH02_TC" : "28735101",
				"NSEARCH03_EN" : "28735100",
				"NSEARCH03_TC" : "28735100",
				"NSEARCH04_EN" : "http://www.aspcps.edu.hk",
				"NSEARCH04_TC" : "http://www.aspcps.edu.hk",
				"NSEARCH05_EN" : "560529000123",
				"NSEARCH05_TC" : "560529000123",
				"NORTHING" : 812440,
				"EASTING" : 834299,
				"LATITUDE" : 22.25072976,
				"LONGITUDE" : 114.15777261,
				"LASTUPDATE" : "20231124121849"
			}
		},
		{
			"type" : "Feature",
			"geometry" : {
				"type" : "Point",
				"coordinates" : [ 113.8616744151, 22.2543629665 ]
			},
			"properties" : {
				"OBJECTID" : 262,
				"DATASET_EN" : "Aided Primary Schools",
				"DATASET_TC" : "資助小學",
				"NAME_EN" : "THE CHURCH OF CHRIST IN CHINA TAI O PRIMARY SCHOOL",
				"ADDRESS_EN" : "24-26 MARKET STREET TAI O LANTAU ISLAND NEW TERRITORIES",
				"NAME_TC" : "中華基督教會大澳小學",
				"ADDRESS_TC" : "新界大嶼山大澳街市街24-26號",
				"SEARCH01_EN" : "CO-ED",
				"SEARCH01_TC" : "男女",
				"SEARCH02_EN" : "WHOLE DAY",
				"SEARCH02_TC" : "全日",
				"SEARCH03_EN" : "ISLANDS",
				"SEARCH03_TC" : "離島區",
				"SEARCH04_EN" : "PRIMARY",
				"SEARCH04_TC" : "小學",
				"SEARCH05_EN" : "AIDED",
				"SEARCH05_TC" : "資助",
				"NSEARCH01_EN" : "PROTESTANTISM / CHRISTIANITY",
				"NSEARCH01_TC" : "基督教",
				"NSEARCH02_EN" : "29857515",
				"NSEARCH02_TC" : "29857515",
				"NSEARCH03_EN" : "29857907",
				"NSEARCH03_TC" : "29857907",
				"NSEARCH04_EN" : "http://www.ccctaiops.edu.hk",
				"NSEARCH04_TC" : "http://www.ccctaiops.edu.hk",
				"NSEARCH05_EN" : "514411000123",
				"NSEARCH05_TC" : "514411000123",
				"NORTHING" : 812876,
				"EASTING" : 803778,
				"LATITUDE" : 22.25436267,
				"LONGITUDE" : 113.86167441,
				"LASTUPDATE" : "20231124121849"
			}
		},
		{
			"type" : "Feature",
			"geometry" : {
				"type" : "Point",
				"coordinates" : [ 114.2070032586, 22.3402525152 ]
			},
			"properties" : {
				"OBJECTID" : 263,
				"DATASET_EN" : "Aided Primary Schools",
				"DATASET_TC" : "資助小學",
				"NAME_EN" : "CHUN TOK SCHOOL",
				"ADDRESS_EN" : "171 HAMMER HILL ROAD NKIL 3511 DIAMOND HILL, KOWLOON ( INCLUDING HALL BLOCK, GYMNASIUM BLOCK, PHASE 1 & 2 SECTION A & B, BROADING ROOM 1 &2/F)",
				"NAME_TC" : "真鐸學校",
				"ADDRESS_TC" : "九龍鑽石山斧山道171號",
				"SEARCH01_EN" : "CO-ED",
				"SEARCH01_TC" : "男女",
				"SEARCH02_EN" : "WHOLE DAY",
				"SEARCH02_TC" : "全日",
				"SEARCH03_EN" : "WONG TAI SIN",
				"SEARCH03_TC" : "黃大仙區",
				"SEARCH04_EN" : "PRIMARY",
				"SEARCH04_TC" : "小學",
				"SEARCH05_EN" : "AIDED",
				"SEARCH05_TC" : "資助",
				"NSEARCH01_EN" : "PROTESTANTISM / CHRISTIANITY",
				"NSEARCH01_TC" : "基督教",
				"NSEARCH02_EN" : "23265111",
				"NSEARCH02_TC" : "23265111",
				"NSEARCH03_EN" : "23517244",
				"NSEARCH03_TC" : "23517244",
				"NSEARCH04_EN" : "http://www.cts.edu.hk",
				"NSEARCH04_TC" : "http://www.cts.edu.hk",
				"NSEARCH05_EN" : "512125000123",
				"NSEARCH05_TC" : "512125000123",
				"NORTHING" : 822353.4,
				"EASTING" : 839371.7,
				"LATITUDE" : 22.34025222,
				"LONGITUDE" : 114.20700325,
				"LASTUPDATE" : "20231124121849"
			}
		},
		{
			"type" : "Feature",
			"geometry" : {
				"type" : "Point",
				"coordinates" : [ 114.1367433261, 22.3423599059 ]
			},
			"properties" : {
				"OBJECTID" : 264,
				"DATASET_EN" : "Aided Primary Schools",
				"DATASET_TC" : "資助小學",
				"NAME_EN" : "THE CHURCH OF CHRIST IN CHINA KEI CHUN PRIMARY SCHOOL",
				"ADDRESS_EN" : "11 WA LAI PATH KWAI CHUNG NEW TERRITORIES",
				"NAME_TC" : "中華基督教會基真小學",
				"ADDRESS_TC" : "新界葵涌華荔徑11號",
				"SEARCH01_EN" : "CO-ED",
				"SEARCH01_TC" : "男女",
				"SEARCH02_EN" : "WHOLE DAY",
				"SEARCH02_TC" : "全日",
				"SEARCH03_EN" : "KWAI TSING",
				"SEARCH03_TC" : "葵青區",
				"SEARCH04_EN" : "PRIMARY",
				"SEARCH04_TC" : "小學",
				"SEARCH05_EN" : "AIDED",
				"SEARCH05_TC" : "資助",
				"NSEARCH01_EN" : "PROTESTANTISM / CHRISTIANITY",
				"NSEARCH01_TC" : "基督教",
				"NSEARCH02_EN" : "27419907",
				"NSEARCH02_TC" : "27419907",
				"NSEARCH03_EN" : "27853732",
				"NSEARCH03_TC" : "27853732",
				"NSEARCH04_EN" : "http://www.keichun.edu.hk",
				"NSEARCH04_TC" : "http://www.keichun.edu.hk",
				"NSEARCH05_EN" : "512290000223",
				"NSEARCH05_TC" : "512290000223",
				"NORTHING" : 822587,
				"EASTING" : 832134,
				"LATITUDE" : 22.34235961,
				"LONGITUDE" : 114.13674332,
				"LASTUPDATE" : "20231124121848"
			}
		},
		{
			"type" : "Feature",
			"geometry" : {
				"type" : "Point",
				"coordinates" : [ 114.2022970314, 22.3879038933 ]
			},
			"properties" : {
				"OBJECTID" : 265,
				"DATASET_EN" : "Aided Primary Schools",
				"DATASET_TC" : "資助小學",
				"NAME_EN" : "BAPTIST LUI MING CHOI PRIMARY SCHOOL",
				"ADDRESS_EN" : "STANDARD PRIMARY SCHOOL A, 2 TAK WING STREET, SHATIN, NEW TERRITORIES",
				"NAME_TC" : "浸信會呂明才小學",
				"ADDRESS_TC" : "新界沙田得榮街2號",
				"SEARCH01_EN" : "CO-ED",
				"SEARCH01_TC" : "男女",
				"SEARCH02_EN" : "WHOLE DAY",
				"SEARCH02_TC" : "全日",
				"SEARCH03_EN" : "SHA TIN",
				"SEARCH03_TC" : "沙田區",
				"SEARCH04_EN" : "PRIMARY",
				"SEARCH04_TC" : "小學",
				"SEARCH05_EN" : "AIDED",
				"SEARCH05_TC" : "資助",
				"NSEARCH01_EN" : "PROTESTANTISM / CHRISTIANITY",
				"NSEARCH01_TC" : "基督教",
				"NSEARCH02_EN" : "26483132",
				"NSEARCH02_TC" : "26483132",
				"NSEARCH03_EN" : "26480533",
				"NSEARCH03_TC" : "26480533",
				"NSEARCH04_EN" : "http://www.baptist-lmc-primary.edu.hk",
				"NSEARCH04_TC" : "http://www.baptist-lmc-primary.edu.hk",
				"NSEARCH05_EN" : "510734000123",
				"NSEARCH05_TC" : "510734000123",
				"NORTHING" : 827630,
				"EASTING" : 838886,
				"LATITUDE" : 22.3879036,
				"LONGITUDE" : 114.20229703,
				"LASTUPDATE" : "20231124121848"
			}
		},
		{
			"type" : "Feature",
			"geometry" : {
				"type" : "Point",
				"coordinates" : [ 114.2226155617, 22.2803362254 ]
			},
			"properties" : {
				"OBJECTID" : 266,
				"DATASET_EN" : "Aided Primary Schools",
				"DATASET_TC" : "資助小學",
				"NAME_EN" : "THE CHURCH OF CHRIST IN CHINA KEI WAN PRIMARY SCHOOL",
				"ADDRESS_EN" : "63 SAI WAN HO STREET SHAU KEI WAN HONG KONG",
				"NAME_TC" : "中華基督教會基灣小學",
				"ADDRESS_TC" : "香港筲箕灣西灣河街63號",
				"SEARCH01_EN" : "CO-ED",
				"SEARCH01_TC" : "男女",
				"SEARCH02_EN" : "WHOLE DAY",
				"SEARCH02_TC" : "全日",
				"SEARCH03_EN" : "EASTERN",
				"SEARCH03_TC" : "東區",
				"SEARCH04_EN" : "PRIMARY",
				"SEARCH04_TC" : "小學",
				"SEARCH05_EN" : "AIDED",
				"SEARCH05_TC" : "資助",
				"NSEARCH01_EN" : "PROTESTANTISM / CHRISTIANITY",
				"NSEARCH01_TC" : "基督教",
				"NSEARCH02_EN" : "25608007",
				"NSEARCH02_TC" : "25608007",
				"NSEARCH03_EN" : "28854050",
				"NSEARCH03_TC" : "28854050",
				"NSEARCH04_EN" : "http://www.keiwan.edu.hk",
				"NSEARCH04_TC" : "http://www.keiwan.edu.hk",
				"NSEARCH05_EN" : "510858000123",
				"NSEARCH05_TC" : "510858000123",
				"NORTHING" : 815719,
				"EASTING" : 840982,
				"LATITUDE" : 22.28033593,
				"LONGITUDE" : 114.22261556,
				"LASTUPDATE" : "20231124121848"
			}
		},
		{
			"type" : "Feature",
			"geometry" : {
				"type" : "Point",
				"coordinates" : [ 114.1971009751, 22.3822153995 ]
			},
			"properties" : {
				"OBJECTID" : 267,
				"DATASET_EN" : "Aided Primary Schools",
				"DATASET_TC" : "資助小學",
				"NAME_EN" : "CHI HONG PRIMARY SCHOOL",
				"ADDRESS_EN" : "1 YUEN CHEONG LANE, SHATIN, NEW TERRITORIES",
				"NAME_TC" : "慈航學校",
				"ADDRESS_TC" : "新界沙田源昌里1號",
				"SEARCH01_EN" : "CO-ED",
				"SEARCH01_TC" : "男女",
				"SEARCH02_EN" : "WHOLE DAY",
				"SEARCH02_TC" : "全日",
				"SEARCH03_EN" : "SHA TIN",
				"SEARCH03_TC" : "沙田區",
				"SEARCH04_EN" : "PRIMARY",
				"SEARCH04_TC" : "小學",
				"SEARCH05_EN" : "AIDED",
				"SEARCH05_TC" : "資助",
				"NSEARCH01_EN" : "BUDDHISM",
				"NSEARCH01_TC" : "佛教",
				"NSEARCH02_EN" : "26486834",
				"NSEARCH02_TC" : "26486834",
				"NSEARCH03_EN" : "26364129",
				"NSEARCH03_TC" : "26364129",
				"NSEARCH04_EN" : "http://www.chihong.edu.hk",
				"NSEARCH04_TC" : "http://www.chihong.edu.hk",
				"NSEARCH05_EN" : "150720000123",
				"NSEARCH05_TC" : "150720000123",
				"NORTHING" : 827000,
				"EASTING" : 838351,
				"LATITUDE" : 22.38221511,
				"LONGITUDE" : 114.19710097,
				"LASTUPDATE" : "20231124121848"
			}
		},
		{
			"type" : "Feature",
			"geometry" : {
				"type" : "Point",
				"coordinates" : [ 114.0123030028, 22.3003704717 ]
			},
			"properties" : {
				"OBJECTID" : 268,
				"DATASET_EN" : "Aided Primary Schools",
				"DATASET_TC" : "資助小學",
				"NAME_EN" : "S.K.H. WEI LUN PRIMARY SCHOOL",
				"ADDRESS_EN" : "AREA 13 DISCOVERY BAY LANTAU ISLAND NT",
				"NAME_TC" : "聖公會偉倫小學",
				"ADDRESS_TC" : "新界大嶼山愉景灣第十三區",
				"SEARCH01_EN" : "CO-ED",
				"SEARCH01_TC" : "男女",
				"SEARCH02_EN" : "WHOLE DAY",
				"SEARCH02_TC" : "全日",
				"SEARCH03_EN" : "ISLANDS",
				"SEARCH03_TC" : "離島區",
				"SEARCH04_EN" : "PRIMARY",
				"SEARCH04_TC" : "小學",
				"SEARCH05_EN" : "AIDED",
				"SEARCH05_TC" : "資助",
				"NSEARCH01_EN" : "PROTESTANTISM / CHRISTIANITY",
				"NSEARCH01_TC" : "基督教",
				"NSEARCH02_EN" : "29878608",
				"NSEARCH02_TC" : "29878608",
				"NSEARCH03_EN" : "29871978",
				"NSEARCH03_TC" : "29871978",
				"NSEARCH04_EN" : "http://www.skhweilun.edu.hk",
				"NSEARCH04_TC" : "http://www.skhweilun.edu.hk",
				"NSEARCH05_EN" : "115819000123",
				"NSEARCH05_TC" : "115819000123",
				"NORTHING" : 817946,
				"EASTING" : 819310,
				"LATITUDE" : 22.30037018,
				"LONGITUDE" : 114.012303,
				"LASTUPDATE" : "20231124121847"
			}
		},
		{
			"type" : "Feature",
			"geometry" : {
				"type" : "Point",
				"coordinates" : [ 113.9761962914, 22.2430125799 ]
			},
			"properties" : {
				"OBJECTID" : 269,
				"DATASET_EN" : "Aided Primary Schools",
				"DATASET_TC" : "資助小學",
				"NAME_EN" : "BUI O PUBLIC SCHOOL",
				"ADDRESS_EN" : "DD 316 LOT 2724 (PT) 2 LO UK VILLAGE PUI O LANTAU ISLAND NEW TERRITORIES",
				"NAME_TC" : "杯澳公立學校",
				"ADDRESS_TC" : "新界大嶼山貝澳羅屋村2號第316約第2724號地段(部份)(儲物室包括在內)",
				"SEARCH01_EN" : "CO-ED",
				"SEARCH01_TC" : "男女",
				"SEARCH02_EN" : "WHOLE DAY",
				"SEARCH02_TC" : "全日",
				"SEARCH03_EN" : "ISLANDS",
				"SEARCH03_TC" : "離島區",
				"SEARCH04_EN" : "PRIMARY",
				"SEARCH04_TC" : "小學",
				"SEARCH05_EN" : "AIDED",
				"SEARCH05_TC" : "資助",
				"NSEARCH01_EN" : "NOT APPLICABLE",
				"NSEARCH01_TC" : "不適用",
				"NSEARCH02_EN" : "29841189",
				"NSEARCH02_TC" : "29841189",
				"NSEARCH03_EN" : "29842445",
				"NSEARCH03_TC" : "29842445",
				"NSEARCH04_EN" : "http://www.buiosch.edu.hk",
				"NSEARCH04_TC" : "http://www.buiosch.edu.hk",
				"NSEARCH05_EN" : "511315000123",
				"NSEARCH05_TC" : "511315000123",
				"NORTHING" : 811599,
				"EASTING" : 815581,
				"LATITUDE" : 22.24301229,
				"LONGITUDE" : 113.97619629,
				"LASTUPDATE" : "20231124121847"
			}
		},
		{
			"type" : "Feature",
			"geometry" : {
				"type" : "Point",
				"coordinates" : [ 114.0044340901, 22.4489140789 ]
			},
			"properties" : {
				"OBJECTID" : 270,
				"DATASET_EN" : "Aided Primary Schools",
				"DATASET_TC" : "資助小學",
				"NAME_EN" : "QUEEN ELIZABETH SCHOOL OLD STUDENTS' ASSOCIATION PRIMARY SCHOOL",
				"ADDRESS_EN" : "ESTATE PRIMARY SCHOOL TIN YIU ESTATE PHASE I TIN SHUI WAI NEW TERRITORIES",
				"NAME_TC" : "伊利沙伯中學舊生會小學",
				"ADDRESS_TC" : "新界天水圍天耀邨第一期屋邨小學",
				"SEARCH01_EN" : "CO-ED",
				"SEARCH01_TC" : "男女",
				"SEARCH02_EN" : "WHOLE DAY",
				"SEARCH02_TC" : "全日",
				"SEARCH03_EN" : "YUEN LONG",
				"SEARCH03_TC" : "元朗區",
				"SEARCH04_EN" : "PRIMARY",
				"SEARCH04_TC" : "小學",
				"SEARCH05_EN" : "AIDED",
				"SEARCH05_TC" : "資助",
				"NSEARCH01_EN" : "NOT APPLICABLE",
				"NSEARCH01_TC" : "不適用",
				"NSEARCH02_EN" : "24480883",
				"NSEARCH02_TC" : "24480883",
				"NSEARCH03_EN" : "24480997",
				"NSEARCH03_TC" : "24480997",
				"NSEARCH04_EN" : "http://www.qesosaps.edu.hk",
				"NSEARCH04_TC" : "http://www.qesosaps.edu.hk",
				"NSEARCH05_EN" : "115720000123",
				"NSEARCH05_TC" : "115720000123",
				"NORTHING" : 834396,
				"EASTING" : 818518,
				"LATITUDE" : 22.44891378,
				"LONGITUDE" : 114.00443409,
				"LASTUPDATE" : "20231124121847"
			}
		},
		{
			"type" : "Feature",
			"geometry" : {
				"type" : "Point",
				"coordinates" : [ 114.185141232, 22.2752401569 ]
			},
			"properties" : {
				"OBJECTID" : 271,
				"DATASET_EN" : "Aided Primary Schools",
				"DATASET_TC" : "資助小學",
				"NAME_EN" : "PO LEUNG KUK GOLD & SILVER EXCHANGE SOCIETY PERSHING TSANG SCHOOL",
				"ADDRESS_EN" : "2 & 12 LINK ROAD CAUSEWAY BAY HONG KONG",
				"NAME_TC" : "保良局金銀業貿易場張凝文學校",
				"ADDRESS_TC" : "香港銅鑼灣連道2及12號",
				"SEARCH01_EN" : "CO-ED",
				"SEARCH01_TC" : "男女",
				"SEARCH02_EN" : "WHOLE DAY",
				"SEARCH02_TC" : "全日",
				"SEARCH03_EN" : "WAN CHAI",
				"SEARCH03_TC" : "灣仔區",
				"SEARCH04_EN" : "PRIMARY",
				"SEARCH04_TC" : "小學",
				"SEARCH05_EN" : "AIDED",
				"SEARCH05_TC" : "資助",
				"NSEARCH01_EN" : "NOT APPLICABLE",
				"NSEARCH01_TC" : "不適用",
				"NSEARCH02_EN" : "28908131",
				"NSEARCH02_TC" : "28908131",
				"NSEARCH03_EN" : "28824516",
				"NSEARCH03_TC" : "28824516",
				"NSEARCH04_EN" : "http://www.plkgspts.edu.hk",
				"NSEARCH04_TC" : "http://www.plkgspts.edu.hk",
				"NSEARCH05_EN" : "510190000123",
				"NSEARCH05_TC" : "510190000123",
				"NORTHING" : 815154,
				"EASTING" : 837120,
				"LATITUDE" : 22.27523986,
				"LONGITUDE" : 114.18514123,
				"LASTUPDATE" : "20231124121847"
			}
		},
		{
			"type" : "Feature",
			"geometry" : {
				"type" : "Point",
				"coordinates" : [ 114.1359643836, 22.2836969355 ]
			},
			"properties" : {
				"OBJECTID" : 272,
				"DATASET_EN" : "Aided Primary Schools",
				"DATASET_TC" : "資助小學",
				"NAME_EN" : "CHIU SHEUNG SCHOOL, HONG KONG",
				"ADDRESS_EN" : "79B POKFULAM ROAD, HONG KONG",
				"NAME_TC" : "香港潮商學校",
				"ADDRESS_TC" : "香港薄扶林道79號B",
				"SEARCH01_EN" : "CO-ED",
				"SEARCH01_TC" : "男女",
				"SEARCH02_EN" : "WHOLE DAY",
				"SEARCH02_TC" : "全日",
				"SEARCH03_EN" : "CENTRAL AND WESTERN",
				"SEARCH03_TC" : "中西區",
				"SEARCH04_EN" : "PRIMARY",
				"SEARCH04_TC" : "小學",
				"SEARCH05_EN" : "AIDED",
				"SEARCH05_TC" : "資助",
				"NSEARCH01_EN" : "NOT APPLICABLE",
				"NSEARCH01_TC" : "不適用",
				"NSEARCH02_EN" : "25461644",
				"NSEARCH02_TC" : "25461644",
				"NSEARCH03_EN" : "25172483",
				"NSEARCH03_TC" : "25172483",
				"NSEARCH04_EN" : "http://www.csshk.edu.hk",
				"NSEARCH04_TC" : "http://www.csshk.edu.hk",
				"NSEARCH05_EN" : "511552000123",
				"NSEARCH05_TC" : "511552000123",
				"NORTHING" : 816091,
				"EASTING" : 832052,
				"LATITUDE" : 22.28369664,
				"LONGITUDE" : 114.13596438,
				"LASTUPDATE" : "20231124121846"
			}
		},
		{
			"type" : "Feature",
			"geometry" : {
				"type" : "Point",
				"coordinates" : [ 114.1770489978, 22.2754841969 ]
			},
			"properties" : {
				"OBJECTID" : 273,
				"DATASET_EN" : "Aided Primary Schools",
				"DATASET_TC" : "資助小學",
				"NAME_EN" : "TUNG WAH GROUP OF HOSPITALS LI CHI HO PRIMARY SCHOOL",
				"ADDRESS_EN" : "280 QUEENS ROAD EAST WAN CHAI HONG KONG",
				"NAME_TC" : "東華三院李賜豪小學",
				"ADDRESS_TC" : "香港皇后大道東280號",
				"SEARCH01_EN" : "CO-ED",
				"SEARCH01_TC" : "男女",
				"SEARCH02_EN" : "WHOLE DAY",
				"SEARCH02_TC" : "全日",
				"SEARCH03_EN" : "WAN CHAI",
				"SEARCH03_TC" : "灣仔區",
				"SEARCH04_EN" : "PRIMARY",
				"SEARCH04_TC" : "小學",
				"SEARCH05_EN" : "AIDED",
				"SEARCH05_TC" : "資助",
				"NSEARCH01_EN" : "NOT APPLICABLE",
				"NSEARCH01_TC" : "不適用",
				"NSEARCH02_EN" : "25750470",
				"NSEARCH02_TC" : "25750470",
				"NSEARCH03_EN" : "28348141",
				"NSEARCH03_TC" : "28348141",
				"NSEARCH04_EN" : "http://www.twghlchps.edu.hk",
				"NSEARCH04_TC" : "http://www.twghlchps.edu.hk",
				"NSEARCH05_EN" : "510335000123",
				"NSEARCH05_TC" : "510335000123",
				"NORTHING" : 815181,
				"EASTING" : 836286,
				"LATITUDE" : 22.2754839,
				"LONGITUDE" : 114.17704899,
				"LASTUPDATE" : "20231124121846"
			}
		},
		{
			"type" : "Feature",
			"geometry" : {
				"type" : "Point",
				"coordinates" : [ 114.1536745476, 22.3348317132 ]
			},
			"properties" : {
				"OBJECTID" : 274,
				"DATASET_EN" : "Aided Primary Schools",
				"DATASET_TC" : "資助小學",
				"NAME_EN" : "S.K.H. ST. CLEMENT'S PRIMARY SCHOOL",
				"ADDRESS_EN" : "5 FORTUNE STREET, CHEUNG SHA WAN, KOWLOON",
				"NAME_TC" : "聖公會聖紀文小學",
				"ADDRESS_TC" : "九龍長沙灣幸福街五號",
				"SEARCH01_EN" : "CO-ED",
				"SEARCH01_TC" : "男女",
				"SEARCH02_EN" : "WHOLE DAY",
				"SEARCH02_TC" : "全日",
				"SEARCH03_EN" : "SHAM SHUI PO",
				"SEARCH03_TC" : "深水埗區",
				"SEARCH04_EN" : "PRIMARY",
				"SEARCH04_TC" : "小學",
				"SEARCH05_EN" : "AIDED",
				"SEARCH05_TC" : "資助",
				"NSEARCH01_EN" : "PROTESTANTISM / CHRISTIANITY",
				"NSEARCH01_TC" : "基督教",
				"NSEARCH02_EN" : "23615663",
				"NSEARCH02_TC" : "23615663",
				"NSEARCH03_EN" : "23605166",
				"NSEARCH03_TC" : "23605166",
				"NSEARCH04_EN" : "http://www.skhscps.edu.hk",
				"NSEARCH04_TC" : "http://www.skhscps.edu.hk",
				"NSEARCH05_EN" : "510963000123",
				"NSEARCH05_TC" : "510963000123",
				"NORTHING" : 821753,
				"EASTING" : 833878,
				"LATITUDE" : 22.33483142,
				"LONGITUDE" : 114.15367454,
				"LASTUPDATE" : "20231124121846"
			}
		},
		{
			"type" : "Feature",
			"geometry" : {
				"type" : "Point",
				"coordinates" : [ 114.1669559523, 22.4414654225 ]
			},
			"properties" : {
				"OBJECTID" : 275,
				"DATASET_EN" : "Aided Primary Schools",
				"DATASET_TC" : "資助小學",
				"NAME_EN" : "PO LEUNG KUK TIN KA PING PRIMARY SCHOOL",
				"ADDRESS_EN" : "AREA 6 WAN TAU TONG ESTATE TAI PO NEW TERRITORIES",
				"NAME_TC" : "保良局田家炳小學",
				"ADDRESS_TC" : "新界大埔第六區運頭塘邨",
				"SEARCH01_EN" : "CO-ED",
				"SEARCH01_TC" : "男女",
				"SEARCH02_EN" : "WHOLE DAY",
				"SEARCH02_TC" : "全日",
				"SEARCH03_EN" : "TAI PO",
				"SEARCH03_TC" : "大埔區",
				"SEARCH04_EN" : "PRIMARY",
				"SEARCH04_TC" : "小學",
				"SEARCH05_EN" : "AIDED",
				"SEARCH05_TC" : "資助",
				"NSEARCH01_EN" : "NOT APPLICABLE",
				"NSEARCH01_TC" : "不適用",
				"NSEARCH02_EN" : "26521222",
				"NSEARCH02_TC" : "26521222",
				"NSEARCH03_EN" : "26518832",
				"NSEARCH03_TC" : "26518832",
				"NSEARCH04_EN" : "http://www.plktkp.edu.hk",
				"NSEARCH04_TC" : "http://www.plktkp.edu.hk",
				"NSEARCH05_EN" : "115665000123",
				"NSEARCH05_TC" : "115665000123",
				"NORTHING" : 833561,
				"EASTING" : 835247,
				"LATITUDE" : 22.44146513,
				"LONGITUDE" : 114.16695595,
				"LASTUPDATE" : "20231124121845"
			}
		},
		{
			"type" : "Feature",
			"geometry" : {
				"type" : "Point",
				"coordinates" : [ 114.1292867114, 22.3459339928 ]
			},
			"properties" : {
				"OBJECTID" : 276,
				"DATASET_EN" : "Aided Primary Schools",
				"DATASET_TC" : "資助小學",
				"NAME_EN" : "CHO YIU CATHOLIC PRIMARY SCHOOL",
				"ADDRESS_EN" : "NO 10 KING CHO ROAD CHO YIU CHUEN KWAI CHUNG NEW TERRITORIES",
				"NAME_TC" : "祖堯天主教小學",
				"ADDRESS_TC" : "新界葵涌祖堯邨敬祖路10號",
				"SEARCH01_EN" : "CO-ED",
				"SEARCH01_TC" : "男女",
				"SEARCH02_EN" : "WHOLE DAY",
				"SEARCH02_TC" : "全日",
				"SEARCH03_EN" : "KWAI TSING",
				"SEARCH03_TC" : "葵青區",
				"SEARCH04_EN" : "PRIMARY",
				"SEARCH04_TC" : "小學",
				"SEARCH05_EN" : "AIDED",
				"SEARCH05_TC" : "資助",
				"NSEARCH01_EN" : "CATHOLICISM",
				"NSEARCH01_TC" : "天主教",
				"NSEARCH02_EN" : "27423701",
				"NSEARCH02_TC" : "27423701",
				"NSEARCH03_EN" : "27423704",
				"NSEARCH03_TC" : "27423704",
				"NSEARCH04_EN" : "http://www.choyiu.edu.hk",
				"NSEARCH04_TC" : "http://www.choyiu.edu.hk",
				"NSEARCH05_EN" : "511560000123",
				"NSEARCH05_TC" : "511560000123",
				"NORTHING" : 822983,
				"EASTING" : 831366,
				"LATITUDE" : 22.3459337,
				"LONGITUDE" : 114.12928671,
				"LASTUPDATE" : "20231124121845"
			}
		},
		{
			"type" : "Feature",
			"geometry" : {
				"type" : "Point",
				"coordinates" : [ 114.1801659259, 22.3716780054 ]
			},
			"properties" : {
				"OBJECTID" : 277,
				"DATASET_EN" : "Aided Primary Schools",
				"DATASET_TC" : "資助小學",
				"NAME_EN" : "GENERAL CHAMBER OF COMMERCE & INDUSTRY OF THE TUNG KUN DISTRICT CHEONG WONG WAI PRIMARY SCHOOL",
				"ADDRESS_EN" : "ESTATE PRIMARY SCHOOL, SUN CHUI ESTATE PHASE III, SHATIN, NEW TERRITORIES",
				"NAME_TC" : "東莞工商總會張煌偉小學",
				"ADDRESS_TC" : "新界沙田新翠邨第三期",
				"SEARCH01_EN" : "CO-ED",
				"SEARCH01_TC" : "男女",
				"SEARCH02_EN" : "WHOLE DAY",
				"SEARCH02_TC" : "全日",
				"SEARCH03_EN" : "SHA TIN",
				"SEARCH03_TC" : "沙田區",
				"SEARCH04_EN" : "PRIMARY",
				"SEARCH04_TC" : "小學",
				"SEARCH05_EN" : "AIDED",
				"SEARCH05_TC" : "資助",
				"NSEARCH01_EN" : "NOT APPLICABLE",
				"NSEARCH01_TC" : "不適用",
				"NSEARCH02_EN" : "26992566",
				"NSEARCH02_TC" : "26992566",
				"NSEARCH03_EN" : "26020490",
				"NSEARCH03_TC" : "26020490",
				"NSEARCH04_EN" : "http://www.cwwps.edu.hk",
				"NSEARCH04_TC" : "http://www.cwwps.edu.hk",
				"NSEARCH05_EN" : "115070000123",
				"NSEARCH05_TC" : "115070000123",
				"NORTHING" : 825833,
				"EASTING" : 836607,
				"LATITUDE" : 22.37167771,
				"LONGITUDE" : 114.18016592,
				"LASTUPDATE" : "20231124121845"
			}
		},
		{
			"type" : "Feature",
			"geometry" : {
				"type" : "Point",
				"coordinates" : [ 114.1820786091, 22.3688513963 ]
			},
			"properties" : {
				"OBJECTID" : 278,
				"DATASET_EN" : "Aided Primary Schools",
				"DATASET_TC" : "資助小學",
				"NAME_EN" : "KOWLOON CITY BAPTIST CHURCH HAY NIEN (YAN PING) PRIMARY SCHOOL",
				"ADDRESS_EN" : "SUN CHUI ESTATE SHATIN NT",
				"NAME_TC" : "九龍城浸信會禧年(恩平)小學",
				"ADDRESS_TC" : "新界沙田新翠邨",
				"SEARCH01_EN" : "CO-ED",
				"SEARCH01_TC" : "男女",
				"SEARCH02_EN" : "WHOLE DAY",
				"SEARCH02_TC" : "全日",
				"SEARCH03_EN" : "SHA TIN",
				"SEARCH03_TC" : "沙田區",
				"SEARCH04_EN" : "PRIMARY",
				"SEARCH04_TC" : "小學",
				"SEARCH05_EN" : "AIDED",
				"SEARCH05_TC" : "資助",
				"NSEARCH01_EN" : "PROTESTANTISM / CHRISTIANITY",
				"NSEARCH01_TC" : "基督教",
				"NSEARCH02_EN" : "26053811",
				"NSEARCH02_TC" : "26053811",
				"NSEARCH03_EN" : "26949781",
				"NSEARCH03_TC" : "26949781",
				"NSEARCH04_EN" : "http://www.hnyp.edu.hk",
				"NSEARCH04_TC" : "http://www.hnyp.edu.hk",
				"NSEARCH05_EN" : "114987000123",
				"NSEARCH05_TC" : "114987000123",
				"NORTHING" : 825520,
				"EASTING" : 836804,
				"LATITUDE" : 22.3688511,
				"LONGITUDE" : 114.1820786,
				"LASTUPDATE" : "20231124121845"
			}
		},
		{
			"type" : "Feature",
			"geometry" : {
				"type" : "Point",
				"coordinates" : [ 114.0986851428, 22.3505638266 ]
			},
			"properties" : {
				"OBJECTID" : 279,
				"DATASET_EN" : "Aided Primary Schools",
				"DATASET_TC" : "資助小學",
				"NAME_EN" : "PO LEUNG KUK CHAN YAT PRIMARY SCHOOL",
				"ADDRESS_EN" : "ESTATE PRIMARY SCHOOL NO 2 CHEUNG HONG ESTATE TSING YI NEW TERRITORIES",
				"NAME_TC" : "保良局陳溢小學",
				"ADDRESS_TC" : "新界青衣長康邨第二小學",
				"SEARCH01_EN" : "CO-ED",
				"SEARCH01_TC" : "男女",
				"SEARCH02_EN" : "WHOLE DAY",
				"SEARCH02_TC" : "全日",
				"SEARCH03_EN" : "KWAI TSING",
				"SEARCH03_TC" : "葵青區",
				"SEARCH04_EN" : "PRIMARY",
				"SEARCH04_TC" : "小學",
				"SEARCH05_EN" : "AIDED",
				"SEARCH05_TC" : "資助",
				"NSEARCH01_EN" : "NOT APPLICABLE",
				"NSEARCH01_TC" : "不適用",
				"NSEARCH02_EN" : "24976073",
				"NSEARCH02_TC" : "24976073",
				"NSEARCH03_EN" : "24354695",
				"NSEARCH03_TC" : "24354695",
				"NSEARCH04_EN" : "http://www.plkcy.edu.hk",
				"NSEARCH04_TC" : "http://www.plkcy.edu.hk",
				"NSEARCH05_EN" : "115010000123",
				"NSEARCH05_TC" : "115010000123",
				"NORTHING" : 823497,
				"EASTING" : 828214,
				"LATITUDE" : 22.35056353,
				"LONGITUDE" : 114.09868514,
				"LASTUPDATE" : "20231124121844"
			}
		},
		{
			"type" : "Feature",
			"geometry" : {
				"type" : "Point",
				"coordinates" : [ 114.1959737406, 22.3760928389 ]
			},
			"properties" : {
				"OBJECTID" : 280,
				"DATASET_EN" : "Aided Primary Schools",
				"DATASET_TC" : "資助小學",
				"NAME_EN" : "PO LEUNG KUK CHEE JING YIN PRIMARY SCHOOL",
				"ADDRESS_EN" : "ESTATE PRIMARY SCHOOL NO.2, POK HONG ESTATE PHASE II, SHATIN, NEW TERRITORIES",
				"NAME_TC" : "保良局朱正賢小學",
				"ADDRESS_TC" : "新界沙田博康邨二期屋邨第2小學",
				"SEARCH01_EN" : "CO-ED",
				"SEARCH01_TC" : "男女",
				"SEARCH02_EN" : "WHOLE DAY",
				"SEARCH02_TC" : "全日",
				"SEARCH03_EN" : "SHA TIN",
				"SEARCH03_TC" : "沙田區",
				"SEARCH04_EN" : "PRIMARY",
				"SEARCH04_TC" : "小學",
				"SEARCH05_EN" : "AIDED",
				"SEARCH05_TC" : "資助",
				"NSEARCH01_EN" : "NOT APPLICABLE",
				"NSEARCH01_TC" : "不適用",
				"NSEARCH02_EN" : "26469181",
				"NSEARCH02_TC" : "26469181",
				"NSEARCH03_EN" : "26472056",
				"NSEARCH03_TC" : "26472056",
				"NSEARCH04_EN" : "http://www.plkcjy.edu.hk",
				"NSEARCH04_TC" : "http://www.plkcjy.edu.hk",
				"NSEARCH05_EN" : "115118000123",
				"NSEARCH05_TC" : "115118000123",
				"NORTHING" : 826322,
				"EASTING" : 838235,
				"LATITUDE" : 22.37609254,
				"LONGITUDE" : 114.19597374,
				"LASTUPDATE" : "20231124121844"
			}
		},
		{
			"type" : "Feature",
			"geometry" : {
				"type" : "Point",
				"coordinates" : [ 114.1474628977, 22.3307579156 ]
			},
			"properties" : {
				"OBJECTID" : 281,
				"DATASET_EN" : "Aided Primary Schools",
				"DATASET_TC" : "資助小學",
				"NAME_EN" : "S.K.H. ST. ANDREW'S PRIMARY SCHOOL",
				"ADDRESS_EN" : "3 HOI LAI STREET SHAM SHUI PO KOWLOON",
				"NAME_TC" : "聖公會聖安德烈小學",
				"ADDRESS_TC" : "九龍深水埗海麗街3號",
				"SEARCH01_EN" : "CO-ED",
				"SEARCH01_TC" : "男女",
				"SEARCH02_EN" : "WHOLE DAY",
				"SEARCH02_TC" : "全日",
				"SEARCH03_EN" : "SHAM SHUI PO",
				"SEARCH03_TC" : "深水埗區",
				"SEARCH04_EN" : "PRIMARY",
				"SEARCH04_TC" : "小學",
				"SEARCH05_EN" : "AIDED",
				"SEARCH05_TC" : "資助",
				"NSEARCH01_EN" : "PROTESTANTISM / CHRISTIANITY",
				"NSEARCH01_TC" : "基督教",
				"NSEARCH02_EN" : "29591551",
				"NSEARCH02_TC" : "29591551",
				"NSEARCH03_EN" : "29596353",
				"NSEARCH03_TC" : "29596353",
				"NSEARCH04_EN" : "http://www.skhstandrews.edu.hk",
				"NSEARCH04_TC" : "http://www.skhstandrews.edu.hk",
				"NSEARCH05_EN" : "554650000123",
				"NSEARCH05_TC" : "554650000123",
				"NORTHING" : 821302,
				"EASTING" : 833238,
				"LATITUDE" : 22.33075762,
				"LONGITUDE" : 114.14746289,
				"LASTUPDATE" : "20231124121844"
			}
		},
		{
			"type" : "Feature",
			"geometry" : {
				"type" : "Point",
				"coordinates" : [ 114.0247770999, 22.4489616172 ]
			},
			"properties" : {
				"OBJECTID" : 282,
				"DATASET_EN" : "Aided Primary Schools",
				"DATASET_TC" : "資助小學",
				"NAME_EN" : "THE ASSOCIATION OF THE DIRECTORS AND FORMER DIRECTORS OF POK OI HOSPITAL LTD. LEUNG SING TAK SCHOOL",
				"ADDRESS_EN" : "ESTATE PRIMARY SCHOOL LONG PING ESTATE PHASE III YUEN LONG NT",
				"NAME_TC" : "博愛醫院歷屆總理聯誼會梁省德學校",
				"ADDRESS_TC" : "新界元朗朗屏邨第三期屋邨小學",
				"SEARCH01_EN" : "CO-ED",
				"SEARCH01_TC" : "男女",
				"SEARCH02_EN" : "WHOLE DAY",
				"SEARCH02_TC" : "全日",
				"SEARCH03_EN" : "YUEN LONG",
				"SEARCH03_TC" : "元朗區",
				"SEARCH04_EN" : "PRIMARY",
				"SEARCH04_TC" : "小學",
				"SEARCH05_EN" : "AIDED",
				"SEARCH05_TC" : "資助",
				"NSEARCH01_EN" : "NOT APPLICABLE",
				"NSEARCH01_TC" : "不適用",
				"NSEARCH02_EN" : "24745566",
				"NSEARCH02_TC" : "24745566",
				"NSEARCH03_EN" : "24746487",
				"NSEARCH03_TC" : "24746487",
				"NSEARCH04_EN" : "http://www.yuenlonglsts.edu.hk",
				"NSEARCH04_TC" : "http://www.yuenlonglsts.edu.hk",
				"NSEARCH05_EN" : "115347000123",
				"NSEARCH05_TC" : "115347000123",
				"NORTHING" : 834399,
				"EASTING" : 820612,
				"LATITUDE" : 22.44896132,
				"LONGITUDE" : 114.0247771,
				"LASTUPDATE" : "20231124121844"
			}
		},
		{
			"type" : "Feature",
			"geometry" : {
				"type" : "Point",
				"coordinates" : [ 114.1241052217, 22.4937252226 ]
			},
			"properties" : {
				"OBJECTID" : 283,
				"DATASET_EN" : "Aided Primary Schools",
				"DATASET_TC" : "資助小學",
				"NAME_EN" : "HHCKLA BUDDHIST WISDOM PRIMARY SCHOOL",
				"ADDRESS_EN" : "6 CHING SHING ROAD, SHEUNG SHUI, NEW TERRITORIES",
				"NAME_TC" : "香海正覺蓮社佛教正慧小學",
				"ADDRESS_TC" : "新界上水清城路6號",
				"SEARCH01_EN" : "CO-ED",
				"SEARCH01_TC" : "男女",
				"SEARCH02_EN" : "WHOLE DAY",
				"SEARCH02_TC" : "全日",
				"SEARCH03_EN" : "NORTH",
				"SEARCH03_TC" : "北區",
				"SEARCH04_EN" : "PRIMARY",
				"SEARCH04_TC" : "小學",
				"SEARCH05_EN" : "AIDED",
				"SEARCH05_TC" : "資助",
				"NSEARCH01_EN" : "BUDDHISM",
				"NSEARCH01_TC" : "佛教",
				"NSEARCH02_EN" : "26689088",
				"NSEARCH02_TC" : "26689088",
				"NSEARCH03_EN" : "26680278",
				"NSEARCH03_TC" : "26680278",
				"NSEARCH04_EN" : "http://www.wisdom.edu.hk",
				"NSEARCH04_TC" : "http://www.wisdom.edu.hk",
				"NSEARCH05_EN" : "550450000123",
				"NSEARCH05_TC" : "550450000123",
				"NORTHING" : 839349,
				"EASTING" : 830838,
				"LATITUDE" : 22.49372493,
				"LONGITUDE" : 114.12410522,
				"LASTUPDATE" : "20231124121843"
			}
		},
		{
			"type" : "Feature",
			"geometry" : {
				"type" : "Point",
				"coordinates" : [ 114.2283415163, 22.4152149617 ]
			},
			"properties" : {
				"OBJECTID" : 284,
				"DATASET_EN" : "Aided Primary Schools",
				"DATASET_TC" : "資助小學",
				"NAME_EN" : "THE EVANGELICAL LUTHERAN CHURCH OF HONG KONG MA ON SHAN LUTHERAN PRIMARY SCHOOL",
				"ADDRESS_EN" : "ESTATE PRIMARY SCHOOL NO 2, HENG ON ESTATE, MA ON SHAN, AREA 86, SHATIN, NEW TERRITORIES",
				"NAME_TC" : "基督教香港信義會馬鞍山信義學校",
				"ADDRESS_TC" : "新界沙田馬鞍山恆安邨",
				"SEARCH01_EN" : "CO-ED",
				"SEARCH01_TC" : "男女",
				"SEARCH02_EN" : "WHOLE DAY",
				"SEARCH02_TC" : "全日",
				"SEARCH03_EN" : "SHA TIN",
				"SEARCH03_TC" : "沙田區",
				"SEARCH04_EN" : "PRIMARY",
				"SEARCH04_TC" : "小學",
				"SEARCH05_EN" : "AIDED",
				"SEARCH05_TC" : "資助",
				"NSEARCH01_EN" : "PROTESTANTISM / CHRISTIANITY",
				"NSEARCH01_TC" : "基督教",
				"NSEARCH02_EN" : "26429118",
				"NSEARCH02_TC" : "26429118",
				"NSEARCH03_EN" : "26433927",
				"NSEARCH03_TC" : "26433927",
				"NSEARCH04_EN" : "http://www.mluthps.edu.hk",
				"NSEARCH04_TC" : "http://www.mluthps.edu.hk",
				"NSEARCH05_EN" : "115185000123",
				"NSEARCH05_TC" : "115185000123",
				"NORTHING" : 830655,
				"EASTING" : 841567,
				"LATITUDE" : 22.41521467,
				"LONGITUDE" : 114.22834151,
				"LASTUPDATE" : "20231124121843"
			}
		},
		{
			"type" : "Feature",
			"geometry" : {
				"type" : "Point",
				"coordinates" : [ 114.0062331205, 22.4633465907 ]
			},
			"properties" : {
				"OBJECTID" : 285,
				"DATASET_EN" : "Aided Primary Schools",
				"DATASET_TC" : "資助小學",
				"NAME_EN" : "CHIU YANG POR YEN PRIMARY SCHOOL",
				"ADDRESS_EN" : "55 TIN WAH ROAD, TIN SHUI WAI, NEW TERRITORIES",
				"NAME_TC" : "潮陽百欣小學",
				"ADDRESS_TC" : "新界天水圍天華路55號",
				"SEARCH01_EN" : "CO-ED",
				"SEARCH01_TC" : "男女",
				"SEARCH02_EN" : "WHOLE DAY",
				"SEARCH02_TC" : "全日",
				"SEARCH03_EN" : "YUEN LONG",
				"SEARCH03_TC" : "元朗區",
				"SEARCH04_EN" : "PRIMARY",
				"SEARCH04_TC" : "小學",
				"SEARCH05_EN" : "AIDED",
				"SEARCH05_TC" : "資助",
				"NSEARCH01_EN" : "NOT APPLICABLE",
				"NSEARCH01_TC" : "不適用",
				"NSEARCH02_EN" : "24451666",
				"NSEARCH02_TC" : "24451666",
				"NSEARCH03_EN" : "24487866",
				"NSEARCH03_TC" : "24487866",
				"NSEARCH04_EN" : "http://www.cypy.edu.hk",
				"NSEARCH04_TC" : "http://www.cypy.edu.hk",
				"NSEARCH05_EN" : "554634000123",
				"NSEARCH05_TC" : "554634000123",
				"NORTHING" : 835994,
				"EASTING" : 818705,
				"LATITUDE" : 22.46334629,
				"LONGITUDE" : 114.00623312,
				"LASTUPDATE" : "20231124121843"
			}
		},
		{
			"type" : "Feature",
			"geometry" : {
				"type" : "Point",
				"coordinates" : [ 114.2433734854, 22.265392363 ]
			},
			"properties" : {
				"OBJECTID" : 286,
				"DATASET_EN" : "Aided Primary Schools",
				"DATASET_TC" : "資助小學",
				"NAME_EN" : "S.K.H. CHAI WAN ST. MICHAEL'S PRIMARY SCHOOL",
				"ADDRESS_EN" : "380 CHAI WAN ROAD CHAI WAN HONG KONG",
				"NAME_TC" : "聖公會柴灣聖米迦勒小學",
				"ADDRESS_TC" : "香港柴灣柴灣道380號",
				"SEARCH01_EN" : "CO-ED",
				"SEARCH01_TC" : "男女",
				"SEARCH02_EN" : "WHOLE DAY",
				"SEARCH02_TC" : "全日",
				"SEARCH03_EN" : "EASTERN",
				"SEARCH03_TC" : "東區",
				"SEARCH04_EN" : "PRIMARY",
				"SEARCH04_TC" : "小學",
				"SEARCH05_EN" : "AIDED",
				"SEARCH05_TC" : "資助",
				"NSEARCH01_EN" : "PROTESTANTISM / CHRISTIANITY",
				"NSEARCH01_TC" : "基督教",
				"NSEARCH02_EN" : "31028101",
				"NSEARCH02_TC" : "31028101",
				"NSEARCH03_EN" : "31022023",
				"NSEARCH03_TC" : "31022023",
				"NSEARCH04_EN" : "http://www.skhcwsms.edu.hk",
				"NSEARCH04_TC" : "http://www.skhcwsms.edu.hk",
				"NSEARCH05_EN" : "554618000123",
				"NSEARCH05_TC" : "554618000123",
				"NORTHING" : 814065,
				"EASTING" : 843122,
				"LATITUDE" : 22.26539207,
				"LONGITUDE" : 114.24337348,
				"LASTUPDATE" : "20231124121843"
			}
		},
		{
			"type" : "Feature",
			"geometry" : {
				"type" : "Point",
				"coordinates" : [ 114.1542081665, 22.3364934145 ]
			},
			"properties" : {
				"OBJECTID" : 287,
				"DATASET_EN" : "Aided Primary Schools",
				"DATASET_TC" : "資助小學",
				"NAME_EN" : "S.K.H. KEI FOOK PRIMARY SCHOOL",
				"ADDRESS_EN" : "555 CHEUNG SHA WAN ROAD SHAM SHUI PO KOWLOON",
				"NAME_TC" : "聖公會基福小學",
				"ADDRESS_TC" : "九龍深水埗長沙灣道555號",
				"SEARCH01_EN" : "CO-ED",
				"SEARCH01_TC" : "男女",
				"SEARCH02_EN" : "WHOLE DAY",
				"SEARCH02_TC" : "全日",
				"SEARCH03_EN" : "SHAM SHUI PO",
				"SEARCH03_TC" : "深水埗區",
				"SEARCH04_EN" : "PRIMARY",
				"SEARCH04_TC" : "小學",
				"SEARCH05_EN" : "AIDED",
				"SEARCH05_TC" : "資助",
				"NSEARCH01_EN" : "PROTESTANTISM / CHRISTIANITY",
				"NSEARCH01_TC" : "基督教",
				"NSEARCH02_EN" : "23871121",
				"NSEARCH02_TC" : "23871121",
				"NSEARCH03_EN" : "23871131",
				"NSEARCH03_TC" : "23871131",
				"NSEARCH04_EN" : "http://www.keifook.edu.hk",
				"NSEARCH04_TC" : "http://www.keifook.edu.hk",
				"NSEARCH05_EN" : "554626000123",
				"NSEARCH05_TC" : "554626000123",
				"NORTHING" : 821937,
				"EASTING" : 833933,
				"LATITUDE" : 22.33649312,
				"LONGITUDE" : 114.15420816,
				"LASTUPDATE" : "20231124121842"
			}
		},
		{
			"type" : "Feature",
			"geometry" : {
				"type" : "Point",
				"coordinates" : [ 114.137542911, 22.3642682286 ]
			},
			"properties" : {
				"OBJECTID" : 288,
				"DATASET_EN" : "Aided Primary Schools",
				"DATASET_TC" : "資助小學",
				"NAME_EN" : "SALESIAN YIP HON MILLENNIUM PRIMARY SCHOOL",
				"ADDRESS_EN" : "9 SHEK PAI STREET KWAI CHUNG NEW TERRITORIES",
				"NAME_TC" : "慈幼葉漢千禧小學",
				"ADDRESS_TC" : "新界葵涌石排街9號",
				"SEARCH01_EN" : "CO-ED",
				"SEARCH01_TC" : "男女",
				"SEARCH02_EN" : "WHOLE DAY",
				"SEARCH02_TC" : "全日",
				"SEARCH03_EN" : "KWAI TSING",
				"SEARCH03_TC" : "葵青區",
				"SEARCH04_EN" : "PRIMARY",
				"SEARCH04_TC" : "小學",
				"SEARCH05_EN" : "AIDED",
				"SEARCH05_TC" : "資助",
				"NSEARCH01_EN" : "CATHOLICISM",
				"NSEARCH01_TC" : "天主教",
				"NSEARCH02_EN" : "24291177",
				"NSEARCH02_TC" : "24291177",
				"NSEARCH03_EN" : "24233616",
				"NSEARCH03_TC" : "24233616",
				"NSEARCH04_EN" : "http://www.syh.edu.hk",
				"NSEARCH04_TC" : "http://www.syh.edu.hk",
				"NSEARCH05_EN" : "554669000123",
				"NSEARCH05_TC" : "554669000123",
				"NORTHING" : 825013,
				"EASTING" : 832217,
				"LATITUDE" : 22.36426793,
				"LONGITUDE" : 114.13754291,
				"LASTUPDATE" : "20231124121842"
			}
		},
		{
			"type" : "Feature",
			"geometry" : {
				"type" : "Point",
				"coordinates" : [ 114.0595416269, 22.3510368902 ]
			},
			"properties" : {
				"OBJECTID" : 289,
				"DATASET_EN" : "Aided Primary Schools",
				"DATASET_TC" : "資助小學",
				"NAME_EN" : "THE CHURCH OF CHRIST IN CHINA KEI WAI PRIMARY SCHOOL (MA WAN)",
				"ADDRESS_EN" : "12 PAK LAM ROAD MA WAN TSUEN WAN NEW TERRITORIES",
				"NAME_TC" : "中華基督教會基慧小學(馬灣)",
				"ADDRESS_TC" : "新界荃灣馬灣珀林路12號",
				"SEARCH01_EN" : "CO-ED",
				"SEARCH01_TC" : "男女",
				"SEARCH02_EN" : "WHOLE DAY",
				"SEARCH02_TC" : "全日",
				"SEARCH03_EN" : "TSUEN WAN",
				"SEARCH03_TC" : "荃灣區",
				"SEARCH04_EN" : "PRIMARY",
				"SEARCH04_TC" : "小學",
				"SEARCH05_EN" : "AIDED",
				"SEARCH05_TC" : "資助",
				"NSEARCH01_EN" : "PROTESTANTISM / CHRISTIANITY",
				"NSEARCH01_TC" : "基督教",
				"NSEARCH02_EN" : "29863111",
				"NSEARCH02_TC" : "29863111",
				"NSEARCH03_EN" : "29863617",
				"NSEARCH03_TC" : "29863617",
				"NSEARCH04_EN" : "http://www.kwmwps.edu.hk",
				"NSEARCH04_TC" : "http://www.kwmwps.edu.hk",
				"NSEARCH05_EN" : "550469000123",
				"NSEARCH05_TC" : "550469000123",
				"NORTHING" : 823552,
				"EASTING" : 824182,
				"LATITUDE" : 22.3510366,
				"LONGITUDE" : 114.05954162,
				"LASTUPDATE" : "20231124121842"
			}
		},
		{
			"type" : "Feature",
			"geometry" : {
				"type" : "Point",
				"coordinates" : [ 114.2487684203, 22.3042849781 ]
			},
			"properties" : {
				"OBJECTID" : 290,
				"DATASET_EN" : "Aided Primary Schools",
				"DATASET_TC" : "資助小學",
				"NAME_EN" : "ST ANDREW'S CATHOLIC PRIMARY SCHOOL",
				"ADDRESS_EN" : "30 CHUI LING ROAD TSEUNG KWAN O NEW TERRITORIES",
				"NAME_TC" : "天主教聖安德肋小學",
				"ADDRESS_TC" : "新界將軍澳翠嶺路30號",
				"SEARCH01_EN" : "CO-ED",
				"SEARCH01_TC" : "男女",
				"SEARCH02_EN" : "WHOLE DAY",
				"SEARCH02_TC" : "全日",
				"SEARCH03_EN" : "SAI KUNG",
				"SEARCH03_TC" : "西貢區",
				"SEARCH04_EN" : "PRIMARY",
				"SEARCH04_TC" : "小學",
				"SEARCH05_EN" : "AIDED",
				"SEARCH05_TC" : "資助",
				"NSEARCH01_EN" : "CATHOLICISM",
				"NSEARCH01_TC" : "天主教",
				"NSEARCH02_EN" : "22463313",
				"NSEARCH02_TC" : "22463313",
				"NSEARCH03_EN" : "22463535",
				"NSEARCH03_TC" : "22463535",
				"NSEARCH04_EN" : "http://www.sacps.edu.hk",
				"NSEARCH04_TC" : "http://www.sacps.edu.hk",
				"NSEARCH05_EN" : "554600000123",
				"NSEARCH05_TC" : "554600000123",
				"NORTHING" : 818372,
				"EASTING" : 843676,
				"LATITUDE" : 22.30428469,
				"LONGITUDE" : 114.24876842,
				"LASTUPDATE" : "20231124121842"
			}
		},
		{
			"type" : "Feature",
			"geometry" : {
				"type" : "Point",
				"coordinates" : [ 114.00401442, 22.3719469916 ]
			},
			"properties" : {
				"OBJECTID" : 291,
				"DATASET_EN" : "Aided Primary Schools",
				"DATASET_TC" : "資助小學",
				"NAME_EN" : "AD&FD OF POK OI HOSPITAL MRS CHENG YAM ON MILLENNIUM SCHOOL",
				"ADDRESS_EN" : "111 SO KWUN WAT ROAD TUEN MUN NEW TERRITORIES",
				"NAME_TC" : "博愛醫院歷屆總理聯誼會鄭任安夫人千禧小學",
				"ADDRESS_TC" : "新界屯門掃管笏路111號",
				"SEARCH01_EN" : "CO-ED",
				"SEARCH01_TC" : "男女",
				"SEARCH02_EN" : "WHOLE DAY",
				"SEARCH02_TC" : "全日",
				"SEARCH03_EN" : "TUEN MUN",
				"SEARCH03_TC" : "屯門區",
				"SEARCH04_EN" : "PRIMARY",
				"SEARCH04_TC" : "小學",
				"SEARCH05_EN" : "AIDED",
				"SEARCH05_TC" : "資助",
				"NSEARCH01_EN" : "NOT APPLICABLE",
				"NSEARCH01_TC" : "不適用",
				"NSEARCH02_EN" : "24510088",
				"NSEARCH02_TC" : "24510088",
				"NSEARCH03_EN" : "24510022",
				"NSEARCH03_TC" : "24510022",
				"NSEARCH04_EN" : "http://www.mcyoms.edu.hk",
				"NSEARCH04_TC" : "http://www.mcyoms.edu.hk",
				"NSEARCH05_EN" : "550426000123",
				"NSEARCH05_TC" : "550426000123",
				"NORTHING" : 825873,
				"EASTING" : 818465,
				"LATITUDE" : 22.3719467,
				"LONGITUDE" : 114.00401442,
				"LASTUPDATE" : "20231124121841"
			}
		},
		{
			"type" : "Feature",
			"geometry" : {
				"type" : "Point",
				"coordinates" : [ 114.2043428596, 22.3324063222 ]
			},
			"properties" : {
				"OBJECTID" : 292,
				"DATASET_EN" : "Aided Primary Schools",
				"DATASET_TC" : "資助小學",
				"NAME_EN" : "S.K.H. HOLY CROSS PRIMARY SCHOOL",
				"ADDRESS_EN" : "9 MUK HUNG STREET, KOWLOON CITY, KOWLOON",
				"NAME_TC" : "聖公會聖十架小學",
				"ADDRESS_TC" : "九龍九龍城沐虹街9號",
				"SEARCH01_EN" : "CO-ED",
				"SEARCH01_TC" : "男女",
				"SEARCH02_EN" : "WHOLE DAY",
				"SEARCH02_TC" : "全日",
				"SEARCH03_EN" : "KOWLOON CITY",
				"SEARCH03_TC" : "九龍城區",
				"SEARCH04_EN" : "PRIMARY",
				"SEARCH04_TC" : "小學",
				"SEARCH05_EN" : "AIDED",
				"SEARCH05_TC" : "資助",
				"NSEARCH01_EN" : "PROTESTANTISM / CHRISTIANITY",
				"NSEARCH01_TC" : "基督教",
				"NSEARCH02_EN" : "23276286,23204931",
				"NSEARCH02_TC" : "23276286,23204931",
				"NSEARCH03_EN" : "23277104",
				"NSEARCH03_TC" : "23277104",
				"NSEARCH04_EN" : "https://www.skhhcps.edu.hk/it-school/php/webcms/public/mainpage/main.php3",
				"NSEARCH04_TC" : "https://www.skhhcps.edu.hk/it-school/php/webcms/public/mainpage/main.php3",
				"NSEARCH05_EN" : "510939000223",
				"NSEARCH05_TC" : "510939000223",
				"NORTHING" : 821484.5,
				"EASTING" : 839097.8,
				"LATITUDE" : 22.33240603,
				"LONGITUDE" : 114.20434286,
				"LASTUPDATE" : "20231124121841"
			}
		},
		{
			"type" : "Feature",
			"geometry" : {
				"type" : "Point",
				"coordinates" : [ 114.2146041582, 22.3294286792 ]
			},
			"properties" : {
				"OBJECTID" : 293,
				"DATASET_EN" : "Aided Primary Schools",
				"DATASET_TC" : "資助小學",
				"NAME_EN" : "CONSERVATIVE BAPTIST LUI MING CHOI PRIMARY SCHOOL",
				"ADDRESS_EN" : "78 CHOI HA ROAD KOWLOON",
				"NAME_TC" : "浸信宣道會呂明才小學",
				"ADDRESS_TC" : "九龍彩霞道78號",
				"SEARCH01_EN" : "CO-ED",
				"SEARCH01_TC" : "男女",
				"SEARCH02_EN" : "WHOLE DAY",
				"SEARCH02_TC" : "全日",
				"SEARCH03_EN" : "KWUN TONG",
				"SEARCH03_TC" : "觀塘區",
				"SEARCH04_EN" : "PRIMARY",
				"SEARCH04_TC" : "小學",
				"SEARCH05_EN" : "AIDED",
				"SEARCH05_TC" : "資助",
				"NSEARCH01_EN" : "PROTESTANTISM / CHRISTIANITY",
				"NSEARCH01_TC" : "基督教",
				"NSEARCH02_EN" : "27547024,27547058",
				"NSEARCH02_TC" : "27547024,27547058",
				"NSEARCH03_EN" : "23313417",
				"NSEARCH03_TC" : "23313417",
				"NSEARCH04_EN" : "http://www.lmc.edu.hk",
				"NSEARCH04_TC" : "http://www.lmc.edu.hk",
				"NSEARCH05_EN" : "511692000223",
				"NSEARCH05_TC" : "511692000223",
				"NORTHING" : 821155,
				"EASTING" : 840155,
				"LATITUDE" : 22.32942839,
				"LONGITUDE" : 114.21460415,
				"LASTUPDATE" : "20231124121841"
			}
		},
		{
			"type" : "Feature",
			"geometry" : {
				"type" : "Point",
				"coordinates" : [ 114.1534610725, 22.334353062 ]
			},
			"properties" : {
				"OBJECTID" : 294,
				"DATASET_EN" : "Aided Primary Schools",
				"DATASET_TC" : "資助小學",
				"NAME_EN" : "HOI PING CHAMBER OF COMMERCE PRIMARY SCHOOL",
				"ADDRESS_EN" : "700 LAI CHI KOK ROAD KOWLOON",
				"NAME_TC" : "旅港開平商會學校",
				"ADDRESS_TC" : "九龍荔枝角道700號",
				"SEARCH01_EN" : "CO-ED",
				"SEARCH01_TC" : "男女",
				"SEARCH02_EN" : "WHOLE DAY",
				"SEARCH02_TC" : "全日",
				"SEARCH03_EN" : "SHAM SHUI PO",
				"SEARCH03_TC" : "深水埗區",
				"SEARCH04_EN" : "PRIMARY",
				"SEARCH04_TC" : "小學",
				"SEARCH05_EN" : "AIDED",
				"SEARCH05_TC" : "資助",
				"NSEARCH01_EN" : "NOT APPLICABLE",
				"NSEARCH01_TC" : "不適用",
				"NSEARCH02_EN" : "23875605,27285716",
				"NSEARCH02_TC" : "23875605,27285716",
				"NSEARCH03_EN" : "27254961",
				"NSEARCH03_TC" : "27254961",
				"NSEARCH04_EN" : "http://www.hpccps.edu.hk",
				"NSEARCH04_TC" : "http://www.hpccps.edu.hk",
				"NSEARCH05_EN" : "512010000123",
				"NSEARCH05_TC" : "512010000123",
				"NORTHING" : 821700,
				"EASTING" : 833856,
				"LATITUDE" : 22.33435277,
				"LONGITUDE" : 114.15346107,
				"LASTUPDATE" : "20231124121841"
			}
		},
		{
			"type" : "Feature",
			"geometry" : {
				"type" : "Point",
				"coordinates" : [ 114.1938915427, 22.340946168 ]
			},
			"properties" : {
				"OBJECTID" : 295,
				"DATASET_EN" : "Aided Primary Schools",
				"DATASET_TC" : "資助小學",
				"NAME_EN" : "WONG TAI SIN CATHOLIC PRIMARY SCHOOL",
				"ADDRESS_EN" : "102 CHING TAK STREET WONG TAI SIN KOWLOON",
				"NAME_TC" : "黃大仙天主教小學",
				"ADDRESS_TC" : "九龍黃大仙正德街102號",
				"SEARCH01_EN" : "CO-ED",
				"SEARCH01_TC" : "男女",
				"SEARCH02_EN" : "WHOLE DAY",
				"SEARCH02_TC" : "全日",
				"SEARCH03_EN" : "WONG TAI SIN",
				"SEARCH03_TC" : "黃大仙區",
				"SEARCH04_EN" : "PRIMARY",
				"SEARCH04_TC" : "小學",
				"SEARCH05_EN" : "AIDED",
				"SEARCH05_TC" : "資助",
				"NSEARCH01_EN" : "CATHOLICISM",
				"NSEARCH01_TC" : "天主教",
				"NSEARCH02_EN" : "23208367,23255316",
				"NSEARCH02_TC" : "23208367,23255316",
				"NSEARCH03_EN" : "23208620",
				"NSEARCH03_TC" : "23208620",
				"NSEARCH04_EN" : "http://www.e-wong.edu.hk",
				"NSEARCH04_TC" : "http://www.e-wong.edu.hk",
				"NSEARCH05_EN" : "514926000123",
				"NSEARCH05_TC" : "514926000123",
				"NORTHING" : 822430,
				"EASTING" : 838021,
				"LATITUDE" : 22.34094587,
				"LONGITUDE" : 114.19389154,
				"LASTUPDATE" : "20231124121840"
			}
		},
		{
			"type" : "Feature",
			"geometry" : {
				"type" : "Point",
				"coordinates" : [ 114.2020256844, 22.3369987473 ]
			},
			"properties" : {
				"OBJECTID" : 296,
				"DATASET_EN" : "Aided Primary Schools",
				"DATASET_TC" : "資助小學",
				"NAME_EN" : "CANOSSA PRIMARY SCHOOL (SAN PO KONG)",
				"ADDRESS_EN" : "9 CHOI YEE LANE SAN PO KONG KOWLOON",
				"NAME_TC" : "嘉諾撒小學(新蒲崗)",
				"ADDRESS_TC" : "九龍新蒲崗彩頤里9號",
				"SEARCH01_EN" : "CO-ED",
				"SEARCH01_TC" : "男女",
				"SEARCH02_EN" : "WHOLE DAY",
				"SEARCH02_TC" : "全日",
				"SEARCH03_EN" : "WONG TAI SIN",
				"SEARCH03_TC" : "黃大仙區",
				"SEARCH04_EN" : "PRIMARY",
				"SEARCH04_TC" : "小學",
				"SEARCH05_EN" : "AIDED",
				"SEARCH05_TC" : "資助",
				"NSEARCH01_EN" : "CATHOLICISM",
				"NSEARCH01_TC" : "天主教",
				"NSEARCH02_EN" : "23238883",
				"NSEARCH02_TC" : "23238883",
				"NSEARCH03_EN" : "23236665",
				"NSEARCH03_TC" : "23236665",
				"NSEARCH04_EN" : "http://www.cps.edu.hk",
				"NSEARCH04_TC" : "http://www.cps.edu.hk",
				"NSEARCH05_EN" : "550418000223",
				"NSEARCH05_TC" : "550418000223",
				"NORTHING" : 821993,
				"EASTING" : 838859,
				"LATITUDE" : 22.33699845,
				"LONGITUDE" : 114.20202568,
				"LASTUPDATE" : "20231124121840"
			}
		},
		{
			"type" : "Feature",
			"geometry" : {
				"type" : "Point",
				"coordinates" : [ 114.2122913155, 22.3342759137 ]
			},
			"properties" : {
				"OBJECTID" : 297,
				"DATASET_EN" : "Aided Primary Schools",
				"DATASET_TC" : "資助小學",
				"NAME_EN" : "CHOI WAN ST JOSEPH'S PRIMARY SCHOOL",
				"ADDRESS_EN" : "ESTATE PRIMARY SCHOOL NO 2 CHOI WAN ESTATE KOWLOON",
				"NAME_TC" : "彩雲聖若瑟小學",
				"ADDRESS_TC" : "九龍彩雲邨房屋署第二小學",
				"SEARCH01_EN" : "CO-ED",
				"SEARCH01_TC" : "男女",
				"SEARCH02_EN" : "WHOLE DAY",
				"SEARCH02_TC" : "全日",
				"SEARCH03_EN" : "WONG TAI SIN",
				"SEARCH03_TC" : "黃大仙區",
				"SEARCH04_EN" : "PRIMARY",
				"SEARCH04_TC" : "小學",
				"SEARCH05_EN" : "AIDED",
				"SEARCH05_TC" : "資助",
				"NSEARCH01_EN" : "CATHOLICISM",
				"NSEARCH01_TC" : "天主教",
				"NSEARCH02_EN" : "27557180,27557181",
				"NSEARCH02_TC" : "27557180,27557181",
				"NSEARCH03_EN" : "23050067",
				"NSEARCH03_TC" : "23050067",
				"NSEARCH04_EN" : "http://www.cwsj.edu.hk",
				"NSEARCH04_TC" : "http://www.cwsj.edu.hk",
				"NSEARCH05_EN" : "511579000123",
				"NSEARCH05_TC" : "511579000123",
				"NORTHING" : 821691.7,
				"EASTING" : 839916.6,
				"LATITUDE" : 22.33427562,
				"LONGITUDE" : 114.21229131,
				"LASTUPDATE" : "20231124121840"
			}
		},
		{
			"type" : "Feature",
			"geometry" : {
				"type" : "Point",
				"coordinates" : [ 114.2252154351, 22.5478482966 ]
			},
			"properties" : {
				"OBJECTID" : 298,
				"DATASET_EN" : "Aided Primary Schools",
				"DATASET_TC" : "資助小學",
				"NAME_EN" : "FUK TAK EDUCATION SOCIETY PRIMARY SCHOOL",
				"ADDRESS_EN" : "KONG HA VILLAGE SHA TAU KOK NEW TERRITORIES",
				"NAME_TC" : "福德學社小學",
				"ADDRESS_TC" : "新界沙頭角崗下村",
				"SEARCH01_EN" : "CO-ED",
				"SEARCH01_TC" : "男女",
				"SEARCH02_EN" : "WHOLE DAY",
				"SEARCH02_TC" : "全日",
				"SEARCH03_EN" : "NORTH",
				"SEARCH03_TC" : "北區",
				"SEARCH04_EN" : "PRIMARY",
				"SEARCH04_TC" : "小學",
				"SEARCH05_EN" : "AIDED",
				"SEARCH05_TC" : "資助",
				"NSEARCH01_EN" : "NOT APPLICABLE",
				"NSEARCH01_TC" : "不適用",
				"NSEARCH02_EN" : "22923376",
				"NSEARCH02_TC" : "22923376",
				"NSEARCH03_EN" : null,
				"NSEARCH03_TC" : null,
				"NSEARCH04_EN" : "http://www.ftesps.edu.hk",
				"NSEARCH04_TC" : "http://www.ftesps.edu.hk",
				"NSEARCH05_EN" : "112836000223",
				"NSEARCH05_TC" : "112836000223",
				"NORTHING" : 845342.3,
				"EASTING" : 841240.4,
				"LATITUDE" : 22.547848,
				"LONGITUDE" : 114.22521543,
				"LASTUPDATE" : "20231124121839"
			}
		},
		{
			"type" : "Feature",
			"geometry" : {
				"type" : "Point",
				"coordinates" : [ 114.164994546, 22.3274395985 ]
			},
			"properties" : {
				"OBJECTID" : 299,
				"DATASET_EN" : "Aided Primary Schools",
				"DATASET_TC" : "資助小學",
				"NAME_EN" : "SHAMSHUIPO KAIFONG WELFARE ASSOCIATION PRIMARY SCHOOL",
				"ADDRESS_EN" : "2ND-5TH FLOORS 88 YU CHAU STREET KOWLOON",
				"NAME_TC" : "深水埔街坊福利會小學",
				"ADDRESS_TC" : "九龍汝州街88號3樓至6樓",
				"SEARCH01_EN" : "CO-ED",
				"SEARCH01_TC" : "男女",
				"SEARCH02_EN" : "WHOLE DAY",
				"SEARCH02_TC" : "全日",
				"SEARCH03_EN" : "SHAM SHUI PO",
				"SEARCH03_TC" : "深水埗區",
				"SEARCH04_EN" : "PRIMARY",
				"SEARCH04_TC" : "小學",
				"SEARCH05_EN" : "AIDED",
				"SEARCH05_TC" : "資助",
				"NSEARCH01_EN" : "NOT APPLICABLE",
				"NSEARCH01_TC" : "不適用",
				"NSEARCH02_EN" : "23819504,23816909",
				"NSEARCH02_TC" : "23819504,23816909",
				"NSEARCH03_EN" : "23914112",
				"NSEARCH03_TC" : "23914112",
				"NSEARCH04_EN" : "http://www.sspkw.edu.hk",
				"NSEARCH04_TC" : "http://www.sspkw.edu.hk",
				"NSEARCH05_EN" : "513814000123",
				"NSEARCH05_TC" : "513814000123",
				"NORTHING" : 820934.3,
				"EASTING" : 835044.1,
				"LATITUDE" : 22.32743931,
				"LONGITUDE" : 114.16499454,
				"LASTUPDATE" : "20231124121839"
			}
		},
		{
			"type" : "Feature",
			"geometry" : {
				"type" : "Point",
				"coordinates" : [ 114.1914898681, 22.3033068987 ]
			},
			"properties" : {
				"OBJECTID" : 300,
				"DATASET_EN" : "Aided Primary Schools",
				"DATASET_TC" : "資助小學",
				"NAME_EN" : "GRANTHAM COLLEGE OF EDUCATION PAST STUDENTS' ASSOCIATION WHAMPOA PRIMARY SCHOOL",
				"ADDRESS_EN" : "30 TAK ON STREET WHAMPOA GARDEN HUNG HOM KOWLOON",
				"NAME_TC" : "葛量洪校友會黃埔學校",
				"ADDRESS_TC" : "九龍紅磡黃埔花園德安街三十號",
				"SEARCH01_EN" : "CO-ED",
				"SEARCH01_TC" : "男女",
				"SEARCH02_EN" : "WHOLE DAY",
				"SEARCH02_TC" : "全日",
				"SEARCH03_EN" : "KOWLOON CITY",
				"SEARCH03_TC" : "九龍城區",
				"SEARCH04_EN" : "PRIMARY",
				"SEARCH04_TC" : "小學",
				"SEARCH05_EN" : "AIDED",
				"SEARCH05_TC" : "資助",
				"NSEARCH01_EN" : "NOT APPLICABLE",
				"NSEARCH01_TC" : "不適用",
				"NSEARCH02_EN" : "23343673",
				"NSEARCH02_TC" : "23343673",
				"NSEARCH03_EN" : "23337689",
				"NSEARCH03_TC" : "23337689",
				"NSEARCH04_EN" : "http://www.gcewps.edu.hk",
				"NSEARCH04_TC" : "http://www.gcewps.edu.hk",
				"NSEARCH05_EN" : "521990000123",
				"NSEARCH05_TC" : "521990000123",
				"NORTHING" : 818262,
				"EASTING" : 837774,
				"LATITUDE" : 22.30330661,
				"LONGITUDE" : 114.19148986,
				"LASTUPDATE" : "20231124121839"
			}
		},
		{
			"type" : "Feature",
			"geometry" : {
				"type" : "Point",
				"coordinates" : [ 114.1796222647, 22.3754798706 ]
			},
			"properties" : {
				"OBJECTID" : 301,
				"DATASET_EN" : "Aided Primary Schools",
				"DATASET_TC" : "資助小學",
				"NAME_EN" : "TUNG WAH GROUP OF HOSPITALS SIN CHU WAN PRIMARY SCHOOL",
				"ADDRESS_EN" : "ANNEX BLOCK 38 CHIK FUK STREET TAI WAI SHATIN NEW TERRITORIES",
				"NAME_TC" : "東華三院冼次雲小學",
				"ADDRESS_TC" : "新界沙田大圍積福街38號",
				"SEARCH01_EN" : "CO-ED",
				"SEARCH01_TC" : "男女",
				"SEARCH02_EN" : "WHOLE DAY",
				"SEARCH02_TC" : "全日",
				"SEARCH03_EN" : "SHA TIN",
				"SEARCH03_TC" : "沙田區",
				"SEARCH04_EN" : "PRIMARY",
				"SEARCH04_TC" : "小學",
				"SEARCH05_EN" : "AIDED",
				"SEARCH05_TC" : "資助",
				"NSEARCH01_EN" : "NOT APPLICABLE",
				"NSEARCH01_TC" : "不適用",
				"NSEARCH02_EN" : "26949272",
				"NSEARCH02_TC" : "26949272",
				"NSEARCH03_EN" : "26027661",
				"NSEARCH03_TC" : "26027661",
				"NSEARCH04_EN" : "http://www.scwps.edu.hk",
				"NSEARCH04_TC" : "http://www.scwps.edu.hk",
				"NSEARCH05_EN" : "115193000123",
				"NSEARCH05_TC" : "115193000123",
				"NORTHING" : 826254,
				"EASTING" : 836551,
				"LATITUDE" : 22.37547958,
				"LONGITUDE" : 114.17962226,
				"LASTUPDATE" : "20231124121839"
			}
		},
		{
			"type" : "Feature",
			"geometry" : {
				"type" : "Point",
				"coordinates" : [ 113.9750663196, 22.3948337594 ]
			},
			"properties" : {
				"OBJECTID" : 302,
				"DATASET_EN" : "Aided Primary Schools",
				"DATASET_TC" : "資助小學",
				"NAME_EN" : "CASTLE PEAK CATHOLIC PRIMARY SCHOOL",
				"ADDRESS_EN" : "2 TUEN MUN HEUNG SZE WUI ROAD TUEN MUN NEW TERRITORIES",
				"NAME_TC" : "青山天主教小學",
				"ADDRESS_TC" : "新界屯門屯門鄉事會路2號",
				"SEARCH01_EN" : "CO-ED",
				"SEARCH01_TC" : "男女",
				"SEARCH02_EN" : "WHOLE DAY",
				"SEARCH02_TC" : "全日",
				"SEARCH03_EN" : "TUEN MUN",
				"SEARCH03_TC" : "屯門區",
				"SEARCH04_EN" : "PRIMARY",
				"SEARCH04_TC" : "小學",
				"SEARCH05_EN" : "AIDED",
				"SEARCH05_TC" : "資助",
				"NSEARCH01_EN" : "CATHOLICISM",
				"NSEARCH01_TC" : "天主教",
				"NSEARCH02_EN" : "24574634,24573473",
				"NSEARCH02_TC" : "24574634,24573473",
				"NSEARCH03_EN" : "24586055",
				"NSEARCH03_TC" : "24586055",
				"NSEARCH04_EN" : "http://cpcps.edu.hk",
				"NSEARCH04_TC" : "http://cpcps.edu.hk",
				"NSEARCH05_EN" : "114146000123",
				"NSEARCH05_TC" : "114146000123",
				"NORTHING" : 828411.1,
				"EASTING" : 815487,
				"LATITUDE" : 22.39483346,
				"LONGITUDE" : 113.97506632,
				"LASTUPDATE" : "20231124121839"
			}
		},
		{
			"type" : "Feature",
			"geometry" : {
				"type" : "Point",
				"coordinates" : [ 114.2305858273, 22.4170293581 ]
			},
			"properties" : {
				"OBJECTID" : 303,
				"DATASET_EN" : "Aided Primary Schools",
				"DATASET_TC" : "資助小學",
				"NAME_EN" : "MA ON SHAN ST. JOSEPH'S PRIMARY SCHOOL",
				"ADDRESS_EN" : "HENG ON ESTATE, MA ON SHAN, SHATIN, NEW TERRITORIES",
				"NAME_TC" : "馬鞍山聖若瑟小學",
				"ADDRESS_TC" : "新界沙田馬鞍山恆安邨",
				"SEARCH01_EN" : "CO-ED",
				"SEARCH01_TC" : "男女",
				"SEARCH02_EN" : "WHOLE DAY",
				"SEARCH02_TC" : "全日",
				"SEARCH03_EN" : "SHA TIN",
				"SEARCH03_TC" : "沙田區",
				"SEARCH04_EN" : "PRIMARY",
				"SEARCH04_TC" : "小學",
				"SEARCH05_EN" : "AIDED",
				"SEARCH05_TC" : "資助",
				"NSEARCH01_EN" : "CATHOLICISM",
				"NSEARCH01_TC" : "天主教",
				"NSEARCH02_EN" : "26429186",
				"NSEARCH02_TC" : "26429186",
				"NSEARCH03_EN" : "26433929",
				"NSEARCH03_TC" : "26433929",
				"NSEARCH04_EN" : "http://www.mossjps.edu.hk",
				"NSEARCH04_TC" : "http://www.mossjps.edu.hk",
				"NSEARCH05_EN" : "115240000123",
				"NSEARCH05_TC" : "115240000123",
				"NORTHING" : 830856,
				"EASTING" : 841798,
				"LATITUDE" : 22.41702906,
				"LONGITUDE" : 114.23058582,
				"LASTUPDATE" : "20231124121838"
			}
		},
		{
			"type" : "Feature",
			"geometry" : {
				"type" : "Point",
				"coordinates" : [ 114.2036170852, 22.3847520289 ]
			},
			"properties" : {
				"OBJECTID" : 304,
				"DATASET_EN" : "Aided Primary Schools",
				"DATASET_TC" : "資助小學",
				"NAME_EN" : "DR. CATHERINE F. WOO MEMORIAL SCHOOL",
				"ADDRESS_EN" : "8 TAK PO STREET CITY ONE SHATIN NEW TERRITORIES",
				"NAME_TC" : "胡素貞博士紀念學校",
				"ADDRESS_TC" : "新界沙田第一城得寶街8號",
				"SEARCH01_EN" : "CO-ED",
				"SEARCH01_TC" : "男女",
				"SEARCH02_EN" : "WHOLE DAY",
				"SEARCH02_TC" : "全日",
				"SEARCH03_EN" : "SHA TIN",
				"SEARCH03_TC" : "沙田區",
				"SEARCH04_EN" : "PRIMARY",
				"SEARCH04_TC" : "小學",
				"SEARCH05_EN" : "AIDED",
				"SEARCH05_TC" : "資助",
				"NSEARCH01_EN" : "NOT APPLICABLE",
				"NSEARCH01_TC" : "不適用",
				"NSEARCH02_EN" : "26468902",
				"NSEARCH02_TC" : "26468902",
				"NSEARCH03_EN" : "26494296",
				"NSEARCH03_TC" : "26494296",
				"NSEARCH04_EN" : "http://www.dcfwms.edu.hk",
				"NSEARCH04_TC" : "http://www.dcfwms.edu.hk",
				"NSEARCH05_EN" : "115134000123",
				"NSEARCH05_TC" : "115134000123",
				"NORTHING" : 827281,
				"EASTING" : 839022,
				"LATITUDE" : 22.38475173,
				"LONGITUDE" : 114.20361708,
				"LASTUPDATE" : "20231124121838"
			}
		},
		{
			"type" : "Feature",
			"geometry" : {
				"type" : "Point",
				"coordinates" : [ 114.1190536719, 22.3742901921 ]
			},
			"properties" : {
				"OBJECTID" : 305,
				"DATASET_EN" : "Aided Primary Schools",
				"DATASET_TC" : "資助小學",
				"NAME_EN" : "KWAI-MING WU MEMORIAL SCHOOL OF THE PRECIOUS BLOOD",
				"ADDRESS_EN" : "LUK YEUNG SUN CHUEN 22-66 WAI TSUEN ROAD TSUEN WAN NEW TERRITORIES",
				"NAME_TC" : "寶血會伍季明紀念學校",
				"ADDRESS_TC" : "新界荃灣蕙荃路22-66號綠楊新邨",
				"SEARCH01_EN" : "CO-ED",
				"SEARCH01_TC" : "男女",
				"SEARCH02_EN" : "WHOLE DAY",
				"SEARCH02_TC" : "全日",
				"SEARCH03_EN" : "TSUEN WAN",
				"SEARCH03_TC" : "荃灣區",
				"SEARCH04_EN" : "PRIMARY",
				"SEARCH04_TC" : "小學",
				"SEARCH05_EN" : "AIDED",
				"SEARCH05_TC" : "資助",
				"NSEARCH01_EN" : "CATHOLICISM",
				"NSEARCH01_TC" : "天主教",
				"NSEARCH02_EN" : "24989119",
				"NSEARCH02_TC" : "24989119",
				"NSEARCH03_EN" : "24153326",
				"NSEARCH03_TC" : "24153326",
				"NSEARCH04_EN" : "http://www.kmw.edu.hk",
				"NSEARCH04_TC" : "http://www.kmw.edu.hk",
				"NSEARCH05_EN" : "114863000123",
				"NSEARCH05_TC" : "114863000123",
				"NORTHING" : 826123.4,
				"EASTING" : 830313.1,
				"LATITUDE" : 22.3742899,
				"LONGITUDE" : 114.11905367,
				"LASTUPDATE" : "20231124121838"
			}
		},
		{
			"type" : "Feature",
			"geometry" : {
				"type" : "Point",
				"coordinates" : [ 113.9685340659, 22.3730159666 ]
			},
			"properties" : {
				"OBJECTID" : 306,
				"DATASET_EN" : "Aided Primary Schools",
				"DATASET_TC" : "資助小學",
				"NAME_EN" : "LUNG KONG WORLD FEDERATION SCHOOL LIMITED LAU TAK YUNG MEMORIAL PRIMARY SCHOOL",
				"ADDRESS_EN" : "STANDARD PRIMARY SCHOOL 263 WU CHUI ROAD TUEN MUN NEW TERRITORIES",
				"NAME_TC" : "世界龍岡學校劉德容紀念小學",
				"ADDRESS_TC" : "新界屯門湖翠路263號標準小學",
				"SEARCH01_EN" : "CO-ED",
				"SEARCH01_TC" : "男女",
				"SEARCH02_EN" : "WHOLE DAY",
				"SEARCH02_TC" : "全日",
				"SEARCH03_EN" : "TUEN MUN",
				"SEARCH03_TC" : "屯門區",
				"SEARCH04_EN" : "PRIMARY",
				"SEARCH04_TC" : "小學",
				"SEARCH05_EN" : "AIDED",
				"SEARCH05_TC" : "資助",
				"NSEARCH01_EN" : "NOT APPLICABLE",
				"NSEARCH01_TC" : "不適用",
				"NSEARCH02_EN" : "24045333",
				"NSEARCH02_TC" : "24045333",
				"NSEARCH03_EN" : "26183123",
				"NSEARCH03_TC" : "26183123",
				"NSEARCH04_EN" : "http://www.ltyschool.edu.hk",
				"NSEARCH04_TC" : "http://www.ltyschool.edu.hk",
				"NSEARCH05_EN" : "115177000123",
				"NSEARCH05_TC" : "115177000123",
				"NORTHING" : 825996,
				"EASTING" : 814811,
				"LATITUDE" : 22.37301567,
				"LONGITUDE" : 113.96853406,
				"LASTUPDATE" : "20231124121837"
			}
		},
		{
			"type" : "Feature",
			"geometry" : {
				"type" : "Point",
				"coordinates" : [ 113.9614519362, 22.3754900802 ]
			},
			"properties" : {
				"OBJECTID" : 307,
				"DATASET_EN" : "Aided Primary Schools",
				"DATASET_TC" : "資助小學",
				"NAME_EN" : "LUTHERAN TSANG SHING SIU LEUN SCHOOL",
				"ADDRESS_EN" : "ESTATE PRIMARY SCHOOL NO 5 PHASE III BUTTERFLY ESTATE AREA 28 TUEN MUN NEW TERRITORIES",
				"NAME_TC" : "香港路德會增城兆霖學校",
				"ADDRESS_TC" : "新界屯門第28區蝴蝶邨第3期屋邨小學第五校舍",
				"SEARCH01_EN" : "CO-ED",
				"SEARCH01_TC" : "男女",
				"SEARCH02_EN" : "WHOLE DAY",
				"SEARCH02_TC" : "全日",
				"SEARCH03_EN" : "TUEN MUN",
				"SEARCH03_TC" : "屯門區",
				"SEARCH04_EN" : "PRIMARY",
				"SEARCH04_TC" : "小學",
				"SEARCH05_EN" : "AIDED",
				"SEARCH05_TC" : "資助",
				"NSEARCH01_EN" : "PROTESTANTISM / CHRISTIANITY",
				"NSEARCH01_TC" : "基督教",
				"NSEARCH02_EN" : "24665885",
				"NSEARCH02_TC" : "24665885",
				"NSEARCH03_EN" : "24643082",
				"NSEARCH03_TC" : "24643082",
				"NSEARCH04_EN" : "http://www.siuleunsch.edu.hk",
				"NSEARCH04_TC" : "http://www.siuleunsch.edu.hk",
				"NSEARCH05_EN" : "114960000123",
				"NSEARCH05_TC" : "114960000123",
				"NORTHING" : 826271,
				"EASTING" : 814082,
				"LATITUDE" : 22.37548979,
				"LONGITUDE" : 113.96145193,
				"LASTUPDATE" : "20231124121837"
			}
		},
		{
			"type" : "Feature",
			"geometry" : {
				"type" : "Point",
				"coordinates" : [ 113.962856155, 22.3779121131 ]
			},
			"properties" : {
				"OBJECTID" : 308,
				"DATASET_EN" : "Aided Primary Schools",
				"DATASET_TC" : "資助小學",
				"NAME_EN" : "FIVE DISTRICTS BUSINESS WELFARE ASSOCIATION CHOW CHIN YAU SCHOOL",
				"ADDRESS_EN" : "SIU SHAN COURT, BUTTERFLY ESTATE, TUEN MUN, NEW TERRITORIES",
				"NAME_TC" : "五邑鄒振猷學校",
				"ADDRESS_TC" : "新界屯門蝴蝶邨兆山苑",
				"SEARCH01_EN" : "CO-ED",
				"SEARCH01_TC" : "男女",
				"SEARCH02_EN" : "WHOLE DAY",
				"SEARCH02_TC" : "全日",
				"SEARCH03_EN" : "TUEN MUN",
				"SEARCH03_TC" : "屯門區",
				"SEARCH04_EN" : "PRIMARY",
				"SEARCH04_TC" : "小學",
				"SEARCH05_EN" : "AIDED",
				"SEARCH05_TC" : "資助",
				"NSEARCH01_EN" : "NOT APPLICABLE",
				"NSEARCH01_TC" : "不適用",
				"NSEARCH02_EN" : "24671882",
				"NSEARCH02_TC" : "24671882",
				"NSEARCH03_EN" : "24642977",
				"NSEARCH03_TC" : "24642977",
				"NSEARCH04_EN" : "http://www.fdccys.edu.hk",
				"NSEARCH04_TC" : "http://www.fdccys.edu.hk",
				"NSEARCH05_EN" : "114944000123",
				"NSEARCH05_TC" : "114944000123",
				"NORTHING" : 826539,
				"EASTING" : 814227,
				"LATITUDE" : 22.37791182,
				"LONGITUDE" : 113.96285615,
				"LASTUPDATE" : "20231124121837"
			}
		},
		{
			"type" : "Feature",
			"geometry" : {
				"type" : "Point",
				"coordinates" : [ 114.1046311789, 22.3791753325 ]
			},
			"properties" : {
				"OBJECTID" : 309,
				"DATASET_EN" : "Aided Primary Schools",
				"DATASET_TC" : "資助小學",
				"NAME_EN" : "THE CHURCH OF CHRIST IN CHINA KEI WAI PRIMARY SCHOOL",
				"ADDRESS_EN" : "167-185 TSUEN KING CIRCUIT TSUEN WAN NEW TERRITORIES",
				"NAME_TC" : "中華基督教會基慧小學",
				"ADDRESS_TC" : "新界荃灣荃景圍167-185號",
				"SEARCH01_EN" : "CO-ED",
				"SEARCH01_TC" : "男女",
				"SEARCH02_EN" : "WHOLE DAY",
				"SEARCH02_TC" : "全日",
				"SEARCH03_EN" : "TSUEN WAN",
				"SEARCH03_TC" : "荃灣區",
				"SEARCH04_EN" : "PRIMARY",
				"SEARCH04_TC" : "小學",
				"SEARCH05_EN" : "AIDED",
				"SEARCH05_TC" : "資助",
				"NSEARCH01_EN" : "PROTESTANTISM / CHRISTIANITY",
				"NSEARCH01_TC" : "基督教",
				"NSEARCH02_EN" : "24980383",
				"NSEARCH02_TC" : "24980383",
				"NSEARCH03_EN" : "24158656",
				"NSEARCH03_TC" : "24158656",
				"NSEARCH04_EN" : "http://www.kws.edu.hk",
				"NSEARCH04_TC" : "http://www.kws.edu.hk",
				"NSEARCH05_EN" : "114790000123",
				"NSEARCH05_TC" : "114790000123",
				"NORTHING" : 826665,
				"EASTING" : 828828,
				"LATITUDE" : 22.37917504,
				"LONGITUDE" : 114.10463117,
				"LASTUPDATE" : "20231124121836"
			}
		},
		{
			"type" : "Feature",
			"geometry" : {
				"type" : "Point",
				"coordinates" : [ 114.142674699, 22.5009545455 ]
			},
			"properties" : {
				"OBJECTID" : 310,
				"DATASET_EN" : "Aided Primary Schools",
				"DATASET_TC" : "資助小學",
				"NAME_EN" : "ALLIANCE PRIMARY SCHOOL, SHEUNG SHUI",
				"ADDRESS_EN" : "2 WO MUK ROAD AREA 18 FANLING NEW TERRITORIES",
				"NAME_TC" : "上水宣道小學",
				"ADDRESS_TC" : "新界粉嶺第18區和睦路2號",
				"SEARCH01_EN" : "CO-ED",
				"SEARCH01_TC" : "男女",
				"SEARCH02_EN" : "WHOLE DAY",
				"SEARCH02_TC" : "全日",
				"SEARCH03_EN" : "NORTH",
				"SEARCH03_TC" : "北區",
				"SEARCH04_EN" : "PRIMARY",
				"SEARCH04_TC" : "小學",
				"SEARCH05_EN" : "AIDED",
				"SEARCH05_TC" : "資助",
				"NSEARCH01_EN" : "PROTESTANTISM / CHRISTIANITY",
				"NSEARCH01_TC" : "基督教",
				"NSEARCH02_EN" : "26702257",
				"NSEARCH02_TC" : "26702257",
				"NSEARCH03_EN" : "26685357",
				"NSEARCH03_TC" : "26685357",
				"NSEARCH04_EN" : "http://www.apsss.edu.hk",
				"NSEARCH04_TC" : "http://www.apsss.edu.hk",
				"NSEARCH05_EN" : "113409000223",
				"NSEARCH05_TC" : "113409000223",
				"NORTHING" : 840149,
				"EASTING" : 832749,
				"LATITUDE" : 22.50095425,
				"LONGITUDE" : 114.14267469,
				"LASTUPDATE" : "20231124121836"
			}
		},
		{
			"type" : "Feature",
			"geometry" : {
				"type" : "Point",
				"coordinates" : [ 114.193790196, 22.3858460503 ]
			},
			"properties" : {
				"OBJECTID" : 311,
				"DATASET_EN" : "Aided Primary Schools",
				"DATASET_TC" : "資助小學",
				"NAME_EN" : "THE LITTLE FLOWER'S CATHOLIC PRIMARY SCHOOL",
				"ADDRESS_EN" : "ESTATE SCHOOL NO. 1, WO CHE ESTATE PHASE 1, SHATIN, NEW TERRITORIES",
				"NAME_TC" : "天主教聖華學校",
				"ADDRESS_TC" : "新界沙田禾輋邨第一期第一號校舍",
				"SEARCH01_EN" : "CO-ED",
				"SEARCH01_TC" : "男女",
				"SEARCH02_EN" : "WHOLE DAY",
				"SEARCH02_TC" : "全日",
				"SEARCH03_EN" : "SHA TIN",
				"SEARCH03_TC" : "沙田區",
				"SEARCH04_EN" : "PRIMARY",
				"SEARCH04_TC" : "小學",
				"SEARCH05_EN" : "AIDED",
				"SEARCH05_TC" : "資助",
				"NSEARCH01_EN" : "CATHOLICISM",
				"NSEARCH01_TC" : "天主教",
				"NSEARCH02_EN" : "26924593",
				"NSEARCH02_TC" : "26924593",
				"NSEARCH03_EN" : "26057950",
				"NSEARCH03_TC" : "26057950",
				"NSEARCH04_EN" : "http://www.littleflowerschool.edu.hk",
				"NSEARCH04_TC" : "http://www.littleflowerschool.edu.hk",
				"NSEARCH05_EN" : "114561000123",
				"NSEARCH05_TC" : "114561000123",
				"NORTHING" : 827402,
				"EASTING" : 838010,
				"LATITUDE" : 22.38584576,
				"LONGITUDE" : 114.19379019,
				"LASTUPDATE" : "20231124121836"
			}
		},
		{
			"type" : "Feature",
			"geometry" : {
				"type" : "Point",
				"coordinates" : [ 114.1349962719, 22.5034270608 ]
			},
			"properties" : {
				"OBJECTID" : 312,
				"DATASET_EN" : "Aided Primary Schools",
				"DATASET_TC" : "資助小學",
				"NAME_EN" : "WAI CHOW PUBLIC SCHOOL (SHEUNG SHUI)",
				"ADDRESS_EN" : "51 TIN PING ROAD, SHEUNG SHUI, NEW TERRITORIES",
				"NAME_TC" : "上水惠州公立學校",
				"ADDRESS_TC" : "新界上水天平路51號",
				"SEARCH01_EN" : "CO-ED",
				"SEARCH01_TC" : "男女",
				"SEARCH02_EN" : "WHOLE DAY",
				"SEARCH02_TC" : "全日",
				"SEARCH03_EN" : "NORTH",
				"SEARCH03_TC" : "北區",
				"SEARCH04_EN" : "PRIMARY",
				"SEARCH04_TC" : "小學",
				"SEARCH05_EN" : "AIDED",
				"SEARCH05_TC" : "資助",
				"NSEARCH01_EN" : "NOT APPLICABLE",
				"NSEARCH01_TC" : "不適用",
				"NSEARCH02_EN" : "26731183",
				"NSEARCH02_TC" : "26731183",
				"NSEARCH03_EN" : "26685875",
				"NSEARCH03_TC" : "26685875",
				"NSEARCH04_EN" : "http://www.waichow.edu.hk",
				"NSEARCH04_TC" : "http://www.waichow.edu.hk",
				"NSEARCH05_EN" : "114979000223",
				"NSEARCH05_TC" : "114979000223",
				"NORTHING" : 840423,
				"EASTING" : 831959,
				"LATITUDE" : 22.50342676,
				"LONGITUDE" : 114.13499627,
				"LASTUPDATE" : "20231124121836"
			}
		},
		{
			"type" : "Feature",
			"geometry" : {
				"type" : "Point",
				"coordinates" : [ 114.1282043192, 22.4992531135 ]
			},
			"properties" : {
				"OBJECTID" : 313,
				"DATASET_EN" : "Aided Primary Schools",
				"DATASET_TC" : "資助小學",
				"NAME_EN" : "HHCKLA BUDDHIST CHAN SHI WAN PRIMARY SCHOOL",
				"ADDRESS_EN" : "ESTATE PRIMARY SCHOOL, CHOI YUEN ESTATE, SHEK WU HU, AREA 27A, NEW TERRITORIES",
				"NAME_TC" : "香海正覺蓮社佛教陳式宏學校",
				"ADDRESS_TC" : "新界上水彩園邨",
				"SEARCH01_EN" : "CO-ED",
				"SEARCH01_TC" : "男女",
				"SEARCH02_EN" : "WHOLE DAY",
				"SEARCH02_TC" : "全日",
				"SEARCH03_EN" : "NORTH",
				"SEARCH03_TC" : "北區",
				"SEARCH04_EN" : "PRIMARY",
				"SEARCH04_TC" : "小學",
				"SEARCH05_EN" : "AIDED",
				"SEARCH05_TC" : "資助",
				"NSEARCH01_EN" : "BUDDHISM",
				"NSEARCH01_TC" : "佛教",
				"NSEARCH02_EN" : "26716665",
				"NSEARCH02_TC" : "26716665",
				"NSEARCH03_EN" : "26685352",
				"NSEARCH03_TC" : "26685352",
				"NSEARCH04_EN" : "http://www.bcsw.edu.hk",
				"NSEARCH04_TC" : "http://www.bcsw.edu.hk",
				"NSEARCH05_EN" : "114804000123",
				"NSEARCH05_TC" : "114804000123",
				"NORTHING" : 839961,
				"EASTING" : 831260,
				"LATITUDE" : 22.49925282,
				"LONGITUDE" : 114.12820432,
				"LASTUPDATE" : "20231124121836"
			}
		},
		{
			"type" : "Feature",
			"geometry" : {
				"type" : "Point",
				"coordinates" : [ 114.1303868963, 22.3655577011 ]
			},
			"properties" : {
				"OBJECTID" : 314,
				"DATASET_EN" : "Aided Primary Schools",
				"DATASET_TC" : "資助小學",
				"NAME_EN" : "S.K.H. YAN LAAP PRIMARY SCHOOL",
				"ADDRESS_EN" : "399 KWAI SHING CIRCUIT KWAI CHUNG NEW TERRITORIES",
				"NAME_TC" : "聖公會仁立小學",
				"ADDRESS_TC" : "新界葵涌葵盛圍399號",
				"SEARCH01_EN" : "CO-ED",
				"SEARCH01_TC" : "男女",
				"SEARCH02_EN" : "WHOLE DAY",
				"SEARCH02_TC" : "全日",
				"SEARCH03_EN" : "KWAI TSING",
				"SEARCH03_TC" : "葵青區",
				"SEARCH04_EN" : "PRIMARY",
				"SEARCH04_TC" : "小學",
				"SEARCH05_EN" : "AIDED",
				"SEARCH05_TC" : "資助",
				"NSEARCH01_EN" : "PROTESTANTISM / CHRISTIANITY",
				"NSEARCH01_TC" : "基督教",
				"NSEARCH02_EN" : "24207986",
				"NSEARCH02_TC" : "24207986",
				"NSEARCH03_EN" : "24940469",
				"NSEARCH03_TC" : "24940469",
				"NSEARCH04_EN" : "http://www.yanlaap.edu.hk",
				"NSEARCH04_TC" : "http://www.yanlaap.edu.hk",
				"NSEARCH05_EN" : "113972000123",
				"NSEARCH05_TC" : "113972000123",
				"NORTHING" : 825156,
				"EASTING" : 831480,
				"LATITUDE" : 22.36555741,
				"LONGITUDE" : 114.13038689,
				"LASTUPDATE" : "20231124121835"
			}
		},
		{
			"type" : "Feature",
			"geometry" : {
				"type" : "Point",
				"coordinates" : [ 114.1341885607, 22.3797637762 ]
			},
			"properties" : {
				"OBJECTID" : 315,
				"DATASET_EN" : "Aided Primary Schools",
				"DATASET_TC" : "資助小學",
				"NAME_EN" : "HO SHUN PRIMARY SCHOOL (SPONSORED BY THE SIK SIK YUEN)",
				"ADDRESS_EN" : "ESTATE SCHOOL NO. 3 LEI MUK SHUE ESTATE NEW TERRITORIES",
				"NAME_TC" : "嗇色園主辦可信學校",
				"ADDRESS_TC" : "新界梨木樹邨屋邨第3校舍",
				"SEARCH01_EN" : "CO-ED",
				"SEARCH01_TC" : "男女",
				"SEARCH02_EN" : "WHOLE DAY",
				"SEARCH02_TC" : "全日",
				"SEARCH03_EN" : "TSUEN WAN",
				"SEARCH03_TC" : "荃灣區",
				"SEARCH04_EN" : "PRIMARY",
				"SEARCH04_TC" : "小學",
				"SEARCH05_EN" : "AIDED",
				"SEARCH05_TC" : "資助",
				"NSEARCH01_EN" : "CONFUCIANISM,BUDDHISM & TAOISM",
				"NSEARCH01_TC" : "儒釋道三教",
				"NSEARCH02_EN" : "24248861",
				"NSEARCH02_TC" : "24248861",
				"NSEARCH03_EN" : "24289296",
				"NSEARCH03_TC" : "24289296",
				"NSEARCH04_EN" : "http://www.hoshun.edu.hk",
				"NSEARCH04_TC" : "http://www.hoshun.edu.hk",
				"NSEARCH05_EN" : "114430000123",
				"NSEARCH05_TC" : "114430000123",
				"NORTHING" : 826729,
				"EASTING" : 831872,
				"LATITUDE" : 22.37976348,
				"LONGITUDE" : 114.13418856,
				"LASTUPDATE" : "20231124121835"
			}
		},
		{
			"type" : "Feature",
			"geometry" : {
				"type" : "Point",
				"coordinates" : [ 114.1221985394, 22.3746127712 ]
			},
			"properties" : {
				"OBJECTID" : 316,
				"DATASET_EN" : "Aided Primary Schools",
				"DATASET_TC" : "資助小學",
				"NAME_EN" : "HONG KONG TAOIST ASSOCIATION THE YUEN YUEN INSTITUTE SHEK WAI KOK PRIMARY SCHOOL",
				"ADDRESS_EN" : "ESTATE PRIMARY SCHOOL NO 2 AND ANNEX BUILDING SHEK WAI KOK ESTATE TSUEN WAN NEW TERRITORIES",
				"NAME_TC" : "香港道教聯合會圓玄學院石圍角小學",
				"ADDRESS_TC" : "新界荃灣石圍角邨第二小學",
				"SEARCH01_EN" : "CO-ED",
				"SEARCH01_TC" : "男女",
				"SEARCH02_EN" : "WHOLE DAY",
				"SEARCH02_TC" : "全日",
				"SEARCH03_EN" : "TSUEN WAN",
				"SEARCH03_TC" : "荃灣區",
				"SEARCH04_EN" : "PRIMARY",
				"SEARCH04_TC" : "小學",
				"SEARCH05_EN" : "AIDED",
				"SEARCH05_TC" : "資助",
				"NSEARCH01_EN" : "TAOISM",
				"NSEARCH01_TC" : "道教",
				"NSEARCH02_EN" : "24165447",
				"NSEARCH02_TC" : "24165447",
				"NSEARCH03_EN" : "24920024",
				"NSEARCH03_TC" : "24920024",
				"NSEARCH04_EN" : "http://www.swk.edu.hk",
				"NSEARCH04_TC" : "http://www.swk.edu.hk",
				"NSEARCH05_EN" : "114774000123",
				"NSEARCH05_TC" : "114774000123",
				"NORTHING" : 826159,
				"EASTING" : 830637,
				"LATITUDE" : 22.37461248,
				"LONGITUDE" : 114.12219854,
				"LASTUPDATE" : "20231124121835"
			}
		},
		{
			"type" : "Feature",
			"geometry" : {
				"type" : "Point",
				"coordinates" : [ 114.2061592517, 22.3288976228 ]
			},
			"properties" : {
				"OBJECTID" : 317,
				"DATASET_EN" : "Aided Primary Schools",
				"DATASET_TC" : "資助小學",
				"NAME_EN" : "S.K.H. KOWLOON BAY KEI LOK PRIMARY SCHOOL",
				"ADDRESS_EN" : "6 KAI YAN STREET KOWLOON BAY KOWLOON",
				"NAME_TC" : "聖公會九龍灣基樂小學",
				"ADDRESS_TC" : "九龍九龍灣啓仁街六號",
				"SEARCH01_EN" : "CO-ED",
				"SEARCH01_TC" : "男女",
				"SEARCH02_EN" : "WHOLE DAY",
				"SEARCH02_TC" : "全日",
				"SEARCH03_EN" : "KWUN TONG",
				"SEARCH03_TC" : "觀塘區",
				"SEARCH04_EN" : "PRIMARY",
				"SEARCH04_TC" : "小學",
				"SEARCH05_EN" : "AIDED",
				"SEARCH05_TC" : "資助",
				"NSEARCH01_EN" : "PROTESTANTISM / CHRISTIANITY",
				"NSEARCH01_TC" : "基督教",
				"NSEARCH02_EN" : "27969393",
				"NSEARCH02_TC" : "27969393",
				"NSEARCH03_EN" : "27963777",
				"NSEARCH03_TC" : "27963777",
				"NSEARCH04_EN" : "http://www.kbkeilok.edu.hk",
				"NSEARCH04_TC" : "http://www.kbkeilok.edu.hk",
				"NSEARCH05_EN" : "550396000123",
				"NSEARCH05_TC" : "550396000123",
				"NORTHING" : 821096,
				"EASTING" : 839285,
				"LATITUDE" : 22.32889733,
				"LONGITUDE" : 114.20615925,
				"LASTUPDATE" : "20231124121834"
			}
		},
		{
			"type" : "Feature",
			"geometry" : {
				"type" : "Point",
				"coordinates" : [ 113.9772120383, 22.3883426082 ]
			},
			"properties" : {
				"OBJECTID" : 318,
				"DATASET_EN" : "Aided Primary Schools",
				"DATASET_TC" : "資助小學",
				"NAME_EN" : "TUNG WAH GROUP OF HOSPITALS TANG SHIU KIN PRIMARY SCHOOL",
				"ADDRESS_EN" : "ON TING ESTATE, TUEN MUN, NEW TERRITORIES",
				"NAME_TC" : "東華三院鄧肇堅小學",
				"ADDRESS_TC" : "新界屯門安定邨",
				"SEARCH01_EN" : "CO-ED",
				"SEARCH01_TC" : "男女",
				"SEARCH02_EN" : "WHOLE DAY",
				"SEARCH02_TC" : "全日",
				"SEARCH03_EN" : "TUEN MUN",
				"SEARCH03_TC" : "屯門區",
				"SEARCH04_EN" : "PRIMARY",
				"SEARCH04_TC" : "小學",
				"SEARCH05_EN" : "AIDED",
				"SEARCH05_TC" : "資助",
				"NSEARCH01_EN" : "NOT APPLICABLE",
				"NSEARCH01_TC" : "不適用",
				"NSEARCH02_EN" : "24030311",
				"NSEARCH02_TC" : "24030311",
				"NSEARCH03_EN" : "24597235",
				"NSEARCH03_TC" : "24597235",
				"NSEARCH04_EN" : "http://www.twghtskp.edu.hk",
				"NSEARCH04_TC" : "http://www.twghtskp.edu.hk",
				"NSEARCH05_EN" : "114715000123",
				"NSEARCH05_TC" : "114715000123",
				"NORTHING" : 827692,
				"EASTING" : 815707,
				"LATITUDE" : 22.38834231,
				"LONGITUDE" : 113.97721203,
				"LASTUPDATE" : "20231124121834"
			}
		},
		{
			"type" : "Feature",
			"geometry" : {
				"type" : "Point",
				"coordinates" : [ 114.1967447138, 22.3351572449 ]
			},
			"properties" : {
				"OBJECTID" : 319,
				"DATASET_EN" : "Aided Primary Schools",
				"DATASET_TC" : "資助小學",
				"NAME_EN" : "PO LEUNG KUK MRS. CHAN NAM CHONG MEMORIAL PRIMARY SCHOOL",
				"ADDRESS_EN" : "30 HONG KEUNG STREET, SAN PO KONG, KOWLOON",
				"NAME_TC" : "保良局陳南昌夫人小學",
				"ADDRESS_TC" : "九龍新蒲崗康強街30號",
				"SEARCH01_EN" : "CO-ED",
				"SEARCH01_TC" : "男女",
				"SEARCH02_EN" : "WHOLE DAY",
				"SEARCH02_TC" : "全日",
				"SEARCH03_EN" : "WONG TAI SIN",
				"SEARCH03_TC" : "黃大仙區",
				"SEARCH04_EN" : "PRIMARY",
				"SEARCH04_TC" : "小學",
				"SEARCH05_EN" : "AIDED",
				"SEARCH05_TC" : "資助",
				"NSEARCH01_EN" : "NOT APPLICABLE",
				"NSEARCH01_TC" : "不適用",
				"NSEARCH02_EN" : "27599365",
				"NSEARCH02_TC" : "27599365",
				"NSEARCH03_EN" : "27999830",
				"NSEARCH03_TC" : "27999830",
				"NSEARCH04_EN" : "https://www.plkcnc.edu.hk/index/index25.aspx?nnnid=1",
				"NSEARCH04_TC" : "https://www.plkcnc.edu.hk/index/index25.aspx?nnnid=1",
				"NSEARCH05_EN" : "510181000223",
				"NSEARCH05_TC" : "510181000223",
				"NORTHING" : 821789,
				"EASTING" : 838315,
				"LATITUDE" : 22.33515695,
				"LONGITUDE" : 114.19674471,
				"LASTUPDATE" : "20231124121834"
			}
		},
		{
			"type" : "Feature",
			"geometry" : {
				"type" : "Point",
				"coordinates" : [ 113.9641202194, 22.3767488472 ]
			},
			"properties" : {
				"OBJECTID" : 320,
				"DATASET_EN" : "Aided Primary Schools",
				"DATASET_TC" : "資助小學",
				"NAME_EN" : "PO LEUNG KUK LEUNG CHOW SHUN KAM PRIMARY SCHOOL",
				"ADDRESS_EN" : "WU KING ESTATE TUEN MUN NEW TERRITORIES",
				"NAME_TC" : "保良局梁周順琴小學",
				"ADDRESS_TC" : "新界屯門湖景邨",
				"SEARCH01_EN" : "CO-ED",
				"SEARCH01_TC" : "男女",
				"SEARCH02_EN" : "WHOLE DAY",
				"SEARCH02_TC" : "全日",
				"SEARCH03_EN" : "TUEN MUN",
				"SEARCH03_TC" : "屯門區",
				"SEARCH04_EN" : "PRIMARY",
				"SEARCH04_TC" : "小學",
				"SEARCH05_EN" : "AIDED",
				"SEARCH05_TC" : "資助",
				"NSEARCH01_EN" : "NOT APPLICABLE",
				"NSEARCH01_TC" : "不適用",
				"NSEARCH02_EN" : "24678107",
				"NSEARCH02_TC" : "24678107",
				"NSEARCH03_EN" : "24633321",
				"NSEARCH03_TC" : "24633321",
				"NSEARCH04_EN" : "https://www.plklcsk.edu.hk",
				"NSEARCH04_TC" : "https://www.plklcsk.edu.hk",
				"NSEARCH05_EN" : "114910000123",
				"NSEARCH05_TC" : "114910000123",
				"NORTHING" : 826410,
				"EASTING" : 814357,
				"LATITUDE" : 22.37674855,
				"LONGITUDE" : 113.96412022,
				"LASTUPDATE" : "20231124121834"
			}
		},
		{
			"type" : "Feature",
			"geometry" : {
				"type" : "Point",
				"coordinates" : [ 114.002706696, 22.4474222051 ]
			},
			"properties" : {
				"OBJECTID" : 321,
				"DATASET_EN" : "Aided Primary Schools",
				"DATASET_TC" : "資助小學",
				"NAME_EN" : "QUEEN ELIZABETH SCHOOL OLD STUDENTS' ASSOCIATION BRANCH PRIMARY SCHOOL",
				"ADDRESS_EN" : "AREA 3 PHASE 4 TIN SHUI WAI YUEN LONG NT",
				"NAME_TC" : "伊利沙伯中學舊生會小學分校",
				"ADDRESS_TC" : "新界元朗天水圍三區第四期",
				"SEARCH01_EN" : "CO-ED",
				"SEARCH01_TC" : "男女",
				"SEARCH02_EN" : "WHOLE DAY",
				"SEARCH02_TC" : "全日",
				"SEARCH03_EN" : "YUEN LONG",
				"SEARCH03_TC" : "元朗區",
				"SEARCH04_EN" : "PRIMARY",
				"SEARCH04_TC" : "小學",
				"SEARCH05_EN" : "AIDED",
				"SEARCH05_TC" : "資助",
				"NSEARCH01_EN" : "NOT APPLICABLE",
				"NSEARCH01_TC" : "不適用",
				"NSEARCH02_EN" : "24478686",
				"NSEARCH02_TC" : "24478686",
				"NSEARCH03_EN" : "26174488",
				"NSEARCH03_TC" : "26174488",
				"NSEARCH04_EN" : "https://www.qbps.edu.hk",
				"NSEARCH04_TC" : "https://www.qbps.edu.hk",
				"NSEARCH05_EN" : "529532000123",
				"NSEARCH05_TC" : "529532000123",
				"NORTHING" : 834231,
				"EASTING" : 818340,
				"LATITUDE" : 22.44742191,
				"LONGITUDE" : 114.00270669,
				"LASTUPDATE" : "20231124121833"
			}
		},
		{
			"type" : "Feature",
			"geometry" : {
				"type" : "Point",
				"coordinates" : [ 114.1411632834, 22.4826857163 ]
			},
			"properties" : {
				"OBJECTID" : 322,
				"DATASET_EN" : "Aided Primary Schools",
				"DATASET_TC" : "資助小學",
				"NAME_EN" : "FONG SHU FOOK TONG FOUNDATION FONG SHU CHUEN PRIMARY SCHOOL",
				"ADDRESS_EN" : "WAH MING ESTATE PHASE II FANLING NT",
				"NAME_TC" : "方樹福堂基金方樹泉小學",
				"ADDRESS_TC" : "新界粉嶺華明邨第二期",
				"SEARCH01_EN" : "CO-ED",
				"SEARCH01_TC" : "男女",
				"SEARCH02_EN" : "WHOLE DAY",
				"SEARCH02_TC" : "全日",
				"SEARCH03_EN" : "NORTH",
				"SEARCH03_TC" : "北區",
				"SEARCH04_EN" : "PRIMARY",
				"SEARCH04_TC" : "小學",
				"SEARCH05_EN" : "AIDED",
				"SEARCH05_TC" : "資助",
				"NSEARCH01_EN" : "NOT APPLICABLE",
				"NSEARCH01_TC" : "不適用",
				"NSEARCH02_EN" : "27082211",
				"NSEARCH02_TC" : "27082211",
				"NSEARCH03_EN" : "27082882",
				"NSEARCH03_TC" : "27082882",
				"NSEARCH04_EN" : "http://www.fsc.edu.hk",
				"NSEARCH04_TC" : "http://www.fsc.edu.hk",
				"NSEARCH05_EN" : "115622000123",
				"NSEARCH05_TC" : "115622000123",
				"NORTHING" : 838126,
				"EASTING" : 832593,
				"LATITUDE" : 22.48268542,
				"LONGITUDE" : 114.14116328,
				"LASTUPDATE" : "20231124121833"
			}
		},
		{
			"type" : "Feature",
			"geometry" : {
				"type" : "Point",
				"coordinates" : [ 114.1640921417, 22.3134123098 ]
			},
			"properties" : {
				"OBJECTID" : 323,
				"DATASET_EN" : "Aided Primary Schools",
				"DATASET_TC" : "資助小學",
				"NAME_EN" : "YAUMATI CATHOLIC PRIMARY SCHOOL (HOI WANG ROAD)",
				"ADDRESS_EN" : "10 HOI WANG ROAD YAU MA TEI KOWLOON",
				"NAME_TC" : "油蔴地天主教小學(海泓道)",
				"ADDRESS_TC" : "九龍油麻地海泓道10號",
				"SEARCH01_EN" : "CO-ED",
				"SEARCH01_TC" : "男女",
				"SEARCH02_EN" : "WHOLE DAY",
				"SEARCH02_TC" : "全日",
				"SEARCH03_EN" : "YAU TSIM MONG",
				"SEARCH03_TC" : "油尖旺區",
				"SEARCH04_EN" : "PRIMARY",
				"SEARCH04_TC" : "小學",
				"SEARCH05_EN" : "AIDED",
				"SEARCH05_TC" : "資助",
				"NSEARCH01_EN" : "CATHOLICISM",
				"NSEARCH01_TC" : "天主教",
				"NSEARCH02_EN" : "26250766",
				"NSEARCH02_TC" : "26250766",
				"NSEARCH03_EN" : "26250262",
				"NSEARCH03_TC" : "26250262",
				"NSEARCH04_EN" : "http://www.ycps.edu.hk",
				"NSEARCH04_TC" : "http://www.ycps.edu.hk",
				"NSEARCH05_EN" : "535796000123",
				"NSEARCH05_TC" : "535796000123",
				"NORTHING" : 819381,
				"EASTING" : 834951,
				"LATITUDE" : 22.31341202,
				"LONGITUDE" : 114.16409214,
				"LASTUPDATE" : "20231124121833"
			}
		},
		{
			"type" : "Feature",
			"geometry" : {
				"type" : "Point",
				"coordinates" : [ 114.2050157508, 22.2899127045 ]
			},
			"properties" : {
				"OBJECTID" : 324,
				"DATASET_EN" : "Aided Primary Schools",
				"DATASET_TC" : "資助小學",
				"NAME_EN" : "PUN U ASSOCIATION WAH YAN PRIMARY SCHOOL",
				"ADDRESS_EN" : "2 PAK FUK ROAD, NORTH POINT, HONG KONG",
				"NAME_TC" : "番禺會所華仁小學",
				"ADDRESS_TC" : "香港北角百福道2號",
				"SEARCH01_EN" : "BOYS",
				"SEARCH01_TC" : "男",
				"SEARCH02_EN" : "WHOLE DAY",
				"SEARCH02_TC" : "全日",
				"SEARCH03_EN" : "EASTERN",
				"SEARCH03_TC" : "東區",
				"SEARCH04_EN" : "PRIMARY",
				"SEARCH04_TC" : "小學",
				"SEARCH05_EN" : "AIDED",
				"SEARCH05_TC" : "資助",
				"NSEARCH01_EN" : "CATHOLICISM",
				"NSEARCH01_TC" : "天主教",
				"NSEARCH02_EN" : "25722140",
				"NSEARCH02_TC" : "25722140",
				"NSEARCH03_EN" : "25724970",
				"NSEARCH03_TC" : "25724970",
				"NSEARCH04_EN" : "http://www.puwy.edu.hk",
				"NSEARCH04_TC" : "http://www.puwy.edu.hk",
				"NSEARCH05_EN" : "510920000223",
				"NSEARCH05_TC" : "510920000223",
				"NORTHING" : 816779,
				"EASTING" : 839168,
				"LATITUDE" : 22.28991241,
				"LONGITUDE" : 114.20501575,
				"LASTUPDATE" : "20231124121833"
			}
		},
		{
			"type" : "Feature",
			"geometry" : {
				"type" : "Point",
				"coordinates" : [ 114.1440264026, 22.4974781251 ]
			},
			"properties" : {
				"OBJECTID" : 325,
				"DATASET_EN" : "Aided Primary Schools",
				"DATASET_TC" : "資助小學",
				"NAME_EN" : "PUI LING SCHOOL OF THE PRECIOUS BLOOD",
				"ADDRESS_EN" : "13 ON LOK MUN STREET ON LOK TSUEN FANLING NT",
				"NAME_TC" : "寶血會培靈學校",
				"ADDRESS_TC" : "新界粉嶺安樂村安樂門街13號",
				"SEARCH01_EN" : "CO-ED",
				"SEARCH01_TC" : "男女",
				"SEARCH02_EN" : "WHOLE DAY",
				"SEARCH02_TC" : "全日",
				"SEARCH03_EN" : "NORTH",
				"SEARCH03_TC" : "北區",
				"SEARCH04_EN" : "PRIMARY",
				"SEARCH04_TC" : "小學",
				"SEARCH05_EN" : "AIDED",
				"SEARCH05_TC" : "資助",
				"NSEARCH01_EN" : "CATHOLICISM",
				"NSEARCH01_TC" : "天主教",
				"NSEARCH02_EN" : "26756617",
				"NSEARCH02_TC" : "26756617",
				"NSEARCH03_EN" : "26776207",
				"NSEARCH03_TC" : "26776207",
				"NSEARCH04_EN" : "http://www.plpb.edu.hk",
				"NSEARCH04_TC" : "http://www.plpb.edu.hk",
				"NSEARCH05_EN" : "112992000123",
				"NSEARCH05_TC" : "112992000123",
				"NORTHING" : 839764,
				"EASTING" : 832888,
				"LATITUDE" : 22.49747783,
				"LONGITUDE" : 114.1440264,
				"LASTUPDATE" : "20231124121832"
			}
		},
		{
			"type" : "Feature",
			"geometry" : {
				"type" : "Point",
				"coordinates" : [ 114.1396577148, 22.3709513272 ]
			},
			"properties" : {
				"OBJECTID" : 326,
				"DATASET_EN" : "Aided Primary Schools",
				"DATASET_TC" : "資助小學",
				"NAME_EN" : "S.K.H. CHU OI PRIMARY SCHOOL",
				"ADDRESS_EN" : "45 TUNG CHI STREET SHEK YAM KWAI CHUNG NEW TERRITORIES",
				"NAME_TC" : "聖公會主愛小學",
				"ADDRESS_TC" : "新界葵涌石蔭童子街45號",
				"SEARCH01_EN" : "CO-ED",
				"SEARCH01_TC" : "男女",
				"SEARCH02_EN" : "WHOLE DAY",
				"SEARCH02_TC" : "全日",
				"SEARCH03_EN" : "KWAI TSING",
				"SEARCH03_TC" : "葵青區",
				"SEARCH04_EN" : "PRIMARY",
				"SEARCH04_TC" : "小學",
				"SEARCH05_EN" : "AIDED",
				"SEARCH05_TC" : "資助",
				"NSEARCH01_EN" : "PROTESTANTISM / CHRISTIANITY",
				"NSEARCH01_TC" : "基督教",
				"NSEARCH02_EN" : "24267424",
				"NSEARCH02_TC" : "24267424",
				"NSEARCH03_EN" : "24272233",
				"NSEARCH03_TC" : "24272233",
				"NSEARCH04_EN" : "http://www.chuoi.edu.hk",
				"NSEARCH04_TC" : "http://www.chuoi.edu.hk",
				"NSEARCH05_EN" : "113980000223",
				"NSEARCH05_TC" : "113980000223",
				"NORTHING" : 825753,
				"EASTING" : 832435,
				"LATITUDE" : 22.37095103,
				"LONGITUDE" : 114.13965771,
				"LASTUPDATE" : "20231124121832"
			}
		},
		{
			"type" : "Feature",
			"geometry" : {
				"type" : "Point",
				"coordinates" : [ 113.9671933211, 22.3865238385 ]
			},
			"properties" : {
				"OBJECTID" : 327,
				"DATASET_EN" : "Aided Primary Schools",
				"DATASET_TC" : "資助小學",
				"NAME_EN" : "THE CHURCH OF CHRIST IN CHINA HOH FUK TONG PRIMARY SCHOOL",
				"ADDRESS_EN" : "41 LUNG MUN ROAD TUEN MUN NEW TERRITORIES",
				"NAME_TC" : "中華基督教會何福堂小學",
				"ADDRESS_TC" : "新界屯門龍門路41號",
				"SEARCH01_EN" : "CO-ED",
				"SEARCH01_TC" : "男女",
				"SEARCH02_EN" : "WHOLE DAY",
				"SEARCH02_TC" : "全日",
				"SEARCH03_EN" : "TUEN MUN",
				"SEARCH03_TC" : "屯門區",
				"SEARCH04_EN" : "PRIMARY",
				"SEARCH04_TC" : "小學",
				"SEARCH05_EN" : "AIDED",
				"SEARCH05_TC" : "資助",
				"NSEARCH01_EN" : "PROTESTANTISM / CHRISTIANITY",
				"NSEARCH01_TC" : "基督教",
				"NSEARCH02_EN" : "24597156",
				"NSEARCH02_TC" : "24597156",
				"NSEARCH03_EN" : "24521903",
				"NSEARCH03_TC" : "24521903",
				"NSEARCH04_EN" : "http://www.hft.edu.hk",
				"NSEARCH04_TC" : "http://www.hft.edu.hk",
				"NSEARCH05_EN" : "114200000223",
				"NSEARCH05_TC" : "114200000223",
				"NORTHING" : 827492,
				"EASTING" : 814675,
				"LATITUDE" : 22.38652354,
				"LONGITUDE" : 113.96719332,
				"LASTUPDATE" : "20231124121832"
			}
		},
		{
			"type" : "Feature",
			"geometry" : {
				"type" : "Point",
				"coordinates" : [ 114.2704239873, 22.3828307658 ]
			},
			"properties" : {
				"OBJECTID" : 328,
				"DATASET_EN" : "Aided Primary Schools",
				"DATASET_TC" : "資助小學",
				"NAME_EN" : "SAI KUNG SUNG TSUN CATHOLIC SCHOOL (PRIMARY SECTION)",
				"ADDRESS_EN" : "BLOCKS F & G ANCILLARY BLOCK PO TUNG ROAD SAI KUNG NEW TERRITORIES (DD 221 LOT 1762)",
				"NAME_TC" : "西貢崇真天主教學校(小學部)",
				"ADDRESS_TC" : "新界西貢普通道F座G座及附屬房舍(第221約第1762號地段)",
				"SEARCH01_EN" : "CO-ED",
				"SEARCH01_TC" : "男女",
				"SEARCH02_EN" : "WHOLE DAY",
				"SEARCH02_TC" : "全日",
				"SEARCH03_EN" : "SAI KUNG",
				"SEARCH03_TC" : "西貢區",
				"SEARCH04_EN" : "PRIMARY",
				"SEARCH04_TC" : "小學",
				"SEARCH05_EN" : "AIDED",
				"SEARCH05_TC" : "資助",
				"NSEARCH01_EN" : "CATHOLICISM",
				"NSEARCH01_TC" : "天主教",
				"NSEARCH02_EN" : "27922246",
				"NSEARCH02_TC" : "27922246",
				"NSEARCH03_EN" : "27926448",
				"NSEARCH03_TC" : "27926448",
				"NSEARCH04_EN" : "http://www.stcps.edu.hk",
				"NSEARCH04_TC" : "http://www.stcps.edu.hk",
				"NSEARCH05_EN" : "528986000123",
				"NSEARCH05_TC" : "528986000123",
				"NORTHING" : 827071,
				"EASTING" : 845902,
				"LATITUDE" : 22.38283047,
				"LONGITUDE" : 114.27042398,
				"LASTUPDATE" : "20231124121832"
			}
		},
		{
			"type" : "Feature",
			"geometry" : {
				"type" : "Point",
				"coordinates" : [ 114.2328390025, 22.3194807288 ]
			},
			"properties" : {
				"OBJECTID" : 329,
				"DATASET_EN" : "Aided Primary Schools",
				"DATASET_TC" : "資助小學",
				"NAME_EN" : "SAU MING PRIMARY SCHOOL",
				"ADDRESS_EN" : "5 SAU FUNG STREET SAU MAU PING KWUN TONG KOWLOON",
				"NAME_TC" : "秀明小學",
				"ADDRESS_TC" : "九龍觀塘秀茂坪秀豐街5號",
				"SEARCH01_EN" : "CO-ED",
				"SEARCH01_TC" : "男女",
				"SEARCH02_EN" : "WHOLE DAY",
				"SEARCH02_TC" : "全日",
				"SEARCH03_EN" : "KWUN TONG",
				"SEARCH03_TC" : "觀塘區",
				"SEARCH04_EN" : "PRIMARY",
				"SEARCH04_TC" : "小學",
				"SEARCH05_EN" : "AIDED",
				"SEARCH05_TC" : "資助",
				"NSEARCH01_EN" : "NOT APPLICABLE",
				"NSEARCH01_TC" : "不適用",
				"NSEARCH02_EN" : "23493478",
				"NSEARCH02_TC" : "23493478",
				"NSEARCH03_EN" : "23796807",
				"NSEARCH03_TC" : "23796807",
				"NSEARCH04_EN" : "http://www.saumingps.edu.hk",
				"NSEARCH04_TC" : "http://www.saumingps.edu.hk",
				"NSEARCH05_EN" : "535664000123",
				"NSEARCH05_TC" : "535664000123",
				"NORTHING" : 820054,
				"EASTING" : 842034,
				"LATITUDE" : 22.31948044,
				"LONGITUDE" : 114.232839,
				"LASTUPDATE" : "20231124121832"
			}
		},
		{
			"type" : "Feature",
			"geometry" : {
				"type" : "Point",
				"coordinates" : [ 114.2071490815, 22.3277595872 ]
			},
			"properties" : {
				"OBJECTID" : 330,
				"DATASET_EN" : "Aided Primary Schools",
				"DATASET_TC" : "資助小學",
				"NAME_EN" : "BUDDHIST CHI KING PRIMARY SCHOOL",
				"ADDRESS_EN" : "12 KAI LAI ROAD KOWLOON BAY KOWLOON",
				"NAME_TC" : "佛教慈敬學校",
				"ADDRESS_TC" : "九龍九龍灣啓禮道12號",
				"SEARCH01_EN" : "CO-ED",
				"SEARCH01_TC" : "男女",
				"SEARCH02_EN" : "WHOLE DAY",
				"SEARCH02_TC" : "全日",
				"SEARCH03_EN" : "KWUN TONG",
				"SEARCH03_TC" : "觀塘區",
				"SEARCH04_EN" : "PRIMARY",
				"SEARCH04_TC" : "小學",
				"SEARCH05_EN" : "AIDED",
				"SEARCH05_TC" : "資助",
				"NSEARCH01_EN" : "BUDDHISM",
				"NSEARCH01_TC" : "佛教",
				"NSEARCH02_EN" : "27597722",
				"NSEARCH02_TC" : "27597722",
				"NSEARCH03_EN" : "27507448",
				"NSEARCH03_TC" : "27507448",
				"NSEARCH04_EN" : "http://www.bckps.edu.hk",
				"NSEARCH04_TC" : "http://www.bckps.edu.hk",
				"NSEARCH05_EN" : "511242000223",
				"NSEARCH05_TC" : "511242000223",
				"NORTHING" : 820970,
				"EASTING" : 839387,
				"LATITUDE" : 22.32775929,
				"LONGITUDE" : 114.20714908,
				"LASTUPDATE" : "20231124121831"
			}
		},
		{
			"type" : "Feature",
			"geometry" : {
				"type" : "Point",
				"coordinates" : [ 114.1900846992, 22.3351407684 ]
			},
			"properties" : {
				"OBJECTID" : 331,
				"DATASET_EN" : "Aided Primary Schools",
				"DATASET_TC" : "資助小學",
				"NAME_EN" : "BISHOP FORD MEMORIAL SCHOOL",
				"ADDRESS_EN" : "20 PUI MAN STREET TUNG TAU TSUEN KOWLOON",
				"NAME_TC" : "福德學校",
				"ADDRESS_TC" : "九龍東頭村培民街20號",
				"SEARCH01_EN" : "CO-ED",
				"SEARCH01_TC" : "男女",
				"SEARCH02_EN" : "WHOLE DAY",
				"SEARCH02_TC" : "全日",
				"SEARCH03_EN" : "WONG TAI SIN",
				"SEARCH03_TC" : "黃大仙區",
				"SEARCH04_EN" : "PRIMARY",
				"SEARCH04_TC" : "小學",
				"SEARCH05_EN" : "AIDED",
				"SEARCH05_TC" : "資助",
				"NSEARCH01_EN" : "CATHOLICISM",
				"NSEARCH01_TC" : "天主教",
				"NSEARCH02_EN" : "23360206",
				"NSEARCH02_TC" : "23360206",
				"NSEARCH03_EN" : "23368325",
				"NSEARCH03_TC" : "23368325",
				"NSEARCH04_EN" : "http://www.bfordms.edu.hk",
				"NSEARCH04_TC" : "http://www.bfordms.edu.hk",
				"NSEARCH05_EN" : "511196000123",
				"NSEARCH05_TC" : "511196000123",
				"NORTHING" : 821787.1,
				"EASTING" : 837628.9,
				"LATITUDE" : 22.33514048,
				"LONGITUDE" : 114.1900847,
				"LASTUPDATE" : "20231124121831"
			}
		},
		{
			"type" : "Feature",
			"geometry" : {
				"type" : "Point",
				"coordinates" : [ 114.2148539506, 22.2840498195 ]
			},
			"properties" : {
				"OBJECTID" : 332,
				"DATASET_EN" : "Aided Primary Schools",
				"DATASET_TC" : "資助小學",
				"NAME_EN" : "TAIKOO PRIMARY SCHOOL",
				"ADDRESS_EN" : "1100 KING'S ROAD HONG KONG",
				"NAME_TC" : "太古小學",
				"ADDRESS_TC" : "香港英皇道1100號",
				"SEARCH01_EN" : "CO-ED",
				"SEARCH01_TC" : "男女",
				"SEARCH02_EN" : "WHOLE DAY",
				"SEARCH02_TC" : "全日",
				"SEARCH03_EN" : "EASTERN",
				"SEARCH03_TC" : "東區",
				"SEARCH04_EN" : "PRIMARY",
				"SEARCH04_TC" : "小學",
				"SEARCH05_EN" : "AIDED",
				"SEARCH05_TC" : "資助",
				"NSEARCH01_EN" : "NOT APPLICABLE",
				"NSEARCH01_TC" : "不適用",
				"NSEARCH02_EN" : "25615555",
				"NSEARCH02_TC" : "25615555",
				"NSEARCH03_EN" : "28563550",
				"NSEARCH03_TC" : "28563550",
				"NSEARCH04_EN" : "http://www.tps.edu.hk",
				"NSEARCH04_TC" : "http://www.tps.edu.hk",
				"NSEARCH05_EN" : "514446000223",
				"NSEARCH05_TC" : "514446000223",
				"NORTHING" : 816130,
				"EASTING" : 840182,
				"LATITUDE" : 22.28404953,
				"LONGITUDE" : 114.21485395,
				"LASTUPDATE" : "20231124121831"
			}
		},
		{
			"type" : "Feature",
			"geometry" : {
				"type" : "Point",
				"coordinates" : [ 114.1879973156, 22.3183431322 ]
			},
			"properties" : {
				"OBJECTID" : 333,
				"DATASET_EN" : "Aided Primary Schools",
				"DATASET_TC" : "資助小學",
				"NAME_EN" : "ELCHK HUNG HOM LUTHERAN PRIMARY SCHOOL",
				"ADDRESS_EN" : "39 PAU CHUNG STREET KOWLOON",
				"NAME_TC" : "基督教香港信義會紅磡信義學校",
				"ADDRESS_TC" : "九龍炮仗街39號",
				"SEARCH01_EN" : "CO-ED",
				"SEARCH01_TC" : "男女",
				"SEARCH02_EN" : "WHOLE DAY",
				"SEARCH02_TC" : "全日",
				"SEARCH03_EN" : "KOWLOON CITY",
				"SEARCH03_TC" : "九龍城區",
				"SEARCH04_EN" : "PRIMARY",
				"SEARCH04_TC" : "小學",
				"SEARCH05_EN" : "AIDED",
				"SEARCH05_TC" : "資助",
				"NSEARCH01_EN" : "PROTESTANTISM / CHRISTIANITY",
				"NSEARCH01_TC" : "基督教",
				"NSEARCH02_EN" : "27121543",
				"NSEARCH02_TC" : "27121543",
				"NSEARCH03_EN" : "27142476",
				"NSEARCH03_TC" : "27142476",
				"NSEARCH04_EN" : "http://www.hhlps.edu.hk",
				"NSEARCH04_TC" : "http://www.hhlps.edu.hk",
				"NSEARCH05_EN" : "512192000123",
				"NSEARCH05_TC" : "512192000123",
				"NORTHING" : 819927,
				"EASTING" : 837414,
				"LATITUDE" : 22.31834284,
				"LONGITUDE" : 114.18799731,
				"LASTUPDATE" : "20231124121830"
			}
		},
		{
			"type" : "Feature",
			"geometry" : {
				"type" : "Point",
				"coordinates" : [ 114.12986192, 22.2805887469 ]
			},
			"properties" : {
				"OBJECTID" : 334,
				"DATASET_EN" : "Aided Primary Schools",
				"DATASET_TC" : "資助小學",
				"NAME_EN" : "ST CHARLES SCHOOL",
				"ADDRESS_EN" : "25 POKFIELD ROAD KENNEDY TOWN HONG KONG",
				"NAME_TC" : "聖嘉祿學校",
				"ADDRESS_TC" : "香港堅尼地城蒲飛路25號",
				"SEARCH01_EN" : "CO-ED",
				"SEARCH01_TC" : "男女",
				"SEARCH02_EN" : "WHOLE DAY",
				"SEARCH02_TC" : "全日",
				"SEARCH03_EN" : "CENTRAL AND WESTERN",
				"SEARCH03_TC" : "中西區",
				"SEARCH04_EN" : "PRIMARY",
				"SEARCH04_TC" : "小學",
				"SEARCH05_EN" : "AIDED",
				"SEARCH05_TC" : "資助",
				"NSEARCH01_EN" : "CATHOLICISM",
				"NSEARCH01_TC" : "天主教",
				"NSEARCH02_EN" : "28173325",
				"NSEARCH02_TC" : "28173325",
				"NSEARCH03_EN" : "28177813",
				"NSEARCH03_TC" : "28177813",
				"NSEARCH04_EN" : "http://www.stcharles.edu.hk",
				"NSEARCH04_TC" : "http://www.stcharles.edu.hk",
				"NSEARCH05_EN" : "132853000123",
				"NSEARCH05_TC" : "132853000123",
				"NORTHING" : 815747,
				"EASTING" : 831423,
				"LATITUDE" : 22.28058845,
				"LONGITUDE" : 114.12986192,
				"LASTUPDATE" : "20231124121830"
			}
		},
		{
			"type" : "Feature",
			"geometry" : {
				"type" : "Point",
				"coordinates" : [ 114.1940172981, 22.3373429564 ]
			},
			"properties" : {
				"OBJECTID" : 335,
				"DATASET_EN" : "Aided Primary Schools",
				"DATASET_TC" : "資助小學",
				"NAME_EN" : "CONFUCIAN TAI SHING PRIMARY SCHOOL",
				"ADDRESS_EN" : "10 TAI SHING STREET WONG TAI SIN KOWLOON",
				"NAME_TC" : "孔教學院大成小學",
				"ADDRESS_TC" : "九龍黃大仙大成街10號",
				"SEARCH01_EN" : "CO-ED",
				"SEARCH01_TC" : "男女",
				"SEARCH02_EN" : "WHOLE DAY",
				"SEARCH02_TC" : "全日",
				"SEARCH03_EN" : "WONG TAI SIN",
				"SEARCH03_TC" : "黃大仙區",
				"SEARCH04_EN" : "PRIMARY",
				"SEARCH04_TC" : "小學",
				"SEARCH05_EN" : "AIDED",
				"SEARCH05_TC" : "資助",
				"NSEARCH01_EN" : "CONFUCIANISM",
				"NSEARCH01_TC" : "孔教",
				"NSEARCH02_EN" : "23203301",
				"NSEARCH02_TC" : "23203301",
				"NSEARCH03_EN" : "23202943",
				"NSEARCH03_TC" : "23202943",
				"NSEARCH04_EN" : "http://www.taishingprimary.edu.hk",
				"NSEARCH04_TC" : "http://www.taishingprimary.edu.hk",
				"NSEARCH05_EN" : "511676000123",
				"NSEARCH05_TC" : "511676000123",
				"NORTHING" : 822031,
				"EASTING" : 838034,
				"LATITUDE" : 22.33734266,
				"LONGITUDE" : 114.19401729,
				"LASTUPDATE" : "20231124121830"
			}
		},
		{
			"type" : "Feature",
			"geometry" : {
				"type" : "Point",
				"coordinates" : [ 114.1322954897, 22.5002024876 ]
			},
			"properties" : {
				"OBJECTID" : 336,
				"DATASET_EN" : "Aided Primary Schools",
				"DATASET_TC" : "資助小學",
				"NAME_EN" : "TUNG WAH GROUP OF HOSPITALS HONG KONG & KOWLOON ELECTRICAL APPLIANCES MERCHANTS ASSOCIATION LTD. SCHOOL",
				"ADDRESS_EN" : "STANDARD PRIMARY SCHOOL, 2 CHI CHEONG ROAD, SHEUNG SHUI, NEW TERRITORIES",
				"NAME_TC" : "東華三院港九電器商聯會小學",
				"ADDRESS_TC" : "新界上水智昌路2號標準小學校舍",
				"SEARCH01_EN" : "CO-ED",
				"SEARCH01_TC" : "男女",
				"SEARCH02_EN" : "WHOLE DAY",
				"SEARCH02_TC" : "全日",
				"SEARCH03_EN" : "NORTH",
				"SEARCH03_TC" : "北區",
				"SEARCH04_EN" : "PRIMARY",
				"SEARCH04_TC" : "小學",
				"SEARCH05_EN" : "AIDED",
				"SEARCH05_TC" : "資助",
				"NSEARCH01_EN" : "NOT APPLICABLE",
				"NSEARCH01_TC" : "不適用",
				"NSEARCH02_EN" : "26723285",
				"NSEARCH02_TC" : "26723285",
				"NSEARCH03_EN" : "26737741",
				"NSEARCH03_TC" : "26737741",
				"NSEARCH04_EN" : "http://www.eama.edu.hk",
				"NSEARCH04_TC" : "http://www.eama.edu.hk",
				"NSEARCH05_EN" : "115398000123",
				"NSEARCH05_TC" : "115398000123",
				"NORTHING" : 840066,
				"EASTING" : 831681,
				"LATITUDE" : 22.50020219,
				"LONGITUDE" : 114.13229549,
				"LASTUPDATE" : "20231124121830"
			}
		},
		{
			"type" : "Feature",
			"geometry" : {
				"type" : "Point",
				"coordinates" : [ 114.1925023579, 22.3318344578 ]
			},
			"properties" : {
				"OBJECTID" : 337,
				"DATASET_EN" : "Aided Primary Schools",
				"DATASET_TC" : "資助小學",
				"NAME_EN" : "PO YAN OBLATE PRIMARY SCHOOL",
				"ADDRESS_EN" : "15 LOK SIN ROAD KOWLOON",
				"NAME_TC" : "獻主會溥仁小學",
				"ADDRESS_TC" : "九龍樂善道15號",
				"SEARCH01_EN" : "CO-ED",
				"SEARCH01_TC" : "男女",
				"SEARCH02_EN" : "WHOLE DAY",
				"SEARCH02_TC" : "全日",
				"SEARCH03_EN" : "WONG TAI SIN",
				"SEARCH03_TC" : "黃大仙區",
				"SEARCH04_EN" : "PRIMARY",
				"SEARCH04_TC" : "小學",
				"SEARCH05_EN" : "AIDED",
				"SEARCH05_TC" : "資助",
				"NSEARCH01_EN" : "CATHOLICISM",
				"NSEARCH01_TC" : "天主教",
				"NSEARCH02_EN" : "23823474",
				"NSEARCH02_TC" : "23823474",
				"NSEARCH03_EN" : "23834403",
				"NSEARCH03_TC" : "23834403",
				"NSEARCH04_EN" : "http://www.poyan.edu.hk",
				"NSEARCH04_TC" : "http://www.poyan.edu.hk",
				"NSEARCH05_EN" : "513253000123",
				"NSEARCH05_TC" : "513253000123",
				"NORTHING" : 821421,
				"EASTING" : 837878,
				"LATITUDE" : 22.33183416,
				"LONGITUDE" : 114.19250235,
				"LASTUPDATE" : "20231124121829"
			}
		},
		{
			"type" : "Feature",
			"geometry" : {
				"type" : "Point",
				"coordinates" : [ 114.1751936179, 22.4565917208 ]
			},
			"properties" : {
				"OBJECTID" : 338,
				"DATASET_EN" : "Aided Primary Schools",
				"DATASET_TC" : "資助小學",
				"NAME_EN" : "TAI PO METHODIST SCHOOL",
				"ADDRESS_EN" : "10 TUNG LEUNG ROAD TAI PO NEW TERRITORIES",
				"NAME_TC" : "大埔循道衛理小學",
				"ADDRESS_TC" : "新界大埔棟樑路10號",
				"SEARCH01_EN" : "CO-ED",
				"SEARCH01_TC" : "男女",
				"SEARCH02_EN" : "WHOLE DAY",
				"SEARCH02_TC" : "全日",
				"SEARCH03_EN" : "TAI PO",
				"SEARCH03_TC" : "大埔區",
				"SEARCH04_EN" : "PRIMARY",
				"SEARCH04_TC" : "小學",
				"SEARCH05_EN" : "AIDED",
				"SEARCH05_TC" : "資助",
				"NSEARCH01_EN" : "PROTESTANTISM / CHRISTIANITY",
				"NSEARCH01_TC" : "基督教",
				"NSEARCH02_EN" : "26622011",
				"NSEARCH02_TC" : "26622011",
				"NSEARCH03_EN" : "26678035",
				"NSEARCH03_TC" : "26678035",
				"NSEARCH04_EN" : "http://www.tpms.edu.hk",
				"NSEARCH04_TC" : "http://www.tpms.edu.hk",
				"NSEARCH05_EN" : "115703000123",
				"NSEARCH05_TC" : "115703000123",
				"NORTHING" : 835236,
				"EASTING" : 836095,
				"LATITUDE" : 22.45659143,
				"LONGITUDE" : 114.17519361,
				"LASTUPDATE" : "20231124121829"
			}
		},
		{
			"type" : "Feature",
			"geometry" : {
				"type" : "Point",
				"coordinates" : [ 114.1540878013, 22.2404887901 ]
			},
			"properties" : {
				"OBJECTID" : 339,
				"DATASET_EN" : "Aided Primary Schools",
				"DATASET_TC" : "資助小學",
				"NAME_EN" : "APLICHAU KAIFONG PRIMARY SCHOOL",
				"ADDRESS_EN" : "9 LEI TUNG ESTATE ROAD LEI TUNG ESTATE APLICHAU HONG KONG",
				"NAME_TC" : "鴨脷洲街坊學校",
				"ADDRESS_TC" : "香港鴨脷洲利東邨利東邨道9號",
				"SEARCH01_EN" : "CO-ED",
				"SEARCH01_TC" : "男女",
				"SEARCH02_EN" : "WHOLE DAY",
				"SEARCH02_TC" : "全日",
				"SEARCH03_EN" : "SOUTHERN",
				"SEARCH03_TC" : "南區",
				"SEARCH04_EN" : "PRIMARY",
				"SEARCH04_TC" : "小學",
				"SEARCH05_EN" : "AIDED",
				"SEARCH05_TC" : "資助",
				"NSEARCH01_EN" : "NOT APPLICABLE",
				"NSEARCH01_TC" : "不適用",
				"NSEARCH02_EN" : "28711669",
				"NSEARCH02_TC" : "28711669",
				"NSEARCH03_EN" : "28711716",
				"NSEARCH03_TC" : "28711716",
				"NSEARCH04_EN" : "http://www.akps.edu.hk",
				"NSEARCH04_TC" : "http://www.akps.edu.hk",
				"NSEARCH05_EN" : "511137000123",
				"NSEARCH05_TC" : "511137000123",
				"NORTHING" : 811306,
				"EASTING" : 833919,
				"LATITUDE" : 22.2404885,
				"LONGITUDE" : 114.1540878,
				"LASTUPDATE" : "20231124121829"
			}
		},
		{
			"type" : "Feature",
			"geometry" : {
				"type" : "Point",
				"coordinates" : [ 114.0337229317, 22.4410771977 ]
			},
			"properties" : {
				"OBJECTID" : 340,
				"DATASET_EN" : "Aided Primary Schools",
				"DATASET_TC" : "資助小學",
				"NAME_EN" : "BUDDHIST WING YAN SCHOOL",
				"ADDRESS_EN" : "6 FUNG YAU STREET SOUTH YUEN LONG NEW TERRITORIES",
				"NAME_TC" : "佛教榮茵學校",
				"ADDRESS_TC" : "新界元朗鳳攸南街6號",
				"SEARCH01_EN" : "CO-ED",
				"SEARCH01_TC" : "男女",
				"SEARCH02_EN" : "WHOLE DAY",
				"SEARCH02_TC" : "全日",
				"SEARCH03_EN" : "YUEN LONG",
				"SEARCH03_TC" : "元朗區",
				"SEARCH04_EN" : "PRIMARY",
				"SEARCH04_TC" : "小學",
				"SEARCH05_EN" : "AIDED",
				"SEARCH05_TC" : "資助",
				"NSEARCH01_EN" : "BUDDHISM",
				"NSEARCH01_TC" : "佛教",
				"NSEARCH02_EN" : "24750433",
				"NSEARCH02_TC" : "24750433",
				"NSEARCH03_EN" : "24746497",
				"NSEARCH03_TC" : "24746497",
				"NSEARCH04_EN" : "http://www.bwys.edu.hk",
				"NSEARCH04_TC" : "http://www.bwys.edu.hk",
				"NSEARCH05_EN" : "115533000123",
				"NSEARCH05_TC" : "115533000123",
				"NORTHING" : 833525,
				"EASTING" : 821532,
				"LATITUDE" : 22.4410769,
				"LONGITUDE" : 114.03372293,
				"LASTUPDATE" : "20231124121829"
			}
		},
		{
			"type" : "Feature",
			"geometry" : {
				"type" : "Point",
				"coordinates" : [ 114.0599835076, 22.3683035941 ]
			},
			"properties" : {
				"OBJECTID" : 341,
				"DATASET_EN" : "Aided Primary Schools",
				"DATASET_TC" : "資助小學",
				"NAME_EN" : "EMMANUEL PRIMARY SCHOOL",
				"ADDRESS_EN" : "13 MILES CASTLE PEAK ROAD SHAM TSENG NEW TERRITORIES",
				"NAME_TC" : "靈光小學",
				"ADDRESS_TC" : "新界深井青山公路13咪",
				"SEARCH01_EN" : "CO-ED",
				"SEARCH01_TC" : "男女",
				"SEARCH02_EN" : "WHOLE DAY",
				"SEARCH02_TC" : "全日",
				"SEARCH03_EN" : "TSUEN WAN",
				"SEARCH03_TC" : "荃灣區",
				"SEARCH04_EN" : "PRIMARY",
				"SEARCH04_TC" : "小學",
				"SEARCH05_EN" : "AIDED",
				"SEARCH05_TC" : "資助",
				"NSEARCH01_EN" : "PROTESTANTISM / CHRISTIANITY",
				"NSEARCH01_TC" : "基督教",
				"NSEARCH02_EN" : "24910256",
				"NSEARCH02_TC" : "24910256",
				"NSEARCH03_EN" : "24915752",
				"NSEARCH03_TC" : "24915752",
				"NSEARCH04_EN" : "http://www.emm.edu.hk",
				"NSEARCH04_TC" : "http://www.emm.edu.hk",
				"NSEARCH05_EN" : "150819000123",
				"NSEARCH05_TC" : "150819000123",
				"NORTHING" : 825464,
				"EASTING" : 824229,
				"LATITUDE" : 22.3683033,
				"LONGITUDE" : 114.0599835,
				"LASTUPDATE" : "20231124121828"
			}
		},
		{
			"type" : "Feature",
			"geometry" : {
				"type" : "Point",
				"coordinates" : [ 114.1862788517, 22.3106130479 ]
			},
			"properties" : {
				"OBJECTID" : 342,
				"DATASET_EN" : "Aided Primary Schools",
				"DATASET_TC" : "資助小學",
				"NAME_EN" : "HOLY ANGELS CANOSSIAN SCHOOL",
				"ADDRESS_EN" : "21 HOK YUEN STREET HUNG HOM KOWLOON",
				"NAME_TC" : "天神嘉諾撒學校",
				"ADDRESS_TC" : "九龍紅磡鶴園街21號",
				"SEARCH01_EN" : "GIRLS",
				"SEARCH01_TC" : "女",
				"SEARCH02_EN" : "WHOLE DAY",
				"SEARCH02_TC" : "全日",
				"SEARCH03_EN" : "KOWLOON CITY",
				"SEARCH03_TC" : "九龍城區",
				"SEARCH04_EN" : "PRIMARY",
				"SEARCH04_TC" : "小學",
				"SEARCH05_EN" : "AIDED",
				"SEARCH05_TC" : "資助",
				"NSEARCH01_EN" : "CATHOLICISM",
				"NSEARCH01_TC" : "天主教",
				"NSEARCH02_EN" : "23624448",
				"NSEARCH02_TC" : "23624448",
				"NSEARCH03_EN" : "23646665",
				"NSEARCH03_TC" : "23646665",
				"NSEARCH04_EN" : "http://www.hacs.edu.hk",
				"NSEARCH04_TC" : "http://www.hacs.edu.hk",
				"NSEARCH05_EN" : "512044000123",
				"NSEARCH05_TC" : "512044000123",
				"NORTHING" : 819071,
				"EASTING" : 837237,
				"LATITUDE" : 22.31061276,
				"LONGITUDE" : 114.18627885,
				"LASTUPDATE" : "20231124121828"
			}
		},
		{
			"type" : "Feature",
			"geometry" : {
				"type" : "Point",
				"coordinates" : [ 114.1148003137, 22.3731832807 ]
			},
			"properties" : {
				"OBJECTID" : 343,
				"DATASET_EN" : "Aided Primary Schools",
				"DATASET_TC" : "資助小學",
				"NAME_EN" : "HOLY CROSS LUTHERAN SCHOOL",
				"ADDRESS_EN" : "31 LO TAK COURT TSUEN WAN NEW TERRITORIES",
				"NAME_TC" : "路德會聖十架學校",
				"ADDRESS_TC" : "新界荃灣路德圍31號",
				"SEARCH01_EN" : "CO-ED",
				"SEARCH01_TC" : "男女",
				"SEARCH02_EN" : "WHOLE DAY",
				"SEARCH02_TC" : "全日",
				"SEARCH03_EN" : "TSUEN WAN",
				"SEARCH03_TC" : "荃灣區",
				"SEARCH04_EN" : "PRIMARY",
				"SEARCH04_TC" : "小學",
				"SEARCH05_EN" : "AIDED",
				"SEARCH05_TC" : "資助",
				"NSEARCH01_EN" : "PROTESTANTISM / CHRISTIANITY",
				"NSEARCH01_TC" : "基督教",
				"NSEARCH02_EN" : "24157878",
				"NSEARCH02_TC" : "24157878",
				"NSEARCH03_EN" : "24900049",
				"NSEARCH03_TC" : "24900049",
				"NSEARCH04_EN" : "http://www.hcls.edu.hk",
				"NSEARCH04_TC" : "http://www.hcls.edu.hk",
				"NSEARCH05_EN" : "113778000123",
				"NSEARCH05_TC" : "113778000123",
				"NORTHING" : 826001,
				"EASTING" : 829875,
				"LATITUDE" : 22.37318299,
				"LONGITUDE" : 114.11480031,
				"LASTUPDATE" : "20231124121828"
			}
		},
		{
			"type" : "Feature",
			"geometry" : {
				"type" : "Point",
				"coordinates" : [ 114.0392853397, 22.2819505746 ]
			},
			"properties" : {
				"OBJECTID" : 344,
				"DATASET_EN" : "Aided Primary Schools",
				"DATASET_TC" : "資助小學",
				"NAME_EN" : "HOLY FAMILY SCHOOL",
				"ADDRESS_EN" : "1 SHING KA ROAD PENG CHAU NEW TERRITORIES",
				"NAME_TC" : "聖家學校",
				"ADDRESS_TC" : "新界坪洲聖家路1號",
				"SEARCH01_EN" : "CO-ED",
				"SEARCH01_TC" : "男女",
				"SEARCH02_EN" : "WHOLE DAY",
				"SEARCH02_TC" : "全日",
				"SEARCH03_EN" : "ISLANDS",
				"SEARCH03_TC" : "離島區",
				"SEARCH04_EN" : "PRIMARY",
				"SEARCH04_TC" : "小學",
				"SEARCH05_EN" : "AIDED",
				"SEARCH05_TC" : "資助",
				"NSEARCH01_EN" : "CATHOLICISM",
				"NSEARCH01_TC" : "天主教",
				"NSEARCH02_EN" : "29830785",
				"NSEARCH02_TC" : "29830785",
				"NSEARCH03_EN" : "29831247",
				"NSEARCH03_TC" : "29831247",
				"NSEARCH04_EN" : "http://www.holyfamily.edu.hk",
				"NSEARCH04_TC" : "http://www.holyfamily.edu.hk",
				"NSEARCH05_EN" : "113433000123",
				"NSEARCH05_TC" : "113433000123",
				"NORTHING" : 815903.5,
				"EASTING" : 822088.5,
				"LATITUDE" : 22.28195028,
				"LONGITUDE" : 114.03928534,
				"LASTUPDATE" : "20231124121828"
			}
		},
		{
			"type" : "Feature",
			"geometry" : {
				"type" : "Point",
				"coordinates" : [ 114.2580999289, 22.3130673457 ]
			},
			"properties" : {
				"OBJECTID" : 345,
				"DATASET_EN" : "Aided Primary Schools",
				"DATASET_TC" : "資助小學",
				"NAME_EN" : "POK OI HOSPITAL CHAN KWOK WAI PRIMARY SCHOOL",
				"ADDRESS_EN" : "SHEUNG TAK ESTATE TSEUNG KWAN O NEW TERRITORIES",
				"NAME_TC" : "博愛醫院陳國威小學",
				"ADDRESS_TC" : "新界將軍澳尚德邨",
				"SEARCH01_EN" : "CO-ED",
				"SEARCH01_TC" : "男女",
				"SEARCH02_EN" : "WHOLE DAY",
				"SEARCH02_TC" : "全日",
				"SEARCH03_EN" : "SAI KUNG",
				"SEARCH03_TC" : "西貢區",
				"SEARCH04_EN" : "PRIMARY",
				"SEARCH04_TC" : "小學",
				"SEARCH05_EN" : "AIDED",
				"SEARCH05_TC" : "資助",
				"NSEARCH01_EN" : "NOT APPLICABLE",
				"NSEARCH01_TC" : "不適用",
				"NSEARCH02_EN" : "21785700",
				"NSEARCH02_TC" : "21785700",
				"NSEARCH03_EN" : "21785775",
				"NSEARCH03_TC" : "21785775",
				"NSEARCH04_EN" : "http://www.pohckwps.edu.hk",
				"NSEARCH04_TC" : "http://www.pohckwps.edu.hk",
				"NSEARCH05_EN" : "522040000123",
				"NSEARCH05_TC" : "522040000123",
				"NORTHING" : 819345,
				"EASTING" : 844637,
				"LATITUDE" : 22.31306705,
				"LONGITUDE" : 114.25809992,
				"LASTUPDATE" : "20231124121827"
			}
		},
		{
			"type" : "Feature",
			"geometry" : {
				"type" : "Point",
				"coordinates" : [ 114.203115283, 22.3497677964 ]
			},
			"properties" : {
				"OBJECTID" : 346,
				"DATASET_EN" : "Aided Primary Schools",
				"DATASET_TC" : "資助小學",
				"NAME_EN" : "TSZ WAN SHAN ST BONAVENTURE CATHOLIC PRIMARY SCHOOL",
				"ADDRESS_EN" : "NING WAH STREET TSZ CHING ESTATE TSZ WAN SHAN KOWLOON",
				"NAME_TC" : "慈雲山聖文德天主教小學",
				"ADDRESS_TC" : "九龍慈雲山慈正邨寧華街",
				"SEARCH01_EN" : "CO-ED",
				"SEARCH01_TC" : "男女",
				"SEARCH02_EN" : "WHOLE DAY",
				"SEARCH02_TC" : "全日",
				"SEARCH03_EN" : "WONG TAI SIN",
				"SEARCH03_TC" : "黃大仙區",
				"SEARCH04_EN" : "PRIMARY",
				"SEARCH04_TC" : "小學",
				"SEARCH05_EN" : "AIDED",
				"SEARCH05_TC" : "資助",
				"NSEARCH01_EN" : "CATHOLICISM",
				"NSEARCH01_TC" : "天主教",
				"NSEARCH02_EN" : "23206226",
				"NSEARCH02_TC" : "23206226",
				"NSEARCH03_EN" : "23255707",
				"NSEARCH03_TC" : "23255707",
				"NSEARCH04_EN" : "http://www.tsbcps.edu.hk",
				"NSEARCH04_TC" : "http://www.tsbcps.edu.hk",
				"NSEARCH05_EN" : "535788000123",
				"NSEARCH05_TC" : "535788000123",
				"NORTHING" : 823407,
				"EASTING" : 838971,
				"LATITUDE" : 22.3497675,
				"LONGITUDE" : 114.20311528,
				"LASTUPDATE" : "20231124121827"
			}
		},
		{
			"type" : "Feature",
			"geometry" : {
				"type" : "Point",
				"coordinates" : [ 114.1872412084, 22.3311846793 ]
			},
			"properties" : {
				"OBJECTID" : 347,
				"DATASET_EN" : "Aided Primary Schools",
				"DATASET_TC" : "資助小學",
				"NAME_EN" : "HOLY FAMILY CANOSSIAN SCHOOL",
				"ADDRESS_EN" : "102 JUNCTION ROAD KOWLOON CITY KOWLOON",
				"NAME_TC" : "嘉諾撒聖家學校",
				"ADDRESS_TC" : "九龍九龍城聯合道102號",
				"SEARCH01_EN" : "GIRLS",
				"SEARCH01_TC" : "女",
				"SEARCH02_EN" : "WHOLE DAY",
				"SEARCH02_TC" : "全日",
				"SEARCH03_EN" : "KOWLOON CITY",
				"SEARCH03_TC" : "九龍城區",
				"SEARCH04_EN" : "PRIMARY",
				"SEARCH04_TC" : "小學",
				"SEARCH05_EN" : "AIDED",
				"SEARCH05_TC" : "資助",
				"NSEARCH01_EN" : "CATHOLICISM",
				"NSEARCH01_TC" : "天主教",
				"NSEARCH02_EN" : "23821035",
				"NSEARCH02_TC" : "23821035",
				"NSEARCH03_EN" : "23824406",
				"NSEARCH03_TC" : "23824406",
				"NSEARCH04_EN" : "http://www.hfkc.edu.hk",
				"NSEARCH04_TC" : "http://www.hfkc.edu.hk",
				"NSEARCH05_EN" : "512060000123",
				"NSEARCH05_TC" : "512060000123",
				"NORTHING" : 821349,
				"EASTING" : 837336,
				"LATITUDE" : 22.33118439,
				"LONGITUDE" : 114.1872412,
				"LASTUPDATE" : "20231124121827"
			}
		},
		{
			"type" : "Feature",
			"geometry" : {
				"type" : "Point",
				"coordinates" : [ 114.2577697069, 22.312661134 ]
			},
			"properties" : {
				"OBJECTID" : 348,
				"DATASET_EN" : "Aided Primary Schools",
				"DATASET_TC" : "資助小學",
				"NAME_EN" : "CHRISTIAN & MISSIONARY ALLIANCE SUN KEI PRIMARY SCHOOL",
				"ADDRESS_EN" : "SHEUNG TAK ESTATE TSEUNG KWAN O NEW TERRITORIES",
				"NAME_TC" : "基督教宣道會宣基小學",
				"ADDRESS_TC" : "新界將軍澳尚德邨",
				"SEARCH01_EN" : "CO-ED",
				"SEARCH01_TC" : "男女",
				"SEARCH02_EN" : "WHOLE DAY",
				"SEARCH02_TC" : "全日",
				"SEARCH03_EN" : "SAI KUNG",
				"SEARCH03_TC" : "西貢區",
				"SEARCH04_EN" : "PRIMARY",
				"SEARCH04_TC" : "小學",
				"SEARCH05_EN" : "AIDED",
				"SEARCH05_TC" : "資助",
				"NSEARCH01_EN" : "PROTESTANTISM / CHRISTIANITY",
				"NSEARCH01_TC" : "基督教",
				"NSEARCH02_EN" : "21916996",
				"NSEARCH02_TC" : "21916996",
				"NSEARCH03_EN" : "21916995",
				"NSEARCH03_TC" : "21916995",
				"NSEARCH04_EN" : "http://www.sunkei.edu.hk",
				"NSEARCH04_TC" : "http://www.sunkei.edu.hk",
				"NSEARCH05_EN" : "522171000123",
				"NSEARCH05_TC" : "522171000123",
				"NORTHING" : 819300,
				"EASTING" : 844603,
				"LATITUDE" : 22.31266084,
				"LONGITUDE" : 114.2577697,
				"LASTUPDATE" : "20231124121827"
			}
		},
		{
			"type" : "Feature",
			"geometry" : {
				"type" : "Point",
				"coordinates" : [ 114.1191422152, 22.3691301772 ]
			},
			"properties" : {
				"OBJECTID" : 349,
				"DATASET_EN" : "Aided Primary Schools",
				"DATASET_TC" : "資助小學",
				"NAME_EN" : "TSUEN WAN CATHOLIC PRIMARY SCHOOL",
				"ADDRESS_EN" : "37-41 TAK WAH STREET TSUEN WAN NEW TERRITORIES",
				"NAME_TC" : "荃灣天主教小學",
				"ADDRESS_TC" : "新界荃灣德華街37-41號",
				"SEARCH01_EN" : "CO-ED",
				"SEARCH01_TC" : "男女",
				"SEARCH02_EN" : "WHOLE DAY",
				"SEARCH02_TC" : "全日",
				"SEARCH03_EN" : "TSUEN WAN",
				"SEARCH03_TC" : "荃灣區",
				"SEARCH04_EN" : "PRIMARY",
				"SEARCH04_TC" : "小學",
				"SEARCH05_EN" : "AIDED",
				"SEARCH05_TC" : "資助",
				"NSEARCH01_EN" : "CATHOLICISM",
				"NSEARCH01_TC" : "天主教",
				"NSEARCH02_EN" : "24923460",
				"NSEARCH02_TC" : "24923460",
				"NSEARCH03_EN" : "24926395",
				"NSEARCH03_TC" : "24926395",
				"NSEARCH04_EN" : "http://www.twcps.edu.hk",
				"NSEARCH04_TC" : "http://www.twcps.edu.hk",
				"NSEARCH05_EN" : "113751000123",
				"NSEARCH05_TC" : "113751000123",
				"NORTHING" : 825552,
				"EASTING" : 830322,
				"LATITUDE" : 22.36912988,
				"LONGITUDE" : 114.11914221,
				"LASTUPDATE" : "20231124121826"
			}
		},
		{
			"type" : "Feature",
			"geometry" : {
				"type" : "Point",
				"coordinates" : [ 114.2609420724, 22.310437993 ]
			},
			"properties" : {
				"OBJECTID" : 350,
				"DATASET_EN" : "Aided Primary Schools",
				"DATASET_TC" : "資助小學",
				"NAME_EN" : "CHI LIN BUDDHIST PRIMARY SCHOOL",
				"ADDRESS_EN" : "1 TONG CHUN STREET TSEUNG KWAN O SAI KUNG NEW TERRITORIES",
				"NAME_TC" : "佛教志蓮小學",
				"ADDRESS_TC" : "新界西貢將軍澳唐俊街一號",
				"SEARCH01_EN" : "CO-ED",
				"SEARCH01_TC" : "男女",
				"SEARCH02_EN" : "WHOLE DAY",
				"SEARCH02_TC" : "全日",
				"SEARCH03_EN" : "SAI KUNG",
				"SEARCH03_TC" : "西貢區",
				"SEARCH04_EN" : "PRIMARY",
				"SEARCH04_TC" : "小學",
				"SEARCH05_EN" : "AIDED",
				"SEARCH05_TC" : "資助",
				"NSEARCH01_EN" : "BUDDHISM",
				"NSEARCH01_TC" : "佛教",
				"NSEARCH02_EN" : "22463959",
				"NSEARCH02_TC" : "22463959",
				"NSEARCH03_EN" : "22463972",
				"NSEARCH03_TC" : "22463972",
				"NSEARCH04_EN" : "http://www.chilinbps.edu.hk",
				"NSEARCH04_TC" : "http://www.chilinbps.edu.hk",
				"NSEARCH05_EN" : "524581000123",
				"NSEARCH05_TC" : "524581000123",
				"NORTHING" : 819054,
				"EASTING" : 844930,
				"LATITUDE" : 22.3104377,
				"LONGITUDE" : 114.26094207,
				"LASTUPDATE" : "20231124121826"
			}
		},
		{
			"type" : "Feature",
			"geometry" : {
				"type" : "Point",
				"coordinates" : [ 114.1478316682, 22.2841690817 ]
			},
			"properties" : {
				"OBJECTID" : 351,
				"DATASET_EN" : "Aided Primary Schools",
				"DATASET_TC" : "資助小學",
				"NAME_EN" : "KING'S COLLEGE OLD BOYS' ASSOCIATION PRIMARY SCHOOL NO. 2",
				"ADDRESS_EN" : "40 PO HING FONG SHEUNG WAN HONG KONG",
				"NAME_TC" : "英皇書院同學會小學第二校",
				"ADDRESS_TC" : "香港上環普慶坊40號",
				"SEARCH01_EN" : "CO-ED",
				"SEARCH01_TC" : "男女",
				"SEARCH02_EN" : "WHOLE DAY",
				"SEARCH02_TC" : "全日",
				"SEARCH03_EN" : "CENTRAL AND WESTERN",
				"SEARCH03_TC" : "中西區",
				"SEARCH04_EN" : "PRIMARY",
				"SEARCH04_TC" : "小學",
				"SEARCH05_EN" : "AIDED",
				"SEARCH05_TC" : "資助",
				"NSEARCH01_EN" : "NOT APPLICABLE",
				"NSEARCH01_TC" : "不適用",
				"NSEARCH02_EN" : "25477575",
				"NSEARCH02_TC" : "25477575",
				"NSEARCH03_EN" : "25473555",
				"NSEARCH03_TC" : "25473555",
				"NSEARCH04_EN" : "http://www.kcobaps2.edu.hk",
				"NSEARCH04_TC" : "http://www.kcobaps2.edu.hk",
				"NSEARCH05_EN" : "536377000123",
				"NSEARCH05_TC" : "536377000123",
				"NORTHING" : 816143,
				"EASTING" : 833275,
				"LATITUDE" : 22.28416879,
				"LONGITUDE" : 114.14783166,
				"LASTUPDATE" : "20231124121826"
			}
		},
		{
			"type" : "Feature",
			"geometry" : {
				"type" : "Point",
				"coordinates" : [ 114.1420241718, 22.5372835878 ]
			},
			"properties" : {
				"OBJECTID" : 352,
				"DATASET_EN" : "Aided Primary Schools",
				"DATASET_TC" : "資助小學",
				"NAME_EN" : "TA KU LING LING YING PUBLIC SCHOOL",
				"ADDRESS_EN" : "CHOW TIN VILLAGE, TA KU LING, NORTH DISTRICT, NEW TERRITORIES",
				"NAME_TC" : "打鼓嶺嶺英公立學校",
				"ADDRESS_TC" : "新界北區打鼓嶺週田村",
				"SEARCH01_EN" : "CO-ED",
				"SEARCH01_TC" : "男女",
				"SEARCH02_EN" : "WHOLE DAY",
				"SEARCH02_TC" : "全日",
				"SEARCH03_EN" : "NORTH",
				"SEARCH03_TC" : "北區",
				"SEARCH04_EN" : "PRIMARY",
				"SEARCH04_TC" : "小學",
				"SEARCH05_EN" : "AIDED",
				"SEARCH05_TC" : "資助",
				"NSEARCH01_EN" : "NOT APPLICABLE",
				"NSEARCH01_TC" : "不適用",
				"NSEARCH02_EN" : "26740538",
				"NSEARCH02_TC" : "26740538",
				"NSEARCH03_EN" : "26592061",
				"NSEARCH03_TC" : "26592061",
				"NSEARCH04_EN" : "http://www.lyps.edu.hk",
				"NSEARCH04_TC" : "http://www.lyps.edu.hk",
				"NSEARCH05_EN" : "514365000123",
				"NSEARCH05_TC" : "514365000123",
				"NORTHING" : 844172,
				"EASTING" : 832683,
				"LATITUDE" : 22.53728329,
				"LONGITUDE" : 114.14202417,
				"LASTUPDATE" : "20231124121826"
			}
		},
		{
			"type" : "Feature",
			"geometry" : {
				"type" : "Point",
				"coordinates" : [ 114.171764028, 22.4571695976 ]
			},
			"properties" : {
				"OBJECTID" : 353,
				"DATASET_EN" : "Aided Primary Schools",
				"DATASET_TC" : "資助小學",
				"NAME_EN" : "SACRED HEART OF MARY CATHOLIC PRIMARY SCHOOL",
				"ADDRESS_EN" : "ESTATE PRIMARY SCHOOL FU HENG ESTATE PHASE I AREA 8 TAI PO NEW TERRITORIES",
				"NAME_TC" : "天主教聖母聖心小學",
				"ADDRESS_TC" : "新界大埔富亨邨第一期",
				"SEARCH01_EN" : "CO-ED",
				"SEARCH01_TC" : "男女",
				"SEARCH02_EN" : "WHOLE DAY",
				"SEARCH02_TC" : "全日",
				"SEARCH03_EN" : "TAI PO",
				"SEARCH03_TC" : "大埔區",
				"SEARCH04_EN" : "PRIMARY",
				"SEARCH04_TC" : "小學",
				"SEARCH05_EN" : "AIDED",
				"SEARCH05_TC" : "資助",
				"NSEARCH01_EN" : "CATHOLICISM",
				"NSEARCH01_TC" : "天主教",
				"NSEARCH02_EN" : "26606161",
				"NSEARCH02_TC" : "26606161",
				"NSEARCH03_EN" : "26667048",
				"NSEARCH03_TC" : "26667048",
				"NSEARCH04_EN" : "http://www.shmcps.edu.hk",
				"NSEARCH04_TC" : "http://www.shmcps.edu.hk",
				"NSEARCH05_EN" : "115657000123",
				"NSEARCH05_TC" : "115657000123",
				"NORTHING" : 835300,
				"EASTING" : 835742,
				"LATITUDE" : 22.4571693,
				"LONGITUDE" : 114.17176402,
				"LASTUPDATE" : "20231124121825"
			}
		},
		{
			"type" : "Feature",
			"geometry" : {
				"type" : "Point",
				"coordinates" : [ 114.1723227579, 22.3038854577 ]
			},
			"properties" : {
				"OBJECTID" : 354,
				"DATASET_EN" : "Aided Primary Schools",
				"DATASET_TC" : "資助小學",
				"NAME_EN" : "TAK SUN SCHOOL",
				"ADDRESS_EN" : "103 AUSTIN ROAD AND 3/F & PORTION OF 4/F REAR BUILDING 103 AUSTIN ROAD KOWLOON",
				"NAME_TC" : "德信學校",
				"ADDRESS_TC" : "九龍柯士甸道103號及柯士甸道103號後座3樓及4樓部分",
				"SEARCH01_EN" : "BOYS",
				"SEARCH01_TC" : "男",
				"SEARCH02_EN" : "WHOLE DAY",
				"SEARCH02_TC" : "全日",
				"SEARCH03_EN" : "YAU TSIM MONG",
				"SEARCH03_TC" : "油尖旺區",
				"SEARCH04_EN" : "PRIMARY",
				"SEARCH04_TC" : "小學",
				"SEARCH05_EN" : "AIDED",
				"SEARCH05_TC" : "資助",
				"NSEARCH01_EN" : "CATHOLICISM",
				"NSEARCH01_TC" : "天主教",
				"NSEARCH02_EN" : "23673446",
				"NSEARCH02_TC" : "23673446",
				"NSEARCH03_EN" : "23661589",
				"NSEARCH03_TC" : "23661589",
				"NSEARCH04_EN" : "http://www.taksun.edu.hk",
				"NSEARCH04_TC" : "http://www.taksun.edu.hk",
				"NSEARCH05_EN" : "514454000123",
				"NSEARCH05_TC" : "514454000123",
				"NORTHING" : 818326,
				"EASTING" : 835799,
				"LATITUDE" : 22.30388517,
				"LONGITUDE" : 114.17232275,
				"LASTUPDATE" : "20231124121825"
			}
		},
		{
			"type" : "Feature",
			"geometry" : {
				"type" : "Point",
				"coordinates" : [ 114.1621695346, 22.3220995808 ]
			},
			"properties" : {
				"OBJECTID" : 355,
				"DATASET_EN" : "Aided Primary Schools",
				"DATASET_TC" : "資助小學",
				"NAME_EN" : "TAI KOK TSUI CATHOLIC PRIMARY SCHOOL",
				"ADDRESS_EN" : "148 TAI KOK TSUI ROAD KOWLOON ( SCHOOL IMPROVEMENT PROGRAMME )",
				"NAME_TC" : "大角嘴天主教小學",
				"ADDRESS_TC" : "九龍大角咀道148號(學校改善工程計劃)",
				"SEARCH01_EN" : "CO-ED",
				"SEARCH01_TC" : "男女",
				"SEARCH02_EN" : "WHOLE DAY",
				"SEARCH02_TC" : "全日",
				"SEARCH03_EN" : "YAU TSIM MONG",
				"SEARCH03_TC" : "油尖旺區",
				"SEARCH04_EN" : "PRIMARY",
				"SEARCH04_TC" : "小學",
				"SEARCH05_EN" : "AIDED",
				"SEARCH05_TC" : "資助",
				"NSEARCH01_EN" : "CATHOLICISM",
				"NSEARCH01_TC" : "天主教",
				"NSEARCH02_EN" : "23933559",
				"NSEARCH02_TC" : "23933559",
				"NSEARCH03_EN" : "23911906",
				"NSEARCH03_TC" : "23911906",
				"NSEARCH04_EN" : "http://www.tktcps.edu.hk",
				"NSEARCH04_TC" : "http://www.tktcps.edu.hk",
				"NSEARCH05_EN" : "514390000123",
				"NSEARCH05_TC" : "514390000123",
				"NORTHING" : 820343,
				"EASTING" : 834753,
				"LATITUDE" : 22.32209929,
				"LONGITUDE" : 114.16216953,
				"LASTUPDATE" : "20231124121825"
			}
		},
		{
			"type" : "Feature",
			"geometry" : {
				"type" : "Point",
				"coordinates" : [ 114.2112745313, 22.2888729748 ]
			},
			"properties" : {
				"OBJECTID" : 356,
				"DATASET_EN" : "Aided Primary Schools",
				"DATASET_TC" : "資助小學",
				"NAME_EN" : "CANOSSA SCHOOL (HONG KONG)",
				"ADDRESS_EN" : "8 HOI CHAK STREET QUARRY BAY HONG KONG",
				"NAME_TC" : "香港嘉諾撒學校",
				"ADDRESS_TC" : "香港鰂魚涌海澤街8號",
				"SEARCH01_EN" : "CO-ED",
				"SEARCH01_TC" : "男女",
				"SEARCH02_EN" : "WHOLE DAY",
				"SEARCH02_TC" : "全日",
				"SEARCH03_EN" : "EASTERN",
				"SEARCH03_TC" : "東區",
				"SEARCH04_EN" : "PRIMARY",
				"SEARCH04_TC" : "小學",
				"SEARCH05_EN" : "AIDED",
				"SEARCH05_TC" : "資助",
				"NSEARCH01_EN" : "CATHOLICISM",
				"NSEARCH01_TC" : "天主教",
				"NSEARCH02_EN" : "25610115",
				"NSEARCH02_TC" : "25610115",
				"NSEARCH03_EN" : "25627840",
				"NSEARCH03_TC" : "25627840",
				"NSEARCH04_EN" : "http://www.canossahk.edu.hk",
				"NSEARCH04_TC" : "http://www.canossahk.edu.hk",
				"NSEARCH05_EN" : "511358000123",
				"NSEARCH05_TC" : "511358000123",
				"NORTHING" : 816664,
				"EASTING" : 839813,
				"LATITUDE" : 22.28887268,
				"LONGITUDE" : 114.21127453,
				"LASTUPDATE" : "20231124121825"
			}
		},
		{
			"type" : "Feature",
			"geometry" : {
				"type" : "Point",
				"coordinates" : [ 114.1597116459, 22.3403862663 ]
			},
			"properties" : {
				"OBJECTID" : 357,
				"DATASET_EN" : "Aided Primary Schools",
				"DATASET_TC" : "資助小學",
				"NAME_EN" : "GOOD COUNSEL CATHOLIC PRIMARY SCHOOL",
				"ADDRESS_EN" : "9 KWONG LEE ROAD SHAMSHUIPO KOWLOON",
				"NAME_TC" : "天主教善導小學",
				"ADDRESS_TC" : "九龍深水埗廣利道9號",
				"SEARCH01_EN" : "CO-ED",
				"SEARCH01_TC" : "男女",
				"SEARCH02_EN" : "WHOLE DAY",
				"SEARCH02_TC" : "全日",
				"SEARCH03_EN" : "SHAM SHUI PO",
				"SEARCH03_TC" : "深水埗區",
				"SEARCH04_EN" : "PRIMARY",
				"SEARCH04_TC" : "小學",
				"SEARCH05_EN" : "AIDED",
				"SEARCH05_TC" : "資助",
				"NSEARCH01_EN" : "CATHOLICISM",
				"NSEARCH01_TC" : "天主教",
				"NSEARCH02_EN" : "23865392",
				"NSEARCH02_TC" : "23865392",
				"NSEARCH03_EN" : "27089954",
				"NSEARCH03_TC" : "27089954",
				"NSEARCH04_EN" : "http://www.gccps.edu.hk",
				"NSEARCH04_TC" : "http://www.gccps.edu.hk",
				"NSEARCH05_EN" : "510971000123",
				"NSEARCH05_TC" : "510971000123",
				"NORTHING" : 822368,
				"EASTING" : 834500,
				"LATITUDE" : 22.34038597,
				"LONGITUDE" : 114.15971164,
				"LASTUPDATE" : "20231124121824"
			}
		},
		{
			"type" : "Feature",
			"geometry" : {
				"type" : "Point",
				"coordinates" : [ 114.2602491956, 22.3203810331 ]
			},
			"properties" : {
				"OBJECTID" : 358,
				"DATASET_EN" : "Aided Primary Schools",
				"DATASET_TC" : "資助小學",
				"NAME_EN" : "KING LAM CATHOLIC PRIMARY SCHOOL",
				"ADDRESS_EN" : "KING LAM ESTATE 38 PO LAM ROAD NORTH TSEUNG KWAN O NEW TERRITORIES",
				"NAME_TC" : "景林天主教小學",
				"ADDRESS_TC" : "新界將軍澳寶琳北路38號景林邨",
				"SEARCH01_EN" : "CO-ED",
				"SEARCH01_TC" : "男女",
				"SEARCH02_EN" : "WHOLE DAY",
				"SEARCH02_TC" : "全日",
				"SEARCH03_EN" : "SAI KUNG",
				"SEARCH03_TC" : "西貢區",
				"SEARCH04_EN" : "PRIMARY",
				"SEARCH04_TC" : "小學",
				"SEARCH05_EN" : "AIDED",
				"SEARCH05_TC" : "資助",
				"NSEARCH01_EN" : "CATHOLICISM",
				"NSEARCH01_TC" : "天主教",
				"NSEARCH02_EN" : "27030499",
				"NSEARCH02_TC" : "27030499",
				"NSEARCH03_EN" : "27040977",
				"NSEARCH03_TC" : "27040977",
				"NSEARCH04_EN" : "http://www.klcps.edu.hk",
				"NSEARCH04_TC" : "http://www.klcps.edu.hk",
				"NSEARCH05_EN" : "115606000123",
				"NSEARCH05_TC" : "115606000123",
				"NORTHING" : 820155,
				"EASTING" : 844858,
				"LATITUDE" : 22.32038074,
				"LONGITUDE" : 114.26024919,
				"LASTUPDATE" : "20231124121824"
			}
		},
		{
			"type" : "Feature",
			"geometry" : {
				"type" : "Point",
				"coordinates" : [ 114.1716820024, 22.3102249255 ]
			},
			"properties" : {
				"OBJECTID" : 359,
				"DATASET_EN" : "Aided Primary Schools",
				"DATASET_TC" : "資助小學",
				"NAME_EN" : "YAUMATI KAIFONG ASSOCIATION SCHOOL",
				"ADDRESS_EN" : "80 PUBLIC SQUARE STREET YAUMATEI KOWLOON",
				"NAME_TC" : "油蔴地街坊會學校",
				"ADDRESS_TC" : "九龍油麻地眾坊街80號",
				"SEARCH01_EN" : "CO-ED",
				"SEARCH01_TC" : "男女",
				"SEARCH02_EN" : "WHOLE DAY",
				"SEARCH02_TC" : "全日",
				"SEARCH03_EN" : "YAU TSIM MONG",
				"SEARCH03_TC" : "油尖旺區",
				"SEARCH04_EN" : "PRIMARY",
				"SEARCH04_TC" : "小學",
				"SEARCH05_EN" : "AIDED",
				"SEARCH05_TC" : "資助",
				"NSEARCH01_EN" : "NOT APPLICABLE",
				"NSEARCH01_TC" : "不適用",
				"NSEARCH02_EN" : "23888327",
				"NSEARCH02_TC" : "23888327",
				"NSEARCH03_EN" : "27830854",
				"NSEARCH03_TC" : "27830854",
				"NSEARCH04_EN" : "http://www.ymtkfas.edu.hk",
				"NSEARCH04_TC" : "http://www.ymtkfas.edu.hk",
				"NSEARCH05_EN" : "515000000123",
				"NSEARCH05_TC" : "515000000123",
				"NORTHING" : 819028,
				"EASTING" : 835733,
				"LATITUDE" : 22.31022463,
				"LONGITUDE" : 114.171682,
				"LASTUPDATE" : "20231124121824"
			}
		},
		{
			"type" : "Feature",
			"geometry" : {
				"type" : "Point",
				"coordinates" : [ 114.1918211703, 22.3158323178 ]
			},
			"properties" : {
				"OBJECTID" : 360,
				"DATASET_EN" : "Aided Primary Schools",
				"DATASET_TC" : "資助小學",
				"NAME_EN" : "OBLATE PRIMARY SCHOOL",
				"ADDRESS_EN" : "1 SHUN FUNG STREET TOKWAWAN KOWLOON",
				"NAME_TC" : "獻主會小學",
				"ADDRESS_TC" : "九龍土瓜灣順風街一號",
				"SEARCH01_EN" : "CO-ED",
				"SEARCH01_TC" : "男女",
				"SEARCH02_EN" : "WHOLE DAY",
				"SEARCH02_TC" : "全日",
				"SEARCH03_EN" : "KOWLOON CITY",
				"SEARCH03_TC" : "九龍城區",
				"SEARCH04_EN" : "PRIMARY",
				"SEARCH04_TC" : "小學",
				"SEARCH05_EN" : "AIDED",
				"SEARCH05_TC" : "資助",
				"NSEARCH01_EN" : "CATHOLICISM",
				"NSEARCH01_TC" : "天主教",
				"NSEARCH02_EN" : "23648375",
				"NSEARCH02_TC" : "23648375",
				"NSEARCH03_EN" : "23648335",
				"NSEARCH03_TC" : "23648335",
				"NSEARCH04_EN" : "http://www.ops.edu.hk",
				"NSEARCH04_TC" : "http://www.ops.edu.hk",
				"NSEARCH05_EN" : "513113000123",
				"NSEARCH05_TC" : "513113000123",
				"NORTHING" : 819649,
				"EASTING" : 837808,
				"LATITUDE" : 22.31583202,
				"LONGITUDE" : 114.19182117,
				"LASTUPDATE" : "20231124121824"
			}
		},
		{
			"type" : "Feature",
			"geometry" : {
				"type" : "Point",
				"coordinates" : [ 114.0235986368, 22.4516515694 ]
			},
			"properties" : {
				"OBJECTID" : 361,
				"DATASET_EN" : "Aided Primary Schools",
				"DATASET_TC" : "資助小學",
				"NAME_EN" : "YUEN LONG LONG PING ESTATE TUNG KOON PRIMARY SCHOOL",
				"ADDRESS_EN" : "ESTATE PRIMARY SCHOOL 1 LONG PING ESTATE YUEN LONG NEW TERRITORIES",
				"NAME_TC" : "元朗朗屏邨東莞學校",
				"ADDRESS_TC" : "元朗朗屏邨",
				"SEARCH01_EN" : "CO-ED",
				"SEARCH01_TC" : "男女",
				"SEARCH02_EN" : "WHOLE DAY",
				"SEARCH02_TC" : "全日",
				"SEARCH03_EN" : "YUEN LONG",
				"SEARCH03_TC" : "元朗區",
				"SEARCH04_EN" : "PRIMARY",
				"SEARCH04_TC" : "小學",
				"SEARCH05_EN" : "AIDED",
				"SEARCH05_TC" : "資助",
				"NSEARCH01_EN" : "NOT APPLICABLE",
				"NSEARCH01_TC" : "不適用",
				"NSEARCH02_EN" : "24762433",
				"NSEARCH02_TC" : "24762433",
				"NSEARCH03_EN" : "24747225",
				"NSEARCH03_TC" : "24747225",
				"NSEARCH04_EN" : "http://www.tkps.edu.hk",
				"NSEARCH04_TC" : "http://www.tkps.edu.hk",
				"NSEARCH05_EN" : "115223000123",
				"NSEARCH05_TC" : "115223000123",
				"NORTHING" : 834697,
				"EASTING" : 820491,
				"LATITUDE" : 22.45165127,
				"LONGITUDE" : 114.02359863,
				"LASTUPDATE" : "20231124121823"
			}
		},
		{
			"type" : "Feature",
			"geometry" : {
				"type" : "Point",
				"coordinates" : [ 113.9622292337, 22.4067997477 ]
			},
			"properties" : {
				"OBJECTID" : 362,
				"DATASET_EN" : "Aided Primary Schools",
				"DATASET_TC" : "資助小學",
				"NAME_EN" : "PO LEUNG KUK FONG WONG KAM CHUEN PRIMARY SCHOOL",
				"ADDRESS_EN" : "LEUNG KING ESTATE TUEN MUN NTANNEX BUILDING ESTATE PRIMARY SCHOOL NO 3 LEUNG KING ESTATE AREA 1 TUEN MUN N T",
				"NAME_TC" : "保良局方王錦全小學",
				"ADDRESS_TC" : "新界屯門良景邨",
				"SEARCH01_EN" : "CO-ED",
				"SEARCH01_TC" : "男女",
				"SEARCH02_EN" : "WHOLE DAY",
				"SEARCH02_TC" : "全日",
				"SEARCH03_EN" : "TUEN MUN",
				"SEARCH03_TC" : "屯門區",
				"SEARCH04_EN" : "PRIMARY",
				"SEARCH04_TC" : "小學",
				"SEARCH05_EN" : "AIDED",
				"SEARCH05_TC" : "資助",
				"NSEARCH01_EN" : "NOT APPLICABLE",
				"NSEARCH01_TC" : "不適用",
				"NSEARCH02_EN" : "24661882",
				"NSEARCH02_TC" : "24661882",
				"NSEARCH03_EN" : "24532395",
				"NSEARCH03_TC" : "24532395",
				"NSEARCH04_EN" : "http://www.plkfwkc.edu.hk",
				"NSEARCH04_TC" : "http://www.plkfwkc.edu.hk",
				"NSEARCH05_EN" : "115304000123",
				"NSEARCH05_TC" : "115304000123",
				"NORTHING" : 829738,
				"EASTING" : 814167,
				"LATITUDE" : 22.40679945,
				"LONGITUDE" : 113.96222923,
				"LASTUPDATE" : "20231124121823"
			}
		},
		{
			"type" : "Feature",
			"geometry" : {
				"type" : "Point",
				"coordinates" : [ 114.179000118, 22.3291982709 ]
			},
			"properties" : {
				"OBJECTID" : 363,
				"DATASET_EN" : "Aided Primary Schools",
				"DATASET_TC" : "資助小學",
				"NAME_EN" : "DIOCESAN PREPARATORY SCHOOL",
				"ADDRESS_EN" : "1 & 3 CHESTER ROAD KOWLOON TONG KOWLOON",
				"NAME_TC" : "拔萃小學",
				"ADDRESS_TC" : "九龍塘志士達道一及三號",
				"SEARCH01_EN" : "CO-ED",
				"SEARCH01_TC" : "男女",
				"SEARCH02_EN" : "WHOLE DAY",
				"SEARCH02_TC" : "全日",
				"SEARCH03_EN" : "KOWLOON CITY",
				"SEARCH03_TC" : "九龍城區",
				"SEARCH04_EN" : "PRIMARY",
				"SEARCH04_TC" : "小學",
				"SEARCH05_EN" : "AIDED",
				"SEARCH05_TC" : "資助",
				"NSEARCH01_EN" : "PROTESTANTISM / CHRISTIANITY",
				"NSEARCH01_TC" : "基督教",
				"NSEARCH02_EN" : "23361448",
				"NSEARCH02_TC" : "23361448",
				"NSEARCH03_EN" : "23367854",
				"NSEARCH03_TC" : "23367854",
				"NSEARCH04_EN" : "http://www.dps.edu.hk",
				"NSEARCH04_TC" : "http://www.dps.edu.hk",
				"NSEARCH05_EN" : "511722000123",
				"NSEARCH05_TC" : "511722000123",
				"NORTHING" : 821129,
				"EASTING" : 836487,
				"LATITUDE" : 22.32919798,
				"LONGITUDE" : 114.17900011,
				"LASTUPDATE" : "20231124121823"
			}
		},
		{
			"type" : "Feature",
			"geometry" : {
				"type" : "Point",
				"coordinates" : [ 114.2563655312, 22.3267341943 ]
			},
			"properties" : {
				"OBJECTID" : 364,
				"DATASET_EN" : "Aided Primary Schools",
				"DATASET_TC" : "資助小學",
				"NAME_EN" : "LOK SIN TONG LAU TAK PRIMARY SCHOOL",
				"ADDRESS_EN" : "PO LAM ESTATE TSEUNG KWAN O SAI KUNG NT",
				"NAME_TC" : "樂善堂劉德學校",
				"ADDRESS_TC" : "新界西貢將軍澳寶林邨",
				"SEARCH01_EN" : "CO-ED",
				"SEARCH01_TC" : "男女",
				"SEARCH02_EN" : "WHOLE DAY",
				"SEARCH02_TC" : "全日",
				"SEARCH03_EN" : "SAI KUNG",
				"SEARCH03_TC" : "西貢區",
				"SEARCH04_EN" : "PRIMARY",
				"SEARCH04_TC" : "小學",
				"SEARCH05_EN" : "AIDED",
				"SEARCH05_TC" : "資助",
				"NSEARCH01_EN" : "NOT APPLICABLE",
				"NSEARCH01_TC" : "不適用",
				"NSEARCH02_EN" : "27013072",
				"NSEARCH02_TC" : "27013072",
				"NSEARCH03_EN" : "27016203",
				"NSEARCH03_TC" : "27016203",
				"NSEARCH04_EN" : "http://www.lautak.edu.hk",
				"NSEARCH04_TC" : "http://www.lautak.edu.hk",
				"NSEARCH05_EN" : "115479000123",
				"NSEARCH05_TC" : "115479000123",
				"NORTHING" : 820858.3,
				"EASTING" : 844457.5,
				"LATITUDE" : 22.3267339,
				"LONGITUDE" : 114.25636553,
				"LASTUPDATE" : "20231124121822"
			}
		},
		{
			"type" : "Feature",
			"geometry" : {
				"type" : "Point",
				"coordinates" : [ 114.1324593793, 22.5043565117 ]
			},
			"properties" : {
				"OBJECTID" : 365,
				"DATASET_EN" : "Aided Primary Schools",
				"DATASET_TC" : "資助小學",
				"NAME_EN" : "SHEK WU HUI PUBLIC SCHOOL",
				"ADDRESS_EN" : "TIN PING ESTATE SHEUNG SHUI NT",
				"NAME_TC" : "石湖墟公立學校",
				"ADDRESS_TC" : "新界上水天平邨",
				"SEARCH01_EN" : "CO-ED",
				"SEARCH01_TC" : "男女",
				"SEARCH02_EN" : "WHOLE DAY",
				"SEARCH02_TC" : "全日",
				"SEARCH03_EN" : "NORTH",
				"SEARCH03_TC" : "北區",
				"SEARCH04_EN" : "PRIMARY",
				"SEARCH04_TC" : "小學",
				"SEARCH05_EN" : "AIDED",
				"SEARCH05_TC" : "資助",
				"NSEARCH01_EN" : "NOT APPLICABLE",
				"NSEARCH01_TC" : "不適用",
				"NSEARCH02_EN" : "26721225",
				"NSEARCH02_TC" : "26721225",
				"NSEARCH03_EN" : "26685507",
				"NSEARCH03_TC" : "26685507",
				"NSEARCH04_EN" : "http://www.swhps.edu.hk",
				"NSEARCH04_TC" : "http://www.swhps.edu.hk",
				"NSEARCH05_EN" : "115266000123",
				"NSEARCH05_TC" : "115266000123",
				"NORTHING" : 840526,
				"EASTING" : 831698,
				"LATITUDE" : 22.50435621,
				"LONGITUDE" : 114.13245938,
				"LASTUPDATE" : "20231124121822"
			}
		},
		{
			"type" : "Feature",
			"geometry" : {
				"type" : "Point",
				"coordinates" : [ 114.0671519879, 22.4387554528 ]
			},
			"properties" : {
				"OBJECTID" : 366,
				"DATASET_EN" : "Aided Primary Schools",
				"DATASET_TC" : "資助小學",
				"NAME_EN" : "S.K.H. ST. JOSEPH'S PRIMARY SCHOOL",
				"ADDRESS_EN" : "12 PO TEI ROAD KAM TIN YUEN LONG NEW TERRITORIES",
				"NAME_TC" : "聖公會聖約瑟小學",
				"ADDRESS_TC" : "新界元朗錦田波地路12號",
				"SEARCH01_EN" : "CO-ED",
				"SEARCH01_TC" : "男女",
				"SEARCH02_EN" : "WHOLE DAY",
				"SEARCH02_TC" : "全日",
				"SEARCH03_EN" : "YUEN LONG",
				"SEARCH03_TC" : "元朗區",
				"SEARCH04_EN" : "PRIMARY",
				"SEARCH04_TC" : "小學",
				"SEARCH05_EN" : "AIDED",
				"SEARCH05_TC" : "資助",
				"NSEARCH01_EN" : "PROTESTANTISM / CHRISTIANITY",
				"NSEARCH01_TC" : "基督教",
				"NSEARCH02_EN" : "24764962",
				"NSEARCH02_TC" : "24764962",
				"NSEARCH03_EN" : "24794699",
				"NSEARCH03_TC" : "24794699",
				"NSEARCH04_EN" : "http://www.skhsjs.edu.hk",
				"NSEARCH04_TC" : "http://www.skhsjs.edu.hk",
				"NSEARCH05_EN" : "150770000223",
				"NSEARCH05_TC" : "150770000223",
				"NORTHING" : 833265,
				"EASTING" : 824973,
				"LATITUDE" : 22.43875516,
				"LONGITUDE" : 114.06715198,
				"LASTUPDATE" : "20231124121822"
			}
		},
		{
			"type" : "Feature",
			"geometry" : {
				"type" : "Point",
				"coordinates" : [ 114.004780373, 22.4517138784 ]
			},
			"properties" : {
				"OBJECTID" : 367,
				"DATASET_EN" : "Aided Primary Schools",
				"DATASET_TC" : "資助小學",
				"NAME_EN" : "CHIU YANG PRIMARY SCHOOL OF HONG KONG",
				"ADDRESS_EN" : "TIN YIU ESTATE PHASE III TIN SHUI WAI YUEN LONG NEW TERRITORIES",
				"NAME_TC" : "香港潮陽小學",
				"ADDRESS_TC" : "新界元朗天水圍天耀邨第三期",
				"SEARCH01_EN" : "CO-ED",
				"SEARCH01_TC" : "男女",
				"SEARCH02_EN" : "WHOLE DAY",
				"SEARCH02_TC" : "全日",
				"SEARCH03_EN" : "YUEN LONG",
				"SEARCH03_TC" : "元朗區",
				"SEARCH04_EN" : "PRIMARY",
				"SEARCH04_TC" : "小學",
				"SEARCH05_EN" : "AIDED",
				"SEARCH05_TC" : "資助",
				"NSEARCH01_EN" : "NOT APPLICABLE",
				"NSEARCH01_TC" : "不適用",
				"NSEARCH02_EN" : "24463018",
				"NSEARCH02_TC" : "24463018",
				"NSEARCH03_EN" : "24486756",
				"NSEARCH03_TC" : "24486756",
				"NSEARCH04_EN" : "http://www.cyps.edu.hk",
				"NSEARCH04_TC" : "http://www.cyps.edu.hk",
				"NSEARCH05_EN" : "115738000123",
				"NSEARCH05_TC" : "115738000123",
				"NORTHING" : 834706,
				"EASTING" : 818554,
				"LATITUDE" : 22.45171358,
				"LONGITUDE" : 114.00478037,
				"LASTUPDATE" : "20231124121821"
			}
		},
		{
			"type" : "Feature",
			"geometry" : {
				"type" : "Point",
				"coordinates" : [ 114.1793153278, 22.3147321617 ]
			},
			"properties" : {
				"OBJECTID" : 368,
				"DATASET_EN" : "Aided Primary Schools",
				"DATASET_TC" : "資助小學",
				"NAME_EN" : "LING TO CATHOLIC PRIMARY SCHOOL",
				"ADDRESS_EN" : "ESTATE PRIMARY SCHOOL, CHUN MAN COURT, HOMANTIN, KOWLOON",
				"NAME_TC" : "天主教領島學校",
				"ADDRESS_TC" : "九龍何文田俊民苑屋邨小學",
				"SEARCH01_EN" : "CO-ED",
				"SEARCH01_TC" : "男女",
				"SEARCH02_EN" : "WHOLE DAY",
				"SEARCH02_TC" : "全日",
				"SEARCH03_EN" : "KOWLOON CITY",
				"SEARCH03_TC" : "九龍城區",
				"SEARCH04_EN" : "PRIMARY",
				"SEARCH04_TC" : "小學",
				"SEARCH05_EN" : "AIDED",
				"SEARCH05_TC" : "資助",
				"NSEARCH01_EN" : "CATHOLICISM",
				"NSEARCH01_TC" : "天主教",
				"NSEARCH02_EN" : "27139233",
				"NSEARCH02_TC" : "27139233",
				"NSEARCH03_EN" : "27142640",
				"NSEARCH03_TC" : "27142640",
				"NSEARCH04_EN" : "http://www.lingto.edu.hk",
				"NSEARCH04_TC" : "http://www.lingto.edu.hk",
				"NSEARCH05_EN" : "512664000123",
				"NSEARCH05_TC" : "512664000123",
				"NORTHING" : 819527.1,
				"EASTING" : 836519.5,
				"LATITUDE" : 22.31473187,
				"LONGITUDE" : 114.17931532,
				"LASTUPDATE" : "20231124121821"
			}
		},
		{
			"type" : "Feature",
			"geometry" : {
				"type" : "Point",
				"coordinates" : [ 113.963732622, 22.3762245691 ]
			},
			"properties" : {
				"OBJECTID" : 369,
				"DATASET_EN" : "Aided Primary Schools",
				"DATASET_TC" : "資助小學",
				"NAME_EN" : "YAN TAK CATHOLIC PRIMARY SCHOOL",
				"ADDRESS_EN" : "ESTATE PRIMARY SCHOOL NO 2 PHASE II BUTTERFLY ESTATE TUEN MUN NEW TERRITORIES",
				"NAME_TC" : "仁德天主教小學",
				"ADDRESS_TC" : "新界屯門蝴蝶邨第二期屋邨小學第二校舍",
				"SEARCH01_EN" : "CO-ED",
				"SEARCH01_TC" : "男女",
				"SEARCH02_EN" : "WHOLE DAY",
				"SEARCH02_TC" : "全日",
				"SEARCH03_EN" : "TUEN MUN",
				"SEARCH03_TC" : "屯門區",
				"SEARCH04_EN" : "PRIMARY",
				"SEARCH04_TC" : "小學",
				"SEARCH05_EN" : "AIDED",
				"SEARCH05_TC" : "資助",
				"NSEARCH01_EN" : "CATHOLICISM",
				"NSEARCH01_TC" : "天主教",
				"NSEARCH02_EN" : "24636171",
				"NSEARCH02_TC" : "24636171",
				"NSEARCH03_EN" : "24663660",
				"NSEARCH03_TC" : "24663660",
				"NSEARCH04_EN" : "http://www.yantak.edu.hk",
				"NSEARCH04_TC" : "http://www.yantak.edu.hk",
				"NSEARCH05_EN" : "114839000123",
				"NSEARCH05_TC" : "114839000123",
				"NORTHING" : 826352,
				"EASTING" : 814317,
				"LATITUDE" : 22.37622427,
				"LONGITUDE" : 113.96373262,
				"LASTUPDATE" : "20231124121821"
			}
		},
		{
			"type" : "Feature",
			"geometry" : {
				"type" : "Point",
				"coordinates" : [ 113.9982804931, 22.45966261 ]
			},
			"properties" : {
				"OBJECTID" : 370,
				"DATASET_EN" : "Aided Primary Schools",
				"DATASET_TC" : "資助小學",
				"NAME_EN" : "TIN SHUI WAI METHODIST PRIMARY SCHOOL",
				"ADDRESS_EN" : "PHASE I AREA 31 TIN SHUI WAI NEW TERRITORIES",
				"NAME_TC" : "天水圍循道衞理小學",
				"ADDRESS_TC" : "新界天水圍三十一區第一期",
				"SEARCH01_EN" : "CO-ED",
				"SEARCH01_TC" : "男女",
				"SEARCH02_EN" : "WHOLE DAY",
				"SEARCH02_TC" : "全日",
				"SEARCH03_EN" : "YUEN LONG",
				"SEARCH03_TC" : "元朗區",
				"SEARCH04_EN" : "PRIMARY",
				"SEARCH04_TC" : "小學",
				"SEARCH05_EN" : "AIDED",
				"SEARCH05_TC" : "資助",
				"NSEARCH01_EN" : "PROTESTANTISM / CHRISTIANITY",
				"NSEARCH01_TC" : "基督教",
				"NSEARCH02_EN" : "24480373",
				"NSEARCH02_TC" : "24480373",
				"NSEARCH03_EN" : "24480877",
				"NSEARCH03_TC" : "24480877",
				"NSEARCH04_EN" : "http://www.tswmps.edu.hk",
				"NSEARCH04_TC" : "http://www.tswmps.edu.hk",
				"NSEARCH05_EN" : "530409000123",
				"NSEARCH05_TC" : "530409000123",
				"NORTHING" : 835587,
				"EASTING" : 817886,
				"LATITUDE" : 22.45966231,
				"LONGITUDE" : 113.99828049,
				"LASTUPDATE" : "20231124121820"
			}
		},
		{
			"type" : "Feature",
			"geometry" : {
				"type" : "Point",
				"coordinates" : [ 114.2369341213, 22.31760993 ]
			},
			"properties" : {
				"OBJECTID" : 371,
				"DATASET_EN" : "Aided Primary Schools",
				"DATASET_TC" : "資助小學",
				"NAME_EN" : "SAU MAU PING CATHOLIC PRIMARY SCHOOL",
				"ADDRESS_EN" : "PO TAT ESTATE, KWUN TONG KOWLOON",
				"NAME_TC" : "秀茂坪天主教小學",
				"ADDRESS_TC" : "九龍觀塘寶達邨",
				"SEARCH01_EN" : "CO-ED",
				"SEARCH01_TC" : "男女",
				"SEARCH02_EN" : "WHOLE DAY",
				"SEARCH02_TC" : "全日",
				"SEARCH03_EN" : "KWUN TONG",
				"SEARCH03_TC" : "觀塘區",
				"SEARCH04_EN" : "PRIMARY",
				"SEARCH04_TC" : "小學",
				"SEARCH05_EN" : "AIDED",
				"SEARCH05_TC" : "資助",
				"NSEARCH01_EN" : "CATHOLICISM",
				"NSEARCH01_TC" : "天主教",
				"NSEARCH02_EN" : "23484218",
				"NSEARCH02_TC" : "23484218",
				"NSEARCH03_EN" : "23496359",
				"NSEARCH03_TC" : "23496359",
				"NSEARCH04_EN" : "http://www.smpcps.edu.hk",
				"NSEARCH04_TC" : "http://www.smpcps.edu.hk",
				"NSEARCH05_EN" : "513768000223",
				"NSEARCH05_TC" : "513768000223",
				"NORTHING" : 819847,
				"EASTING" : 842456,
				"LATITUDE" : 22.31760964,
				"LONGITUDE" : 114.23693412,
				"LASTUPDATE" : "20231124121820"
			}
		},
		{
			"type" : "Feature",
			"geometry" : {
				"type" : "Point",
				"coordinates" : [ 114.217600735, 22.3198555308 ]
			},
			"properties" : {
				"OBJECTID" : 372,
				"DATASET_EN" : "Aided Primary Schools",
				"DATASET_TC" : "資助小學",
				"NAME_EN" : "MAN KIU ASSOCIATION PRIMARY SCHOOL",
				"ADDRESS_EN" : "ESTATE SCHOOL NO 3 UPPER NGAU TAU KOK ESTATE KWUN TONG KOWLOON",
				"NAME_TC" : "閩僑小學",
				"ADDRESS_TC" : "九龍觀塘牛頭角上邨第三校舍",
				"SEARCH01_EN" : "CO-ED",
				"SEARCH01_TC" : "男女",
				"SEARCH02_EN" : "WHOLE DAY",
				"SEARCH02_TC" : "全日",
				"SEARCH03_EN" : "KWUN TONG",
				"SEARCH03_TC" : "觀塘區",
				"SEARCH04_EN" : "PRIMARY",
				"SEARCH04_TC" : "小學",
				"SEARCH05_EN" : "AIDED",
				"SEARCH05_TC" : "資助",
				"NSEARCH01_EN" : "NOT APPLICABLE",
				"NSEARCH01_TC" : "不適用",
				"NSEARCH02_EN" : "27570490",
				"NSEARCH02_TC" : "27570490",
				"NSEARCH03_EN" : "23313422",
				"NSEARCH03_TC" : "23313422",
				"NSEARCH04_EN" : "http://www.mkaps.edu.hk",
				"NSEARCH04_TC" : "http://www.mkaps.edu.hk",
				"NSEARCH05_EN" : "512770000123",
				"NSEARCH05_TC" : "512770000123",
				"NORTHING" : 820095,
				"EASTING" : 840464,
				"LATITUDE" : 22.31985524,
				"LONGITUDE" : 114.21760073,
				"LASTUPDATE" : "20231124121820"
			}
		},
		{
			"type" : "Feature",
			"geometry" : {
				"type" : "Point",
				"coordinates" : [ 114.2369878603, 22.3071163541 ]
			},
			"properties" : {
				"OBJECTID" : 373,
				"DATASET_EN" : "Aided Primary Schools",
				"DATASET_TC" : "資助小學",
				"NAME_EN" : "LAM TIN METHODIST PRIMARY SCHOOL",
				"ADDRESS_EN" : "ON TIN STREET PING TIN ESTATE LAM TIN KWUN TONG KOWLOON",
				"NAME_TC" : "藍田循道衛理小學",
				"ADDRESS_TC" : "九龍觀塘藍田平田邨安田街",
				"SEARCH01_EN" : "CO-ED",
				"SEARCH01_TC" : "男女",
				"SEARCH02_EN" : "WHOLE DAY",
				"SEARCH02_TC" : "全日",
				"SEARCH03_EN" : "KWUN TONG",
				"SEARCH03_TC" : "觀塘區",
				"SEARCH04_EN" : "PRIMARY",
				"SEARCH04_TC" : "小學",
				"SEARCH05_EN" : "AIDED",
				"SEARCH05_TC" : "資助",
				"NSEARCH01_EN" : "PROTESTANTISM / CHRISTIANITY",
				"NSEARCH01_TC" : "基督教",
				"NSEARCH02_EN" : "23461033",
				"NSEARCH02_TC" : "23461033",
				"NSEARCH03_EN" : "23496346",
				"NSEARCH03_TC" : "23496346",
				"NSEARCH04_EN" : "http://www.ltmps.edu.hk",
				"NSEARCH04_TC" : "http://www.ltmps.edu.hk",
				"NSEARCH05_EN" : "518433000123",
				"NSEARCH05_TC" : "518433000123",
				"NORTHING" : 818685,
				"EASTING" : 842462,
				"LATITUDE" : 22.30711606,
				"LONGITUDE" : 114.23698786,
				"LASTUPDATE" : "20231124121820"
			}
		},
		{
			"type" : "Feature",
			"geometry" : {
				"type" : "Point",
				"coordinates" : [ 114.1790680386, 22.3275727648 ]
			},
			"properties" : {
				"OBJECTID" : 374,
				"DATASET_EN" : "Aided Primary Schools",
				"DATASET_TC" : "資助小學",
				"NAME_EN" : "MARYKNOLL CONVENT SCHOOL (PRIMARY SECTION)",
				"ADDRESS_EN" : "130 WATERLOO ROAD KOWLOON & EXTENSION WING AT 130 WATERLOO ROAD KOWLOON",
				"NAME_TC" : "瑪利諾修院學校(小學部)",
				"ADDRESS_TC" : "九龍窩打老道130號",
				"SEARCH01_EN" : "GIRLS",
				"SEARCH01_TC" : "女",
				"SEARCH02_EN" : "WHOLE DAY",
				"SEARCH02_TC" : "全日",
				"SEARCH03_EN" : "KOWLOON CITY",
				"SEARCH03_TC" : "九龍城區",
				"SEARCH04_EN" : "PRIMARY",
				"SEARCH04_TC" : "小學",
				"SEARCH05_EN" : "AIDED",
				"SEARCH05_TC" : "資助",
				"NSEARCH01_EN" : "CATHOLICISM",
				"NSEARCH01_TC" : "天主教",
				"NSEARCH02_EN" : "23360611",
				"NSEARCH02_TC" : "23360611",
				"NSEARCH03_EN" : "23363154",
				"NSEARCH03_TC" : "23363154",
				"NSEARCH04_EN" : "http://www.mcsps.edu.hk",
				"NSEARCH04_TC" : "http://www.mcsps.edu.hk",
				"NSEARCH05_EN" : "512826000123",
				"NSEARCH05_TC" : "512826000123",
				"NORTHING" : 820949,
				"EASTING" : 836494,
				"LATITUDE" : 22.32757247,
				"LONGITUDE" : 114.17906803,
				"LASTUPDATE" : "20231124121819"
			}
		},
		{
			"type" : "Feature",
			"geometry" : {
				"type" : "Point",
				"coordinates" : [ 114.1018537675, 22.3616458067 ]
			},
			"properties" : {
				"OBJECTID" : 375,
				"DATASET_EN" : "Aided Primary Schools",
				"DATASET_TC" : "資助小學",
				"NAME_EN" : "TUNG WAH GROUP OF HOSPITALS WONG SEE SUM PRIMARY SCHOOL",
				"ADDRESS_EN" : "CHEUNG ON ESTATE TSING YI NEW TERRITORIES",
				"NAME_TC" : "東華三院黃士心小學",
				"ADDRESS_TC" : "新界青衣長安邨",
				"SEARCH01_EN" : "CO-ED",
				"SEARCH01_TC" : "男女",
				"SEARCH02_EN" : "WHOLE DAY",
				"SEARCH02_TC" : "全日",
				"SEARCH03_EN" : "KWAI TSING",
				"SEARCH03_TC" : "葵青區",
				"SEARCH04_EN" : "PRIMARY",
				"SEARCH04_TC" : "小學",
				"SEARCH05_EN" : "AIDED",
				"SEARCH05_TC" : "資助",
				"NSEARCH01_EN" : "NOT APPLICABLE",
				"NSEARCH01_TC" : "不適用",
				"NSEARCH02_EN" : "24978784",
				"NSEARCH02_TC" : "24978784",
				"NSEARCH03_EN" : "24352947",
				"NSEARCH03_TC" : "24352947",
				"NSEARCH04_EN" : "http://www.twghwssp.edu.hk",
				"NSEARCH04_TC" : "http://www.twghwssp.edu.hk",
				"NSEARCH05_EN" : "115363000123",
				"NSEARCH05_TC" : "115363000123",
				"NORTHING" : 824724,
				"EASTING" : 828541,
				"LATITUDE" : 22.36164551,
				"LONGITUDE" : 114.10185376,
				"LASTUPDATE" : "20231124121819"
			}
		},
		{
			"type" : "Feature",
			"geometry" : {
				"type" : "Point",
				"coordinates" : [ 114.2173187323, 22.3180223909 ]
			},
			"properties" : {
				"OBJECTID" : 376,
				"DATASET_EN" : "Aided Primary Schools",
				"DATASET_TC" : "資助小學",
				"NAME_EN" : "S.K.H. KEI HIN PRIMARY SCHOOL",
				"ADDRESS_EN" : "ON SHIN ROAD UPPER NGAU TAU KOK ESTATE KOWLOON",
				"NAME_TC" : "聖公會基顯小學",
				"ADDRESS_TC" : "九龍牛頭角上邨安善道",
				"SEARCH01_EN" : "CO-ED",
				"SEARCH01_TC" : "男女",
				"SEARCH02_EN" : "WHOLE DAY",
				"SEARCH02_TC" : "全日",
				"SEARCH03_EN" : "KWUN TONG",
				"SEARCH03_TC" : "觀塘區",
				"SEARCH04_EN" : "PRIMARY",
				"SEARCH04_TC" : "小學",
				"SEARCH05_EN" : "AIDED",
				"SEARCH05_TC" : "資助",
				"NSEARCH01_EN" : "PROTESTANTISM / CHRISTIANITY",
				"NSEARCH01_TC" : "基督教",
				"NSEARCH02_EN" : "27507771",
				"NSEARCH02_TC" : "27507771",
				"NSEARCH03_EN" : "27951274",
				"NSEARCH03_TC" : "27951274",
				"NSEARCH04_EN" : "http://www.skhkeihin.edu.hk",
				"NSEARCH04_TC" : "http://www.skhkeihin.edu.hk",
				"NSEARCH05_EN" : "513466000123",
				"NSEARCH05_TC" : "513466000123",
				"NORTHING" : 819892,
				"EASTING" : 840435,
				"LATITUDE" : 22.3180221,
				"LONGITUDE" : 114.21731873,
				"LASTUPDATE" : "20231124121819"
			}
		},
		{
			"type" : "Feature",
			"geometry" : {
				"type" : "Point",
				"coordinates" : [ 113.9740251531, 22.3895667885 ]
			},
			"properties" : {
				"OBJECTID" : 377,
				"DATASET_EN" : "Aided Primary Schools",
				"DATASET_TC" : "資助小學",
				"NAME_EN" : "SHUN TAK FRATERNAL ASSOCIATION HO YAT TUNG PRIMARY SCHOOL",
				"ADDRESS_EN" : "ESTATE PRIMARY SCHOOL NO 5 YAU OI ESTATE AREA 15 TUEN MUN NEW TERRITORIES",
				"NAME_TC" : "順德聯誼總會何日東小學",
				"ADDRESS_TC" : "新界屯門第15區友愛邨屋邨小學第5號",
				"SEARCH01_EN" : "CO-ED",
				"SEARCH01_TC" : "男女",
				"SEARCH02_EN" : "WHOLE DAY",
				"SEARCH02_TC" : "全日",
				"SEARCH03_EN" : "TUEN MUN",
				"SEARCH03_TC" : "屯門區",
				"SEARCH04_EN" : "PRIMARY",
				"SEARCH04_TC" : "小學",
				"SEARCH05_EN" : "AIDED",
				"SEARCH05_TC" : "資助",
				"NSEARCH01_EN" : "NOT APPLICABLE",
				"NSEARCH01_TC" : "不適用",
				"NSEARCH02_EN" : "24586111",
				"NSEARCH02_TC" : "24586111",
				"NSEARCH03_EN" : "24581834",
				"NSEARCH03_TC" : "24581834",
				"NSEARCH04_EN" : "http://www.hytps.edu.hk",
				"NSEARCH04_TC" : "http://www.hytps.edu.hk",
				"NSEARCH05_EN" : "114898000123",
				"NSEARCH05_TC" : "114898000123",
				"NORTHING" : 827828,
				"EASTING" : 815379,
				"LATITUDE" : 22.38956649,
				"LONGITUDE" : 113.97402515,
				"LASTUPDATE" : "20231124121819"
			}
		},
		{
			"type" : "Feature",
			"geometry" : {
				"type" : "Point",
				"coordinates" : [ 114.1679550803, 22.3113897123 ]
			},
			"properties" : {
				"OBJECTID" : 378,
				"DATASET_EN" : "Aided Primary Schools",
				"DATASET_TC" : "資助小學",
				"NAME_EN" : "YAUMATI CATHOLIC PRIMARY SCHOOL",
				"ADDRESS_EN" : "41 TUNG KUN STREET KOWLOON",
				"NAME_TC" : "油蔴地天主教小學",
				"ADDRESS_TC" : "九龍油麻地東莞街41號",
				"SEARCH01_EN" : "CO-ED",
				"SEARCH01_TC" : "男女",
				"SEARCH02_EN" : "WHOLE DAY",
				"SEARCH02_TC" : "全日",
				"SEARCH03_EN" : "YAU TSIM MONG",
				"SEARCH03_TC" : "油尖旺區",
				"SEARCH04_EN" : "PRIMARY",
				"SEARCH04_TC" : "小學",
				"SEARCH05_EN" : "AIDED",
				"SEARCH05_TC" : "資助",
				"NSEARCH01_EN" : "CATHOLICISM",
				"NSEARCH01_TC" : "天主教",
				"NSEARCH02_EN" : "27807311",
				"NSEARCH02_TC" : "27807311",
				"NSEARCH03_EN" : "27807313",
				"NSEARCH03_TC" : "27807313",
				"NSEARCH04_EN" : "http://www.ymtcps.edu.hk",
				"NSEARCH04_TC" : "http://www.ymtcps.edu.hk",
				"NSEARCH05_EN" : "511021000123",
				"NSEARCH05_TC" : "511021000123",
				"NORTHING" : 819157,
				"EASTING" : 835349,
				"LATITUDE" : 22.31138942,
				"LONGITUDE" : 114.16795508,
				"LASTUPDATE" : "20231124121818"
			}
		},
		{
			"type" : "Feature",
			"geometry" : {
				"type" : "Point",
				"coordinates" : [ 114.2665189133, 22.319790698 ]
			},
			"properties" : {
				"OBJECTID" : 379,
				"DATASET_EN" : "Aided Primary Schools",
				"DATASET_TC" : "資助小學",
				"NAME_EN" : "HONG KONG AND MACAU LUTHERAN CHURCH PRIMARY SCHOOL",
				"ADDRESS_EN" : "4 CHAP FUK ROAD TSEUNG KWAN O NEW TERRITORIES",
				"NAME_TC" : "港澳信義會小學",
				"ADDRESS_TC" : "將軍澳集福路4號",
				"SEARCH01_EN" : "CO-ED",
				"SEARCH01_TC" : "男女",
				"SEARCH02_EN" : "WHOLE DAY",
				"SEARCH02_TC" : "全日",
				"SEARCH03_EN" : "SAI KUNG",
				"SEARCH03_TC" : "西貢區",
				"SEARCH04_EN" : "PRIMARY",
				"SEARCH04_TC" : "小學",
				"SEARCH05_EN" : "AIDED",
				"SEARCH05_TC" : "資助",
				"NSEARCH01_EN" : "PROTESTANTISM / CHRISTIANITY",
				"NSEARCH01_TC" : "基督教",
				"NSEARCH02_EN" : "27019803",
				"NSEARCH02_TC" : "27019803",
				"NSEARCH03_EN" : "27040066",
				"NSEARCH03_TC" : "27040066",
				"NSEARCH04_EN" : "http://www.hkmlcps.edu.hk",
				"NSEARCH04_TC" : "http://www.hkmlcps.edu.hk",
				"NSEARCH05_EN" : "115630000123",
				"NSEARCH05_TC" : "115630000123",
				"NORTHING" : 820090,
				"EASTING" : 845504,
				"LATITUDE" : 22.31979041,
				"LONGITUDE" : 114.26651891,
				"LASTUPDATE" : "20231124121818"
			}
		},
		{
			"type" : "Feature",
			"geometry" : {
				"type" : "Point",
				"coordinates" : [ 113.9770497166, 22.3864098853 ]
			},
			"properties" : {
				"OBJECTID" : 380,
				"DATASET_EN" : "Aided Primary Schools",
				"DATASET_TC" : "資助小學",
				"NAME_EN" : "SHUN TAK FRATERNAL ASSOCIATION WU SIU KUI MEMORIAL PRIMARY SCHOOL",
				"ADDRESS_EN" : "ESTATE PRIMARY SCHOOL NO 3 ON TING ESTATE TUEN MUN NEW TERRITORIES",
				"NAME_TC" : "順德聯誼總會胡少渠紀念小學",
				"ADDRESS_TC" : "新界屯門安定邨屋邨小學第三校舍",
				"SEARCH01_EN" : "CO-ED",
				"SEARCH01_TC" : "男女",
				"SEARCH02_EN" : "WHOLE DAY",
				"SEARCH02_TC" : "全日",
				"SEARCH03_EN" : "TUEN MUN",
				"SEARCH03_TC" : "屯門區",
				"SEARCH04_EN" : "PRIMARY",
				"SEARCH04_TC" : "小學",
				"SEARCH05_EN" : "AIDED",
				"SEARCH05_TC" : "資助",
				"NSEARCH01_EN" : "NOT APPLICABLE",
				"NSEARCH01_TC" : "不適用",
				"NSEARCH02_EN" : "24503833",
				"NSEARCH02_TC" : "24503833",
				"NSEARCH03_EN" : "26183132",
				"NSEARCH03_TC" : "26183132",
				"NSEARCH04_EN" : "http://www.wsk.edu.hk",
				"NSEARCH04_TC" : "http://www.wsk.edu.hk",
				"NSEARCH05_EN" : "114766000123",
				"NSEARCH05_TC" : "114766000123",
				"NORTHING" : 827478,
				"EASTING" : 815690,
				"LATITUDE" : 22.38640959,
				"LONGITUDE" : 113.97704971,
				"LASTUPDATE" : "20231124121818"
			}
		},
		{
			"type" : "Feature",
			"geometry" : {
				"type" : "Point",
				"coordinates" : [ 114.1853186926, 22.3217207366 ]
			},
			"properties" : {
				"OBJECTID" : 381,
				"DATASET_EN" : "Aided Primary Schools",
				"DATASET_TC" : "資助小學",
				"NAME_EN" : "HEEP YUNN PRIMARY SCHOOL",
				"ADDRESS_EN" : "1 FARM ROAD KOWLOON",
				"NAME_TC" : "協恩中學附屬小學",
				"ADDRESS_TC" : "九龍農圃道1號",
				"SEARCH01_EN" : "GIRLS",
				"SEARCH01_TC" : "女",
				"SEARCH02_EN" : "WHOLE DAY",
				"SEARCH02_TC" : "全日",
				"SEARCH03_EN" : "KOWLOON CITY",
				"SEARCH03_TC" : "九龍城區",
				"SEARCH04_EN" : "PRIMARY",
				"SEARCH04_TC" : "小學",
				"SEARCH05_EN" : "AIDED",
				"SEARCH05_TC" : "資助",
				"NSEARCH01_EN" : "PROTESTANTISM / CHRISTIANITY",
				"NSEARCH01_TC" : "基督教",
				"NSEARCH02_EN" : "27111263",
				"NSEARCH02_TC" : "27111263",
				"NSEARCH03_EN" : "27141958",
				"NSEARCH03_TC" : "27141958",
				"NSEARCH04_EN" : "http://www.hyps.edu.hk",
				"NSEARCH04_TC" : "http://www.hyps.edu.hk",
				"NSEARCH05_EN" : "511927000223",
				"NSEARCH05_TC" : "511927000223",
				"NORTHING" : 820301,
				"EASTING" : 837138,
				"LATITUDE" : 22.32172044,
				"LONGITUDE" : 114.18531869,
				"LASTUPDATE" : "20231124121818"
			}
		},
		{
			"type" : "Feature",
			"geometry" : {
				"type" : "Point",
				"coordinates" : [ 114.2074612692, 22.290499252 ]
			},
			"properties" : {
				"OBJECTID" : 382,
				"DATASET_EN" : "Aided Primary Schools",
				"DATASET_TC" : "資助小學",
				"NAME_EN" : "CHINESE METHODIST SCHOOL (NORTH POINT)",
				"ADDRESS_EN" : "15 PAK FUK ROAD NORTH POINT HONG KONG",
				"NAME_TC" : "北角循道學校",
				"ADDRESS_TC" : "香港北角百福道15號",
				"SEARCH01_EN" : "CO-ED",
				"SEARCH01_TC" : "男女",
				"SEARCH02_EN" : "WHOLE DAY",
				"SEARCH02_TC" : "全日",
				"SEARCH03_EN" : "EASTERN",
				"SEARCH03_TC" : "東區",
				"SEARCH04_EN" : "PRIMARY",
				"SEARCH04_TC" : "小學",
				"SEARCH05_EN" : "AIDED",
				"SEARCH05_TC" : "資助",
				"NSEARCH01_EN" : "PROTESTANTISM / CHRISTIANITY",
				"NSEARCH01_TC" : "基督教",
				"NSEARCH02_EN" : "25619693",
				"NSEARCH02_TC" : "25619693",
				"NSEARCH03_EN" : "25627860",
				"NSEARCH03_TC" : "25627860",
				"NSEARCH04_EN" : "http://www.cmsnp.edu.hk",
				"NSEARCH04_TC" : "http://www.cmsnp.edu.hk",
				"NSEARCH05_EN" : "510750000123",
				"NSEARCH05_TC" : "510750000123",
				"NORTHING" : 816844,
				"EASTING" : 839420,
				"LATITUDE" : 22.29049896,
				"LONGITUDE" : 114.20746127,
				"LASTUPDATE" : "20231124121817"
			}
		},
		{
			"type" : "Feature",
			"geometry" : {
				"type" : "Point",
				"coordinates" : [ 114.0063124004, 22.4541356561 ]
			},
			"properties" : {
				"OBJECTID" : 383,
				"DATASET_EN" : "Aided Primary Schools",
				"DATASET_TC" : "資助小學",
				"NAME_EN" : "HO MING PRIMARY SCHOOL (SPONSORED BY SIK SIK YUEN)",
				"ADDRESS_EN" : "2 TIN PAK ROAD TIN SHUI WAI YUEN LONG NEW TERRITORIES",
				"NAME_TC" : "嗇色園主辦可銘學校",
				"ADDRESS_TC" : "新界元朗天水圍天柏路2號",
				"SEARCH01_EN" : "CO-ED",
				"SEARCH01_TC" : "男女",
				"SEARCH02_EN" : "WHOLE DAY",
				"SEARCH02_TC" : "全日",
				"SEARCH03_EN" : "YUEN LONG",
				"SEARCH03_TC" : "元朗區",
				"SEARCH04_EN" : "PRIMARY",
				"SEARCH04_TC" : "小學",
				"SEARCH05_EN" : "AIDED",
				"SEARCH05_TC" : "資助",
				"NSEARCH01_EN" : "CONFUCIANISM,BUDDHISM & TAOISM",
				"NSEARCH01_TC" : "儒釋道三教",
				"NSEARCH02_EN" : "24450101",
				"NSEARCH02_TC" : "24450101",
				"NSEARCH03_EN" : "24459247",
				"NSEARCH03_TC" : "24459247",
				"NSEARCH04_EN" : "http://www.homing.edu.hk",
				"NSEARCH04_TC" : "http://www.homing.edu.hk",
				"NSEARCH05_EN" : "115711000223",
				"NSEARCH05_TC" : "115711000223",
				"NORTHING" : 834974,
				"EASTING" : 818712,
				"LATITUDE" : 22.45413536,
				"LONGITUDE" : 114.0063124,
				"LASTUPDATE" : "20231124121817"
			}
		},
		{
			"type" : "Feature",
			"geometry" : {
				"type" : "Point",
				"coordinates" : [ 114.14205615, 22.4871920855 ]
			},
			"properties" : {
				"OBJECTID" : 384,
				"DATASET_EN" : "Aided Primary Schools",
				"DATASET_TC" : "資助小學",
				"NAME_EN" : "HHCKLA BUDDHIST CHING KOK LIN ASSOCIATION SCHOOL",
				"ADDRESS_EN" : "12 YAT MING ROAD FANLING NT",
				"NAME_TC" : "香海正覺蓮社佛教正覺蓮社學校",
				"ADDRESS_TC" : "新界粉嶺一鳴路12號",
				"SEARCH01_EN" : "CO-ED",
				"SEARCH01_TC" : "男女",
				"SEARCH02_EN" : "WHOLE DAY",
				"SEARCH02_TC" : "全日",
				"SEARCH03_EN" : "NORTH",
				"SEARCH03_TC" : "北區",
				"SEARCH04_EN" : "PRIMARY",
				"SEARCH04_TC" : "小學",
				"SEARCH05_EN" : "AIDED",
				"SEARCH05_TC" : "資助",
				"NSEARCH01_EN" : "BUDDHISM",
				"NSEARCH01_TC" : "佛教",
				"NSEARCH02_EN" : "26754411",
				"NSEARCH02_TC" : "26754411",
				"NSEARCH03_EN" : "26754066",
				"NSEARCH03_TC" : "26754066",
				"NSEARCH04_EN" : "http://www.bcklas.edu.hk",
				"NSEARCH04_TC" : "http://www.bcklas.edu.hk",
				"NSEARCH05_EN" : "115339000123",
				"NSEARCH05_TC" : "115339000123",
				"NORTHING" : 838625,
				"EASTING" : 832685,
				"LATITUDE" : 22.48719179,
				"LONGITUDE" : 114.14205615,
				"LASTUPDATE" : "20231124121817"
			}
		},
		{
			"type" : "Feature",
			"geometry" : {
				"type" : "Point",
				"coordinates" : [ 114.1545763202, 22.3410177823 ]
			},
			"properties" : {
				"OBJECTID" : 385,
				"DATASET_EN" : "Aided Primary Schools",
				"DATASET_TC" : "資助小學",
				"NAME_EN" : "FIVE DISTRICTS BUSINESS WELFARE ASSOCIATION SCHOOL",
				"ADDRESS_EN" : "70 WING HONG STREET, SHAMSHUIPO, KOWLOON",
				"NAME_TC" : "五邑工商總會學校",
				"ADDRESS_TC" : "九龍深水埗永康街70號",
				"SEARCH01_EN" : "CO-ED",
				"SEARCH01_TC" : "男女",
				"SEARCH02_EN" : "WHOLE DAY",
				"SEARCH02_TC" : "全日",
				"SEARCH03_EN" : "SHAM SHUI PO",
				"SEARCH03_TC" : "深水埗區",
				"SEARCH04_EN" : "PRIMARY",
				"SEARCH04_TC" : "小學",
				"SEARCH05_EN" : "AIDED",
				"SEARCH05_TC" : "資助",
				"NSEARCH01_EN" : "NOT APPLICABLE",
				"NSEARCH01_TC" : "不適用",
				"NSEARCH02_EN" : "23071017",
				"NSEARCH02_TC" : "23071017",
				"NSEARCH03_EN" : "23700692",
				"NSEARCH03_TC" : "23700692",
				"NSEARCH04_EN" : "http://www.fdbwa.edu.hk",
				"NSEARCH04_TC" : "http://www.fdbwa.edu.hk",
				"NSEARCH05_EN" : "511790000123",
				"NSEARCH05_TC" : "511790000123",
				"NORTHING" : 822438,
				"EASTING" : 833971,
				"LATITUDE" : 22.34101749,
				"LONGITUDE" : 114.15457632,
				"LASTUPDATE" : "20231124121817"
			}
		},
		{
			"type" : "Feature",
			"geometry" : {
				"type" : "Point",
				"coordinates" : [ 113.9614371119, 22.4040353757 ]
			},
			"properties" : {
				"OBJECTID" : 386,
				"DATASET_EN" : "Aided Primary Schools",
				"DATASET_TC" : "資助小學",
				"NAME_EN" : "HONG KONG RED SWASTIKA SOCIETY TUEN MUN PRIMARY SCHOOL",
				"ADDRESS_EN" : "LEUNG KING ESTATE TUEN MUN NEW TERRITORIES",
				"NAME_TC" : "香港紅卍字會屯門卍慈小學",
				"ADDRESS_TC" : "新界屯門良景邨",
				"SEARCH01_EN" : "CO-ED",
				"SEARCH01_TC" : "男女",
				"SEARCH02_EN" : "WHOLE DAY",
				"SEARCH02_TC" : "全日",
				"SEARCH03_EN" : "TUEN MUN",
				"SEARCH03_TC" : "屯門區",
				"SEARCH04_EN" : "PRIMARY",
				"SEARCH04_TC" : "小學",
				"SEARCH05_EN" : "AIDED",
				"SEARCH05_TC" : "資助",
				"NSEARCH01_EN" : "NOT APPLICABLE",
				"NSEARCH01_TC" : "不適用",
				"NSEARCH02_EN" : "24611968",
				"NSEARCH02_TC" : "24611968",
				"NSEARCH03_EN" : "24632537",
				"NSEARCH03_TC" : "24632537",
				"NSEARCH04_EN" : "http://www.hkrsstmps.edu.hk",
				"NSEARCH04_TC" : "http://www.hkrsstmps.edu.hk",
				"NSEARCH05_EN" : "115380000123",
				"NSEARCH05_TC" : "115380000123",
				"NORTHING" : 829432,
				"EASTING" : 814085,
				"LATITUDE" : 22.40403508,
				"LONGITUDE" : 113.96143711,
				"LASTUPDATE" : "20231124121816"
			}
		},
		{
			"type" : "Feature",
			"geometry" : {
				"type" : "Point",
				"coordinates" : [ 114.1909366804, 22.3031985804 ]
			},
			"properties" : {
				"OBJECTID" : 387,
				"DATASET_EN" : "Aided Primary Schools",
				"DATASET_TC" : "資助小學",
				"NAME_EN" : "ALLIANCE PRIMARY SCHOOL, WHAMPOA",
				"ADDRESS_EN" : "21 TAK FUNG STREET WHAMPOA GARDEN HUNG HOM KOWLOON",
				"NAME_TC" : "黃埔宣道小學",
				"ADDRESS_TC" : "九龍紅磡黃埔花園德豐街21號",
				"SEARCH01_EN" : "CO-ED",
				"SEARCH01_TC" : "男女",
				"SEARCH02_EN" : "WHOLE DAY",
				"SEARCH02_TC" : "全日",
				"SEARCH03_EN" : "KOWLOON CITY",
				"SEARCH03_TC" : "九龍城區",
				"SEARCH04_EN" : "PRIMARY",
				"SEARCH04_TC" : "小學",
				"SEARCH05_EN" : "AIDED",
				"SEARCH05_TC" : "資助",
				"NSEARCH01_EN" : "PROTESTANTISM / CHRISTIANITY",
				"NSEARCH01_TC" : "基督教",
				"NSEARCH02_EN" : "23367742",
				"NSEARCH02_TC" : "23367742",
				"NSEARCH03_EN" : "21428096",
				"NSEARCH03_TC" : "21428096",
				"NSEARCH04_EN" : "http://www.apsw.edu.hk",
				"NSEARCH04_TC" : "http://www.apsw.edu.hk",
				"NSEARCH05_EN" : "522007000123",
				"NSEARCH05_TC" : "522007000123",
				"NORTHING" : 818250,
				"EASTING" : 837717,
				"LATITUDE" : 22.30319829,
				"LONGITUDE" : 114.19093668,
				"LASTUPDATE" : "20231124121816"
			}
		},
		{
			"type" : "Feature",
			"geometry" : {
				"type" : "Point",
				"coordinates" : [ 114.2117306002, 22.3278760631 ]
			},
			"properties" : {
				"OBJECTID" : 388,
				"DATASET_EN" : "Aided Primary Schools",
				"DATASET_TC" : "資助小學",
				"NAME_EN" : "KOWLOON BAY ST. JOHN THE BAPTIST CATHOLIC PRIMARY SCHOOL",
				"ADDRESS_EN" : "23 KAI YIP ROAD KWUN TONG KOWLOON",
				"NAME_TC" : "九龍灣聖若翰天主教小學",
				"ADDRESS_TC" : "九龍觀塘啓業道23號",
				"SEARCH01_EN" : "CO-ED",
				"SEARCH01_TC" : "男女",
				"SEARCH02_EN" : "WHOLE DAY",
				"SEARCH02_TC" : "全日",
				"SEARCH03_EN" : "KWUN TONG",
				"SEARCH03_TC" : "觀塘區",
				"SEARCH04_EN" : "PRIMARY",
				"SEARCH04_TC" : "小學",
				"SEARCH05_EN" : "AIDED",
				"SEARCH05_TC" : "資助",
				"NSEARCH01_EN" : "CATHOLICISM",
				"NSEARCH01_TC" : "天主教",
				"NSEARCH02_EN" : "23432311",
				"NSEARCH02_TC" : "23432311",
				"NSEARCH03_EN" : "23433011",
				"NSEARCH03_TC" : "23433011",
				"NSEARCH04_EN" : "http://www.kbsjb.edu.hk",
				"NSEARCH04_TC" : "http://www.kbsjb.edu.hk",
				"NSEARCH05_EN" : "550248000123",
				"NSEARCH05_TC" : "550248000123",
				"NORTHING" : 820983,
				"EASTING" : 839859,
				"LATITUDE" : 22.32787577,
				"LONGITUDE" : 114.2117306,
				"LASTUPDATE" : "20231124121816"
			}
		},
		{
			"type" : "Feature",
			"geometry" : {
				"type" : "Point",
				"coordinates" : [ 114.0011624966, 22.4470593151 ]
			},
			"properties" : {
				"OBJECTID" : 389,
				"DATASET_EN" : "Aided Primary Schools",
				"DATASET_TC" : "資助小學",
				"NAME_EN" : "LIONS CLUBS INTERNATIONAL HO TAK SUM PRIMARY SCHOOL",
				"ADDRESS_EN" : "AREA 3 (PS2) PHASE 4 TIN SHUI WAI YUEN LONG NEW TERRITORIES",
				"NAME_TC" : "獅子會何德心小學",
				"ADDRESS_TC" : "新界元朗天水圍三區第四期(第二小學)",
				"SEARCH01_EN" : "CO-ED",
				"SEARCH01_TC" : "男女",
				"SEARCH02_EN" : "WHOLE DAY",
				"SEARCH02_TC" : "全日",
				"SEARCH03_EN" : "YUEN LONG",
				"SEARCH03_TC" : "元朗區",
				"SEARCH04_EN" : "PRIMARY",
				"SEARCH04_TC" : "小學",
				"SEARCH05_EN" : "AIDED",
				"SEARCH05_TC" : "資助",
				"NSEARCH01_EN" : "NOT APPLICABLE",
				"NSEARCH01_TC" : "不適用",
				"NSEARCH02_EN" : "26179682",
				"NSEARCH02_TC" : "26179682",
				"NSEARCH03_EN" : "26179121",
				"NSEARCH03_TC" : "26179121",
				"NSEARCH04_EN" : "http://www.htsps.edu.hk",
				"NSEARCH04_TC" : "http://www.htsps.edu.hk",
				"NSEARCH05_EN" : "529770000123",
				"NSEARCH05_TC" : "529770000123",
				"NORTHING" : 834191,
				"EASTING" : 818181,
				"LATITUDE" : 22.44705902,
				"LONGITUDE" : 114.00116249,
				"LASTUPDATE" : "20231124121816"
			}
		},
		{
			"type" : "Feature",
			"geometry" : {
				"type" : "Point",
				"coordinates" : [ 114.1264168572, 22.3627570453 ]
			},
			"properties" : {
				"OBJECTID" : 390,
				"DATASET_EN" : "Aided Primary Schools",
				"DATASET_TC" : "資助小學",
				"NAME_EN" : "THE EVANGELICAL LUTHERAN CHURCH OF HONG KONG KWAI SHING LUTHERAN PRIMARY SCHOOL",
				"ADDRESS_EN" : "ESTATE SCHOOL NO. 6, KWAI SHING ESTATE, KWAI CHUNG, NEW TERRITORIES",
				"NAME_TC" : "基督教香港信義會葵盛信義學校",
				"ADDRESS_TC" : "新界葵涌葵盛邨屋邨學校第六座校舍",
				"SEARCH01_EN" : "CO-ED",
				"SEARCH01_TC" : "男女",
				"SEARCH02_EN" : "WHOLE DAY",
				"SEARCH02_TC" : "全日",
				"SEARCH03_EN" : "KWAI TSING",
				"SEARCH03_TC" : "葵青區",
				"SEARCH04_EN" : "PRIMARY",
				"SEARCH04_TC" : "小學",
				"SEARCH05_EN" : "AIDED",
				"SEARCH05_TC" : "資助",
				"NSEARCH01_EN" : "PROTESTANTISM / CHRISTIANITY",
				"NSEARCH01_TC" : "基督教",
				"NSEARCH02_EN" : "24225180",
				"NSEARCH02_TC" : "24225180",
				"NSEARCH03_EN" : "24199470",
				"NSEARCH03_TC" : "24199470",
				"NSEARCH04_EN" : "http://www.kslps.edu.hk",
				"NSEARCH04_TC" : "http://www.kslps.edu.hk",
				"NSEARCH05_EN" : "114316000123",
				"NSEARCH05_TC" : "114316000123",
				"NORTHING" : 824846,
				"EASTING" : 831071,
				"LATITUDE" : 22.36275675,
				"LONGITUDE" : 114.12641685,
				"LASTUPDATE" : "20231124121816"
			}
		},
		{
			"type" : "Feature",
			"geometry" : {
				"type" : "Point",
				"coordinates" : [ 114.1558313965, 22.322225312 ]
			},
			"properties" : {
				"OBJECTID" : 391,
				"DATASET_EN" : "Aided Primary Schools",
				"DATASET_TC" : "資助小學",
				"NAME_EN" : "TAI KOK TSUI CATHOLIC PRIMARY SCHOOL (HOI FAN ROAD)",
				"ADDRESS_EN" : "20 HOI FAN ROAD TAI KOK TSUI KOWLOON",
				"NAME_TC" : "大角嘴天主教小學(海帆道)",
				"ADDRESS_TC" : "九龍大角嘴海帆道20號",
				"SEARCH01_EN" : "CO-ED",
				"SEARCH01_TC" : "男女",
				"SEARCH02_EN" : "WHOLE DAY",
				"SEARCH02_TC" : "全日",
				"SEARCH03_EN" : "YAU TSIM MONG",
				"SEARCH03_TC" : "油尖旺區",
				"SEARCH04_EN" : "PRIMARY",
				"SEARCH04_TC" : "小學",
				"SEARCH05_EN" : "AIDED",
				"SEARCH05_TC" : "資助",
				"NSEARCH01_EN" : "CATHOLICISM",
				"NSEARCH01_TC" : "天主教",
				"NSEARCH02_EN" : "21914270",
				"NSEARCH02_TC" : "21914270",
				"NSEARCH03_EN" : "21914252",
				"NSEARCH03_TC" : "21914252",
				"NSEARCH04_EN" : "http://www.tktcpshfr.edu.hk",
				"NSEARCH04_TC" : "http://www.tktcpshfr.edu.hk",
				"NSEARCH05_EN" : "539520000123",
				"NSEARCH05_TC" : "539520000123",
				"NORTHING" : 820357,
				"EASTING" : 834100,
				"LATITUDE" : 22.32222502,
				"LONGITUDE" : 114.15583139,
				"LASTUPDATE" : "20231124121815"
			}
		},
		{
			"type" : "Feature",
			"geometry" : {
				"type" : "Point",
				"coordinates" : [ 114.2535741894, 22.3076421605 ]
			},
			"properties" : {
				"OBJECTID" : 392,
				"DATASET_EN" : "Aided Primary Schools",
				"DATASET_TC" : "資助小學",
				"NAME_EN" : "HONG KONG AND MACAU LUTHERAN CHURCH MING TAO PRIMARY SCHOOL",
				"ADDRESS_EN" : "7 CHOI MING STREET, CHOI MING COURT, TSEUNG KWAN O, NEW TERRITORIES",
				"NAME_TC" : "港澳信義會明道小學",
				"ADDRESS_TC" : "新界將軍澳彩明苑彩明街7號",
				"SEARCH01_EN" : "CO-ED",
				"SEARCH01_TC" : "男女",
				"SEARCH02_EN" : "WHOLE DAY",
				"SEARCH02_TC" : "全日",
				"SEARCH03_EN" : "SAI KUNG",
				"SEARCH03_TC" : "西貢區",
				"SEARCH04_EN" : "PRIMARY",
				"SEARCH04_TC" : "小學",
				"SEARCH05_EN" : "AIDED",
				"SEARCH05_TC" : "資助",
				"NSEARCH01_EN" : "PROTESTANTISM / CHRISTIANITY",
				"NSEARCH01_TC" : "基督教",
				"NSEARCH02_EN" : "31294294",
				"NSEARCH02_TC" : "31294294",
				"NSEARCH03_EN" : "31294194",
				"NSEARCH03_TC" : "31294194",
				"NSEARCH04_EN" : "http://www.hkmlc-mtps.edu.hk",
				"NSEARCH04_TC" : "http://www.hkmlc-mtps.edu.hk",
				"NSEARCH05_EN" : "538809000123",
				"NSEARCH05_TC" : "538809000123",
				"NORTHING" : 818744,
				"EASTING" : 844171,
				"LATITUDE" : 22.30764187,
				"LONGITUDE" : 114.25357419,
				"LASTUPDATE" : "20231124121815"
			}
		},
		{
			"type" : "Feature",
			"geometry" : {
				"type" : "Point",
				"coordinates" : [ 114.257098154, 22.3093833608 ]
			},
			"properties" : {
				"OBJECTID" : 393,
				"DATASET_EN" : "Aided Primary Schools",
				"DATASET_TC" : "資助小學",
				"NAME_EN" : "PO LEUNG KUK WONG WING SHU PRIMARY SCHOOL",
				"ADDRESS_EN" : "2 TONG YIN STREET TSEUNG KWAN O NEW TERRITORIES",
				"NAME_TC" : "保良局黃永樹小學",
				"ADDRESS_TC" : "新界將軍澳唐賢街2號",
				"SEARCH01_EN" : "CO-ED",
				"SEARCH01_TC" : "男女",
				"SEARCH02_EN" : "WHOLE DAY",
				"SEARCH02_TC" : "全日",
				"SEARCH03_EN" : "SAI KUNG",
				"SEARCH03_TC" : "西貢區",
				"SEARCH04_EN" : "PRIMARY",
				"SEARCH04_TC" : "小學",
				"SEARCH05_EN" : "AIDED",
				"SEARCH05_TC" : "資助",
				"NSEARCH01_EN" : "NOT APPLICABLE",
				"NSEARCH01_TC" : "不適用",
				"NSEARCH02_EN" : "21770050",
				"NSEARCH02_TC" : "21770050",
				"NSEARCH03_EN" : "21770406",
				"NSEARCH03_TC" : "21770406",
				"NSEARCH04_EN" : "http://www.plkwws.edu.hk",
				"NSEARCH04_TC" : "http://www.plkwws.edu.hk",
				"NSEARCH05_EN" : "529249000123",
				"NSEARCH05_TC" : "529249000123",
				"NORTHING" : 818937,
				"EASTING" : 844534,
				"LATITUDE" : 22.30938307,
				"LONGITUDE" : 114.25709815,
				"LASTUPDATE" : "20231124121815"
			}
		},
		{
			"type" : "Feature",
			"geometry" : {
				"type" : "Point",
				"coordinates" : [ 114.113212135, 22.3639173345 ]
			},
			"properties" : {
				"OBJECTID" : 394,
				"DATASET_EN" : "Aided Primary Schools",
				"DATASET_TC" : "資助小學",
				"NAME_EN" : "SHAK CHUNG SHAN MEMORIAL CATHOLIC PRIMARY SCHOOL",
				"ADDRESS_EN" : "39 WING SHUN STREET RIVIERA GARDENS TSUEN WAN NEW TERRITORIES",
				"NAME_TC" : "天主教石鐘山紀念小學",
				"ADDRESS_TC" : "新界荃灣海濱花園永順街三十九號",
				"SEARCH01_EN" : "CO-ED",
				"SEARCH01_TC" : "男女",
				"SEARCH02_EN" : "WHOLE DAY",
				"SEARCH02_TC" : "全日",
				"SEARCH03_EN" : "TSUEN WAN",
				"SEARCH03_TC" : "荃灣區",
				"SEARCH04_EN" : "PRIMARY",
				"SEARCH04_TC" : "小學",
				"SEARCH05_EN" : "AIDED",
				"SEARCH05_TC" : "資助",
				"NSEARCH01_EN" : "CATHOLICISM",
				"NSEARCH01_TC" : "天主教",
				"NSEARCH02_EN" : "24086373",
				"NSEARCH02_TC" : "24086373",
				"NSEARCH03_EN" : "24077180",
				"NSEARCH03_TC" : "24077180",
				"NSEARCH04_EN" : "http://www.scs.edu.hk",
				"NSEARCH04_TC" : "http://www.scs.edu.hk",
				"NSEARCH05_EN" : "522180000223",
				"NSEARCH05_TC" : "522180000223",
				"NORTHING" : 824975,
				"EASTING" : 829711,
				"LATITUDE" : 22.36391704,
				"LONGITUDE" : 114.11321213,
				"LASTUPDATE" : "20231124121815"
			}
		},
		{
			"type" : "Feature",
			"geometry" : {
				"type" : "Point",
				"coordinates" : [ 114.134950702, 22.4933852516 ]
			},
			"properties" : {
				"OBJECTID" : 395,
				"DATASET_EN" : "Aided Primary Schools",
				"DATASET_TC" : "資助小學",
				"NAME_EN" : "S.K.H. KA FUK WING CHUN PRIMARY SCHOOL",
				"ADDRESS_EN" : "PRIMARY SCHOOL KA FUK ESTATE FANLING NEW TERRITORIES",
				"NAME_TC" : "聖公會嘉福榮真小學",
				"ADDRESS_TC" : "新界粉嶺嘉福邨小學校舍",
				"SEARCH01_EN" : "CO-ED",
				"SEARCH01_TC" : "男女",
				"SEARCH02_EN" : "WHOLE DAY",
				"SEARCH02_TC" : "全日",
				"SEARCH03_EN" : "NORTH",
				"SEARCH03_TC" : "北區",
				"SEARCH04_EN" : "PRIMARY",
				"SEARCH04_TC" : "小學",
				"SEARCH05_EN" : "AIDED",
				"SEARCH05_TC" : "資助",
				"NSEARCH01_EN" : "PROTESTANTISM / CHRISTIANITY",
				"NSEARCH01_TC" : "基督教",
				"NSEARCH02_EN" : "29476888",
				"NSEARCH02_TC" : "29476888",
				"NSEARCH03_EN" : "29473838",
				"NSEARCH03_TC" : "29473838",
				"NSEARCH04_EN" : "http://www.skhkfwc.edu.hk",
				"NSEARCH04_TC" : "http://www.skhkfwc.edu.hk",
				"NSEARCH05_EN" : "535680000123",
				"NSEARCH05_TC" : "535680000123",
				"NORTHING" : 839311,
				"EASTING" : 831954,
				"LATITUDE" : 22.49338496,
				"LONGITUDE" : 114.1349507,
				"LASTUPDATE" : "20231124121814"
			}
		},
		{
			"type" : "Feature",
			"geometry" : {
				"type" : "Point",
				"coordinates" : [ 113.9665248908, 22.4112844972 ]
			},
			"properties" : {
				"OBJECTID" : 396,
				"DATASET_EN" : "Aided Primary Schools",
				"DATASET_TC" : "資助小學",
				"NAME_EN" : "PO LEUNG KUK HORIZON EAST PRIMARY SCHOOL",
				"ADDRESS_EN" : "3 HING FU STREET TUEN MUN NT",
				"NAME_TC" : "保良局志豪小學",
				"ADDRESS_TC" : "新界屯門興富街3號",
				"SEARCH01_EN" : "CO-ED",
				"SEARCH01_TC" : "男女",
				"SEARCH02_EN" : "WHOLE DAY",
				"SEARCH02_TC" : "全日",
				"SEARCH03_EN" : "TUEN MUN",
				"SEARCH03_TC" : "屯門區",
				"SEARCH04_EN" : "PRIMARY",
				"SEARCH04_TC" : "小學",
				"SEARCH05_EN" : "AIDED",
				"SEARCH05_TC" : "資助",
				"NSEARCH01_EN" : "NOT APPLICABLE",
				"NSEARCH01_TC" : "不適用",
				"NSEARCH02_EN" : "27020707",
				"NSEARCH02_TC" : "27020707",
				"NSEARCH03_EN" : "27027772",
				"NSEARCH03_TC" : "27027772",
				"NSEARCH04_EN" : "http://www.plkheps.edu.hk",
				"NSEARCH04_TC" : "http://www.plkheps.edu.hk",
				"NSEARCH05_EN" : "540200000123",
				"NSEARCH05_TC" : "540200000123",
				"NORTHING" : 830234,
				"EASTING" : 814610,
				"LATITUDE" : 22.4112842,
				"LONGITUDE" : 113.96652489,
				"LASTUPDATE" : "20231124121814"
			}
		},
		{
			"type" : "Feature",
			"geometry" : {
				"type" : "Point",
				"coordinates" : [ 114.250077108, 22.2641974328 ]
			},
			"properties" : {
				"OBJECTID" : 397,
				"DATASET_EN" : "Aided Primary Schools",
				"DATASET_TC" : "資助小學",
				"NAME_EN" : "PUI KIU PRIMARY SCHOOL",
				"ADDRESS_EN" : "12 FU YEE ROAD SIU SAI WAN CHAI WAN HONG KONG",
				"NAME_TC" : "培僑小學",
				"ADDRESS_TC" : "香港柴灣小西灣富怡道12號",
				"SEARCH01_EN" : "CO-ED",
				"SEARCH01_TC" : "男女",
				"SEARCH02_EN" : "WHOLE DAY",
				"SEARCH02_TC" : "全日",
				"SEARCH03_EN" : "EASTERN",
				"SEARCH03_TC" : "東區",
				"SEARCH04_EN" : "PRIMARY",
				"SEARCH04_TC" : "小學",
				"SEARCH05_EN" : "AIDED",
				"SEARCH05_TC" : "資助",
				"NSEARCH01_EN" : "NOT APPLICABLE",
				"NSEARCH01_TC" : "不適用",
				"NSEARCH02_EN" : "28977866",
				"NSEARCH02_TC" : "28977866",
				"NSEARCH03_EN" : "28977883",
				"NSEARCH03_TC" : "28977883",
				"NSEARCH04_EN" : "http://www.pkps.edu.hk",
				"NSEARCH04_TC" : "http://www.pkps.edu.hk",
				"NSEARCH05_EN" : "535613000123",
				"NSEARCH05_TC" : "535613000123",
				"NORTHING" : 813933,
				"EASTING" : 843813,
				"LATITUDE" : 22.26419714,
				"LONGITUDE" : 114.2500771,
				"LASTUPDATE" : "20231124121814"
			}
		},
		{
			"type" : "Feature",
			"geometry" : {
				"type" : "Point",
				"coordinates" : [ 114.2611261866, 22.3099592758 ]
			},
			"properties" : {
				"OBJECTID" : 398,
				"DATASET_EN" : "Aided Primary Schools",
				"DATASET_TC" : "資助小學",
				"NAME_EN" : "YAN OI TONG TIN KA PING PRIMARY SCHOOL",
				"ADDRESS_EN" : "3 TONG CHUN STREET TSEUNG KWAN O NEW TERRITORIES",
				"NAME_TC" : "仁愛堂田家炳小學",
				"ADDRESS_TC" : "新界將軍澳唐俊街3號",
				"SEARCH01_EN" : "CO-ED",
				"SEARCH01_TC" : "男女",
				"SEARCH02_EN" : "WHOLE DAY",
				"SEARCH02_TC" : "全日",
				"SEARCH03_EN" : "SAI KUNG",
				"SEARCH03_TC" : "西貢區",
				"SEARCH04_EN" : "PRIMARY",
				"SEARCH04_TC" : "小學",
				"SEARCH05_EN" : "AIDED",
				"SEARCH05_TC" : "資助",
				"NSEARCH01_EN" : "NOT APPLICABLE",
				"NSEARCH01_TC" : "不適用",
				"NSEARCH02_EN" : "24571302",
				"NSEARCH02_TC" : "24571302",
				"NSEARCH03_EN" : "22463506",
				"NSEARCH03_TC" : "22463506",
				"NSEARCH04_EN" : "http://www.yottkpps.edu.hk",
				"NSEARCH04_TC" : "http://www.yottkpps.edu.hk",
				"NSEARCH05_EN" : "524824000123",
				"NSEARCH05_TC" : "524824000123",
				"NORTHING" : 819001,
				"EASTING" : 844949,
				"LATITUDE" : 22.30995898,
				"LONGITUDE" : 114.26112618,
				"LASTUPDATE" : "20231124121814"
			}
		},
		{
			"type" : "Feature",
			"geometry" : {
				"type" : "Point",
				"coordinates" : [ 114.1650622339, 22.318939109 ]
			},
			"properties" : {
				"OBJECTID" : 399,
				"DATASET_EN" : "Aided Primary Schools",
				"DATASET_TC" : "資助小學",
				"NAME_EN" : "SHARON LUTHERAN SCHOOL",
				"ADDRESS_EN" : "18 CHERRY STREET TAI KOK TSUI KOWLOON",
				"NAME_TC" : "路德會沙崙學校",
				"ADDRESS_TC" : "九龍櫻桃街18號",
				"SEARCH01_EN" : "CO-ED",
				"SEARCH01_TC" : "男女",
				"SEARCH02_EN" : "WHOLE DAY",
				"SEARCH02_TC" : "全日",
				"SEARCH03_EN" : "YAU TSIM MONG",
				"SEARCH03_TC" : "油尖旺區",
				"SEARCH04_EN" : "PRIMARY",
				"SEARCH04_TC" : "小學",
				"SEARCH05_EN" : "AIDED",
				"SEARCH05_TC" : "資助",
				"NSEARCH01_EN" : "PROTESTANTISM / CHRISTIANITY",
				"NSEARCH01_TC" : "基督教",
				"NSEARCH02_EN" : "23920221",
				"NSEARCH02_TC" : "23920221",
				"NSEARCH03_EN" : "23981856",
				"NSEARCH03_TC" : "23981856",
				"NSEARCH04_EN" : "http://www.sharonlu.edu.hk",
				"NSEARCH04_TC" : "http://www.sharonlu.edu.hk",
				"NSEARCH05_EN" : "513849000123",
				"NSEARCH05_TC" : "513849000123",
				"NORTHING" : 819993,
				"EASTING" : 835051,
				"LATITUDE" : 22.31893882,
				"LONGITUDE" : 114.16506223,
				"LASTUPDATE" : "20231124121813"
			}
		},
		{
			"type" : "Feature",
			"geometry" : {
				"type" : "Point",
				"coordinates" : [ 114.1491610772, 22.3333048378 ]
			},
			"properties" : {
				"OBJECTID" : 400,
				"DATASET_EN" : "Aided Primary Schools",
				"DATASET_TC" : "資助小學",
				"NAME_EN" : "LAICHIKOK CATHOLIC PRIMARY SCHOOL",
				"ADDRESS_EN" : "6 HING WAH STREET WEST SHAM SHUI PO KOWLOON",
				"NAME_TC" : "荔枝角天主教小學",
				"ADDRESS_TC" : "九龍深水埗興華街西6號",
				"SEARCH01_EN" : "CO-ED",
				"SEARCH01_TC" : "男女",
				"SEARCH02_EN" : "WHOLE DAY",
				"SEARCH02_TC" : "全日",
				"SEARCH03_EN" : "SHAM SHUI PO",
				"SEARCH03_TC" : "深水埗區",
				"SEARCH04_EN" : "PRIMARY",
				"SEARCH04_TC" : "小學",
				"SEARCH05_EN" : "AIDED",
				"SEARCH05_TC" : "資助",
				"NSEARCH01_EN" : "CATHOLICISM",
				"NSEARCH01_TC" : "天主教",
				"NSEARCH02_EN" : "27433836",
				"NSEARCH02_TC" : "27433836",
				"NSEARCH03_EN" : "27432026",
				"NSEARCH03_TC" : "27432026",
				"NSEARCH04_EN" : "http://www.lcps.edu.hk",
				"NSEARCH04_TC" : "http://www.lcps.edu.hk",
				"NSEARCH05_EN" : "543276000123",
				"NSEARCH05_TC" : "543276000123",
				"NORTHING" : 821584,
				"EASTING" : 833413,
				"LATITUDE" : 22.33330454,
				"LONGITUDE" : 114.14916107,
				"LASTUPDATE" : "20231124121813"
			}
		},
		{
			"type" : "Feature",
			"geometry" : {
				"type" : "Point",
				"coordinates" : [ 114.1756030213, 22.3029192401 ]
			},
			"properties" : {
				"OBJECTID" : 401,
				"DATASET_EN" : "Aided Primary Schools",
				"DATASET_TC" : "資助小學",
				"NAME_EN" : "ST. MARY'S CANOSSIAN SCHOOL",
				"ADDRESS_EN" : "162 AUSTIN ROAD KOWLOON",
				"NAME_TC" : "嘉諾撒聖瑪利學校",
				"ADDRESS_TC" : "九龍柯士甸道162號",
				"SEARCH01_EN" : "GIRLS",
				"SEARCH01_TC" : "女",
				"SEARCH02_EN" : "WHOLE DAY",
				"SEARCH02_TC" : "全日",
				"SEARCH03_EN" : "YAU TSIM MONG",
				"SEARCH03_TC" : "油尖旺區",
				"SEARCH04_EN" : "PRIMARY",
				"SEARCH04_TC" : "小學",
				"SEARCH05_EN" : "AIDED",
				"SEARCH05_TC" : "資助",
				"NSEARCH01_EN" : "CATHOLICISM",
				"NSEARCH01_TC" : "天主教",
				"NSEARCH02_EN" : "27390081",
				"NSEARCH02_TC" : "27390081",
				"NSEARCH03_EN" : "23141966",
				"NSEARCH03_TC" : "23141966",
				"NSEARCH04_EN" : "http://www.smcs.edu.hk",
				"NSEARCH04_TC" : "http://www.smcs.edu.hk",
				"NSEARCH05_EN" : "514136000123",
				"NSEARCH05_TC" : "514136000123",
				"NORTHING" : 818219,
				"EASTING" : 836137,
				"LATITUDE" : 22.30291895,
				"LONGITUDE" : 114.17560302,
				"LASTUPDATE" : "20231124121813"
			}
		},
		{
			"type" : "Feature",
			"geometry" : {
				"type" : "Point",
				"coordinates" : [ 114.0005680209, 22.4639094157 ]
			},
			"properties" : {
				"OBJECTID" : 402,
				"DATASET_EN" : "Aided Primary Schools",
				"DATASET_TC" : "資助小學",
				"NAME_EN" : "CHINESE Y.M.C.A. PRIMARY SCHOOL",
				"ADDRESS_EN" : "AREA 102 TIN SHUI WAI PHASE 4 (SCHOOL 2) YUEN LONG NEW TERRITORIES",
				"NAME_TC" : "中華基督教青年會小學",
				"ADDRESS_TC" : "新界元朗天水圍102區第四期(第二學校)",
				"SEARCH01_EN" : "CO-ED",
				"SEARCH01_TC" : "男女",
				"SEARCH02_EN" : "WHOLE DAY",
				"SEARCH02_TC" : "全日",
				"SEARCH03_EN" : "YUEN LONG",
				"SEARCH03_TC" : "元朗區",
				"SEARCH04_EN" : "PRIMARY",
				"SEARCH04_TC" : "小學",
				"SEARCH05_EN" : "AIDED",
				"SEARCH05_TC" : "資助",
				"NSEARCH01_EN" : "PROTESTANTISM / CHRISTIANITY",
				"NSEARCH01_TC" : "基督教",
				"NSEARCH02_EN" : "24450580",
				"NSEARCH02_TC" : "24450580",
				"NSEARCH03_EN" : "24483960",
				"NSEARCH03_TC" : "24483960",
				"NSEARCH04_EN" : "http://www.cymcaps.edu.hk",
				"NSEARCH04_TC" : "http://www.cymcaps.edu.hk",
				"NSEARCH05_EN" : "535699000123",
				"NSEARCH05_TC" : "535699000123",
				"NORTHING" : 836057,
				"EASTING" : 818122,
				"LATITUDE" : 22.46390912,
				"LONGITUDE" : 114.00056802,
				"LASTUPDATE" : "20231124121813"
			}
		},
		{
			"type" : "Feature",
			"geometry" : {
				"type" : "Point",
				"coordinates" : [ 114.1685665273, 22.311290408 ]
			},
			"properties" : {
				"OBJECTID" : 403,
				"DATASET_EN" : "Aided Primary Schools",
				"DATASET_TC" : "資助小學",
				"NAME_EN" : "TUNG KOON DISTRICT SOCIETY FONG SHU CHUEN SCHOOL",
				"ADDRESS_EN" : "43 TUNG KUN STREET YAUMATEI KOWLOON",
				"NAME_TC" : "東莞同鄉會方樹泉學校",
				"ADDRESS_TC" : "九龍油麻地東莞街43號",
				"SEARCH01_EN" : "CO-ED",
				"SEARCH01_TC" : "男女",
				"SEARCH02_EN" : "WHOLE DAY",
				"SEARCH02_TC" : "全日",
				"SEARCH03_EN" : "YAU TSIM MONG",
				"SEARCH03_TC" : "油尖旺區",
				"SEARCH04_EN" : "PRIMARY",
				"SEARCH04_TC" : "小學",
				"SEARCH05_EN" : "AIDED",
				"SEARCH05_TC" : "資助",
				"NSEARCH01_EN" : "NOT APPLICABLE",
				"NSEARCH01_TC" : "不適用",
				"NSEARCH02_EN" : "27802295",
				"NSEARCH02_TC" : "27802295",
				"NSEARCH03_EN" : "27707590",
				"NSEARCH03_TC" : "27707590",
				"NSEARCH04_EN" : "http://www.tkfsc-school.edu.hk",
				"NSEARCH04_TC" : "http://www.tkfsc-school.edu.hk",
				"NSEARCH05_EN" : "514713000123",
				"NSEARCH05_TC" : "514713000123",
				"NORTHING" : 819146,
				"EASTING" : 835412,
				"LATITUDE" : 22.31129012,
				"LONGITUDE" : 114.16856652,
				"LASTUPDATE" : "20231124121812"
			}
		},
		{
			"type" : "Feature",
			"geometry" : {
				"type" : "Point",
				"coordinates" : [ 114.1927820912, 22.3163108478 ]
			},
			"properties" : {
				"OBJECTID" : 404,
				"DATASET_EN" : "Aided Primary Schools",
				"DATASET_TC" : "資助小學",
				"NAME_EN" : "S.K.H. HOLY CARPENTER PRIMARY SCHOOL",
				"ADDRESS_EN" : "14 KWEI CHOW STREET, KOWLOON",
				"NAME_TC" : "聖公會聖匠小學",
				"ADDRESS_TC" : "九龍貴州街14號",
				"SEARCH01_EN" : "CO-ED",
				"SEARCH01_TC" : "男女",
				"SEARCH02_EN" : "WHOLE DAY",
				"SEARCH02_TC" : "全日",
				"SEARCH03_EN" : "KOWLOON CITY",
				"SEARCH03_TC" : "九龍城區",
				"SEARCH04_EN" : "PRIMARY",
				"SEARCH04_TC" : "小學",
				"SEARCH05_EN" : "AIDED",
				"SEARCH05_TC" : "資助",
				"NSEARCH01_EN" : "PROTESTANTISM / CHRISTIANITY",
				"NSEARCH01_TC" : "基督教",
				"NSEARCH02_EN" : "23332313",
				"NSEARCH02_TC" : "23332313",
				"NSEARCH03_EN" : "23647757",
				"NSEARCH03_TC" : "23647757",
				"NSEARCH04_EN" : "http://www.hcps.edu.hk",
				"NSEARCH04_TC" : "http://www.hcps.edu.hk",
				"NSEARCH05_EN" : "512052000123",
				"NSEARCH05_TC" : "512052000123",
				"NORTHING" : 819702,
				"EASTING" : 837907,
				"LATITUDE" : 22.31631055,
				"LONGITUDE" : 114.19278209,
				"LASTUPDATE" : "20231124121812"
			}
		},
		{
			"type" : "Feature",
			"geometry" : {
				"type" : "Point",
				"coordinates" : [ 114.1688673934, 22.3113175148 ]
			},
			"properties" : {
				"OBJECTID" : 405,
				"DATASET_EN" : "Aided Primary Schools",
				"DATASET_TC" : "資助小學",
				"NAME_EN" : "THE CHURCH OF CHRIST IN CHINA WANCHAI CHURCH KEI TO PRIMARY SCHOOL",
				"ADDRESS_EN" : "45 TUNG KUN STREET KOWLOON",
				"NAME_TC" : "中華基督教會灣仔堂基道小學",
				"ADDRESS_TC" : "九龍東莞街45號",
				"SEARCH01_EN" : "CO-ED",
				"SEARCH01_TC" : "男女",
				"SEARCH02_EN" : "WHOLE DAY",
				"SEARCH02_TC" : "全日",
				"SEARCH03_EN" : "YAU TSIM MONG",
				"SEARCH03_TC" : "油尖旺區",
				"SEARCH04_EN" : "PRIMARY",
				"SEARCH04_TC" : "小學",
				"SEARCH05_EN" : "AIDED",
				"SEARCH05_TC" : "資助",
				"NSEARCH01_EN" : "PROTESTANTISM / CHRISTIANITY",
				"NSEARCH01_TC" : "基督教",
				"NSEARCH02_EN" : "27804455",
				"NSEARCH02_TC" : "27804455",
				"NSEARCH03_EN" : "27712224",
				"NSEARCH03_TC" : "27712224",
				"NSEARCH04_EN" : "http://keito.school.hk",
				"NSEARCH04_TC" : "http://keito.school.hk",
				"NSEARCH05_EN" : "514837000123",
				"NSEARCH05_TC" : "514837000123",
				"NORTHING" : 819149,
				"EASTING" : 835443,
				"LATITUDE" : 22.31131722,
				"LONGITUDE" : 114.16886739,
				"LASTUPDATE" : "20231124121812"
			}
		},
		{
			"type" : "Feature",
			"geometry" : {
				"type" : "Point",
				"coordinates" : [ 114.2594332676, 22.319324872 ]
			},
			"properties" : {
				"OBJECTID" : 406,
				"DATASET_EN" : "Aided Primary Schools",
				"DATASET_TC" : "資助小學",
				"NAME_EN" : "TUNG WAH GROUP OF HOSPITALS WONG YEE JAR JAT MEMORIAL PRIMARY SCHOOL",
				"ADDRESS_EN" : "8 HOK LAM LANE TSEUNG KWAN O NT",
				"NAME_TC" : "東華三院王余家潔紀念小學",
				"ADDRESS_TC" : "新界將軍澳學林里八號",
				"SEARCH01_EN" : "CO-ED",
				"SEARCH01_TC" : "男女",
				"SEARCH02_EN" : "WHOLE DAY",
				"SEARCH02_TC" : "全日",
				"SEARCH03_EN" : "SAI KUNG",
				"SEARCH03_TC" : "西貢區",
				"SEARCH04_EN" : "PRIMARY",
				"SEARCH04_TC" : "小學",
				"SEARCH05_EN" : "AIDED",
				"SEARCH05_TC" : "資助",
				"NSEARCH01_EN" : "NOT APPLICABLE",
				"NSEARCH01_TC" : "不適用",
				"NSEARCH02_EN" : "27061336",
				"NSEARCH02_TC" : "27061336",
				"NSEARCH03_EN" : "27069336",
				"NSEARCH03_TC" : "27069336",
				"NSEARCH04_EN" : "http://www.wyjjmps.edu.hk",
				"NSEARCH04_TC" : "http://www.wyjjmps.edu.hk",
				"NSEARCH05_EN" : "518468000123",
				"NSEARCH05_TC" : "518468000123",
				"NORTHING" : 820038,
				"EASTING" : 844774,
				"LATITUDE" : 22.31932458,
				"LONGITUDE" : 114.25943326,
				"LASTUPDATE" : "20231124121812"
			}
		},
		{
			"type" : "Feature",
			"geometry" : {
				"type" : "Point",
				"coordinates" : [ 114.202638704, 22.2921797868 ]
			},
			"properties" : {
				"OBJECTID" : 407,
				"DATASET_EN" : "Aided Primary Schools",
				"DATASET_TC" : "資助小學",
				"NAME_EN" : "CHAN'S CREATIVE SCHOOL (HONG KONG ISLAND)",
				"ADDRESS_EN" : "82 MARBLE ROAD NORTH POINT HONG KONG",
				"NAME_TC" : "啓基學校(港島)",
				"ADDRESS_TC" : "香港北角馬寶道82號",
				"SEARCH01_EN" : "CO-ED",
				"SEARCH01_TC" : "男女",
				"SEARCH02_EN" : "WHOLE DAY",
				"SEARCH02_TC" : "全日",
				"SEARCH03_EN" : "EASTERN",
				"SEARCH03_TC" : "東區",
				"SEARCH04_EN" : "PRIMARY",
				"SEARCH04_TC" : "小學",
				"SEARCH05_EN" : "AIDED",
				"SEARCH05_TC" : "資助",
				"NSEARCH01_EN" : "NOT APPLICABLE",
				"NSEARCH01_TC" : "不適用",
				"NSEARCH02_EN" : "25614302",
				"NSEARCH02_TC" : "25614302",
				"NSEARCH03_EN" : "25610839",
				"NSEARCH03_TC" : "25610839",
				"NSEARCH04_EN" : "http://www.ccshki.edu.hk",
				"NSEARCH04_TC" : "http://www.ccshki.edu.hk",
				"NSEARCH05_EN" : "513083000123",
				"NSEARCH05_TC" : "513083000123",
				"NORTHING" : 817030,
				"EASTING" : 838923,
				"LATITUDE" : 22.29217949,
				"LONGITUDE" : 114.2026387,
				"LASTUPDATE" : "20231124121811"
			}
		},
		{
			"type" : "Feature",
			"geometry" : {
				"type" : "Point",
				"coordinates" : [ 114.1500247976, 22.2834831305 ]
			},
			"properties" : {
				"OBJECTID" : 408,
				"DATASET_EN" : "Aided Primary Schools",
				"DATASET_TC" : "資助小學",
				"NAME_EN" : "KING'S COLLEGE OLD BOYS' ASSOCIATION PRIMARY SCHOOL",
				"ADDRESS_EN" : "58 BRIDGES STREET HONG KONG",
				"NAME_TC" : "英皇書院同學會小學",
				"ADDRESS_TC" : "香港必列者士街58號",
				"SEARCH01_EN" : "CO-ED",
				"SEARCH01_TC" : "男女",
				"SEARCH02_EN" : "WHOLE DAY",
				"SEARCH02_TC" : "全日",
				"SEARCH03_EN" : "CENTRAL AND WESTERN",
				"SEARCH03_TC" : "中西區",
				"SEARCH04_EN" : "PRIMARY",
				"SEARCH04_TC" : "小學",
				"SEARCH05_EN" : "AIDED",
				"SEARCH05_TC" : "資助",
				"NSEARCH01_EN" : "NOT APPLICABLE",
				"NSEARCH01_TC" : "不適用",
				"NSEARCH02_EN" : "25477468",
				"NSEARCH02_TC" : "25477468",
				"NSEARCH03_EN" : "25405634",
				"NSEARCH03_TC" : "25405634",
				"NSEARCH04_EN" : "http://www.kcobaps1.edu.hk",
				"NSEARCH04_TC" : "http://www.kcobaps1.edu.hk",
				"NSEARCH05_EN" : "512443000123",
				"NSEARCH05_TC" : "512443000123",
				"NORTHING" : 816067,
				"EASTING" : 833501,
				"LATITUDE" : 22.28348284,
				"LONGITUDE" : 114.15002479,
				"LASTUPDATE" : "20231124121811"
			}
		},
		{
			"type" : "Feature",
			"geometry" : {
				"type" : "Point",
				"coordinates" : [ 114.2407877081, 22.4246925184 ]
			},
			"properties" : {
				"OBJECTID" : 409,
				"DATASET_EN" : "Aided Primary Schools",
				"DATASET_TC" : "資助小學",
				"NAME_EN" : "MA ON SHAN LING LIANG PRIMARY SCHOOL",
				"ADDRESS_EN" : "LEE ON ESTATE MA ON SHAN SHATIN NEW TERRITORIES",
				"NAME_TC" : "馬鞍山靈糧小學",
				"ADDRESS_TC" : "新界沙田馬鞍山利安邨",
				"SEARCH01_EN" : "CO-ED",
				"SEARCH01_TC" : "男女",
				"SEARCH02_EN" : "WHOLE DAY",
				"SEARCH02_TC" : "全日",
				"SEARCH03_EN" : "SHA TIN",
				"SEARCH03_TC" : "沙田區",
				"SEARCH04_EN" : "PRIMARY",
				"SEARCH04_TC" : "小學",
				"SEARCH05_EN" : "AIDED",
				"SEARCH05_TC" : "資助",
				"NSEARCH01_EN" : "PROTESTANTISM / CHRISTIANITY",
				"NSEARCH01_TC" : "基督教",
				"NSEARCH02_EN" : "26430707",
				"NSEARCH02_TC" : "26430707",
				"NSEARCH03_EN" : "26432077",
				"NSEARCH03_TC" : "26432077",
				"NSEARCH04_EN" : "http://www.mosllps.edu.hk/it-school/php/webcms/public/mainpage/main.php3",
				"NSEARCH04_TC" : "http://www.mosllps.edu.hk/it-school/php/webcms/public/mainpage/main.php3",
				"NSEARCH05_EN" : "115797000123",
				"NSEARCH05_TC" : "115797000123",
				"NORTHING" : 831705,
				"EASTING" : 842848,
				"LATITUDE" : 22.42469222,
				"LONGITUDE" : 114.2407877,
				"LASTUPDATE" : "20231124121811"
			}
		},
		{
			"type" : "Feature",
			"geometry" : {
				"type" : "Point",
				"coordinates" : [ 114.1241463338, 22.281526179 ]
			},
			"properties" : {
				"OBJECTID" : 410,
				"DATASET_EN" : "Aided Primary Schools",
				"DATASET_TC" : "資助小學",
				"NAME_EN" : "S.K.H. LUI MING CHOI MEMORIAL PRIMARY SCHOOL",
				"ADDRESS_EN" : "31 KA WAI MAN ROAD KENNEDY TOWN HONG KONG",
				"NAME_TC" : "聖公會呂明才紀念小學",
				"ADDRESS_TC" : "香港堅尼地城加惠民道31號",
				"SEARCH01_EN" : "CO-ED",
				"SEARCH01_TC" : "男女",
				"SEARCH02_EN" : "WHOLE DAY",
				"SEARCH02_TC" : "全日",
				"SEARCH03_EN" : "CENTRAL AND WESTERN",
				"SEARCH03_TC" : "中西區",
				"SEARCH04_EN" : "PRIMARY",
				"SEARCH04_TC" : "小學",
				"SEARCH05_EN" : "AIDED",
				"SEARCH05_TC" : "資助",
				"NSEARCH01_EN" : "PROTESTANTISM / CHRISTIANITY",
				"NSEARCH01_TC" : "基督教",
				"NSEARCH02_EN" : "28172305",
				"NSEARCH02_TC" : "28172305",
				"NSEARCH03_EN" : "28173950",
				"NSEARCH03_TC" : "28173950",
				"NSEARCH04_EN" : "http://www.skhlmcmps.edu.hk",
				"NSEARCH04_TC" : "http://www.skhlmcmps.edu.hk",
				"NSEARCH05_EN" : "513555000123",
				"NSEARCH05_TC" : "513555000123",
				"NORTHING" : 815851,
				"EASTING" : 830834,
				"LATITUDE" : 22.28152589,
				"LONGITUDE" : 114.12414633,
				"LASTUPDATE" : "20231124121811"
			}
		},
		{
			"type" : "Feature",
			"geometry" : {
				"type" : "Point",
				"coordinates" : [ 113.981637498, 22.4110867253 ]
			},
			"properties" : {
				"OBJECTID" : 411,
				"DATASET_EN" : "Aided Primary Schools",
				"DATASET_TC" : "資助小學",
				"NAME_EN" : "THE YUEN YUEN INSTITUTE CHAN KWOK CHIU HING TAK PRIMARY SCHOOL",
				"ADDRESS_EN" : "HING PING ROAD TUEN MUN NEW TERRITORIES",
				"NAME_TC" : "圓玄學院陳國超興德小學",
				"ADDRESS_TC" : "新界屯門慶平路",
				"SEARCH01_EN" : "CO-ED",
				"SEARCH01_TC" : "男女",
				"SEARCH02_EN" : "WHOLE DAY",
				"SEARCH02_TC" : "全日",
				"SEARCH03_EN" : "TUEN MUN",
				"SEARCH03_TC" : "屯門區",
				"SEARCH04_EN" : "PRIMARY",
				"SEARCH04_TC" : "小學",
				"SEARCH05_EN" : "AIDED",
				"SEARCH05_TC" : "資助",
				"NSEARCH01_EN" : "NOT APPLICABLE",
				"NSEARCH01_TC" : "不適用",
				"NSEARCH02_EN" : "24482211",
				"NSEARCH02_TC" : "24482211",
				"NSEARCH03_EN" : "24483098",
				"NSEARCH03_TC" : "24483098",
				"NSEARCH04_EN" : "http://www.ckcps.edu.hk/tc/index",
				"NSEARCH04_TC" : "http://www.ckcps.edu.hk/tc/index",
				"NSEARCH05_EN" : "112550000323",
				"NSEARCH05_TC" : "112550000323",
				"NORTHING" : 830210,
				"EASTING" : 816166,
				"LATITUDE" : 22.41108643,
				"LONGITUDE" : 113.98163749,
				"LASTUPDATE" : "20231124121810"
			}
		},
		{
			"type" : "Feature",
			"geometry" : {
				"type" : "Point",
				"coordinates" : [ 114.1917121297, 22.3858101327 ]
			},
			"properties" : {
				"OBJECTID" : 412,
				"DATASET_EN" : "Aided Primary Schools",
				"DATASET_TC" : "資助小學",
				"NAME_EN" : "S.K.H. HOLY SPIRIT PRIMARY SCHOOL",
				"ADDRESS_EN" : "LEK YUEN ESTATE SHATIN NEW TERRITORIES",
				"NAME_TC" : "聖公會主風小學",
				"ADDRESS_TC" : "新界沙田瀝源邨",
				"SEARCH01_EN" : "CO-ED",
				"SEARCH01_TC" : "男女",
				"SEARCH02_EN" : "WHOLE DAY",
				"SEARCH02_TC" : "全日",
				"SEARCH03_EN" : "SHA TIN",
				"SEARCH03_TC" : "沙田區",
				"SEARCH04_EN" : "PRIMARY",
				"SEARCH04_TC" : "小學",
				"SEARCH05_EN" : "AIDED",
				"SEARCH05_TC" : "資助",
				"NSEARCH01_EN" : "PROTESTANTISM / CHRISTIANITY",
				"NSEARCH01_TC" : "基督教",
				"NSEARCH02_EN" : "26048987",
				"NSEARCH02_TC" : "26048987",
				"NSEARCH03_EN" : "26020789",
				"NSEARCH03_TC" : "26020789",
				"NSEARCH04_EN" : "http://www.skhhsps.edu.hk",
				"NSEARCH04_TC" : "http://www.skhhsps.edu.hk",
				"NSEARCH05_EN" : "114472000123",
				"NSEARCH05_TC" : "114472000123",
				"NORTHING" : 827398,
				"EASTING" : 837796,
				"LATITUDE" : 22.38580984,
				"LONGITUDE" : 114.19171213,
				"LASTUPDATE" : "20231124121810"
			}
		},
		{
			"type" : "Feature",
			"geometry" : {
				"type" : "Point",
				"coordinates" : [ 114.1752721983, 22.3801577014 ]
			},
			"properties" : {
				"OBJECTID" : 413,
				"DATASET_EN" : "Aided Primary Schools",
				"DATASET_TC" : "資助小學",
				"NAME_EN" : "CHRISTIAN ALLIANCE H.C. CHAN PRIMARY SCHOOL OF THE KOWLOON TONG CHURCH OF THE CHINESE CHRISTIAN AND MISSIONARY ALLIANCE, HONG KONG",
				"ADDRESS_EN" : "ESTATE PRIMARY SCHOOL 3, MEI LAM ESTATE, SHATIN, NEW TERRITORIES",
				"NAME_TC" : "香港九龍塘基督教中華宣道會陳元喜小學",
				"ADDRESS_TC" : "新界沙田美林邨第三小學",
				"SEARCH01_EN" : "CO-ED",
				"SEARCH01_TC" : "男女",
				"SEARCH02_EN" : "WHOLE DAY",
				"SEARCH02_TC" : "全日",
				"SEARCH03_EN" : "SHA TIN",
				"SEARCH03_TC" : "沙田區",
				"SEARCH04_EN" : "PRIMARY",
				"SEARCH04_TC" : "小學",
				"SEARCH05_EN" : "AIDED",
				"SEARCH05_TC" : "資助",
				"NSEARCH01_EN" : "PROTESTANTISM / CHRISTIANITY",
				"NSEARCH01_TC" : "基督教",
				"NSEARCH02_EN" : "26998030",
				"NSEARCH02_TC" : "26998030",
				"NSEARCH03_EN" : "26031446",
				"NSEARCH03_TC" : "26031446",
				"NSEARCH04_EN" : "https://www.cahcc.edu.hk",
				"NSEARCH04_TC" : "https://www.cahcc.edu.hk",
				"NSEARCH05_EN" : "115002000223",
				"NSEARCH05_TC" : "115002000223",
				"NORTHING" : 826772,
				"EASTING" : 836103,
				"LATITUDE" : 22.38015741,
				"LONGITUDE" : 114.17527219,
				"LASTUPDATE" : "20231124121810"
			}
		},
		{
			"type" : "Feature",
			"geometry" : {
				"type" : "Point",
				"coordinates" : [ 113.9989885617, 22.430106817 ]
			},
			"properties" : {
				"OBJECTID" : 414,
				"DATASET_EN" : "Aided Primary Schools",
				"DATASET_TC" : "資助小學",
				"NAME_EN" : "YUEN LONG PO KOK PRIMARY SCHOOL",
				"ADDRESS_EN" : "55 TAN KWAI TSUEN ROAD, HUNG SHUI KIU, YUEN LONG, NEW TERRITORIES",
				"NAME_TC" : "元朗寶覺小學",
				"ADDRESS_TC" : "新界元朗洪水橋丹桂村路55號",
				"SEARCH01_EN" : "CO-ED",
				"SEARCH01_TC" : "男女",
				"SEARCH02_EN" : "WHOLE DAY",
				"SEARCH02_TC" : "全日",
				"SEARCH03_EN" : "YUEN LONG",
				"SEARCH03_TC" : "元朗區",
				"SEARCH04_EN" : "PRIMARY",
				"SEARCH04_TC" : "小學",
				"SEARCH05_EN" : "AIDED",
				"SEARCH05_TC" : "資助",
				"NSEARCH01_EN" : "BUDDHISM",
				"NSEARCH01_TC" : "佛教",
				"NSEARCH02_EN" : "24762258",
				"NSEARCH02_TC" : "24762258",
				"NSEARCH03_EN" : "24746894",
				"NSEARCH03_TC" : "24746894",
				"NSEARCH04_EN" : "https://ylpokok.edu.hk",
				"NSEARCH04_TC" : "https://ylpokok.edu.hk",
				"NSEARCH05_EN" : "112755000123",
				"NSEARCH05_TC" : "112755000123",
				"NORTHING" : 832314,
				"EASTING" : 817955,
				"LATITUDE" : 22.43010652,
				"LONGITUDE" : 113.99898856,
				"LASTUPDATE" : "20231124121809"
			}
		},
		{
			"type" : "Feature",
			"geometry" : {
				"type" : "Point",
				"coordinates" : [ 114.1844619071, 22.2730186516 ]
			},
			"properties" : {
				"OBJECTID" : 415,
				"DATASET_EN" : "Aided Primary Schools",
				"DATASET_TC" : "資助小學",
				"NAME_EN" : "ST. PAUL'S PRIMARY CATHOLIC SCHOOL",
				"ADDRESS_EN" : "81A WONG NAI CHUNG ROAD HAPPY VALLEY HONG KONG",
				"NAME_TC" : "聖保祿天主教小學",
				"ADDRESS_TC" : "香港跑馬地黃泥涌道81A號",
				"SEARCH01_EN" : "GIRLS",
				"SEARCH01_TC" : "女",
				"SEARCH02_EN" : "WHOLE DAY",
				"SEARCH02_TC" : "全日",
				"SEARCH03_EN" : "WAN CHAI",
				"SEARCH03_TC" : "灣仔區",
				"SEARCH04_EN" : "PRIMARY",
				"SEARCH04_TC" : "小學",
				"SEARCH05_EN" : "AIDED",
				"SEARCH05_TC" : "資助",
				"NSEARCH01_EN" : "CATHOLICISM",
				"NSEARCH01_TC" : "天主教",
				"NSEARCH02_EN" : "25763181",
				"NSEARCH02_TC" : "25763181",
				"NSEARCH03_EN" : "28824530",
				"NSEARCH03_TC" : "28824530",
				"NSEARCH04_EN" : "https://www.sppcs.edu.hk",
				"NSEARCH04_TC" : "https://www.sppcs.edu.hk",
				"NSEARCH05_EN" : "170054000123",
				"NSEARCH05_TC" : "170054000123",
				"NORTHING" : 814908,
				"EASTING" : 837050,
				"LATITUDE" : 22.27301836,
				"LONGITUDE" : 114.1844619,
				"LASTUPDATE" : "20231124121809"
			}
		},
		{
			"type" : "Feature",
			"geometry" : {
				"type" : "Point",
				"coordinates" : [ 113.9694290531, 22.4046147455 ]
			},
			"properties" : {
				"OBJECTID" : 416,
				"DATASET_EN" : "Aided Primary Schools",
				"DATASET_TC" : "資助小學",
				"NAME_EN" : "PO LEUNG KUK VICWOOD K.T. CHONG NO.2 PRIMARY SCHOOL",
				"ADDRESS_EN" : "2 LEUNG CHOI LANE, TUEN MUN, NEW TERRITORIES (EXCEPT GAS STORE ROOM)",
				"NAME_TC" : "保良局莊啓程第二小學",
				"ADDRESS_TC" : "新界屯門良才里2號(氣體儲存房除外)",
				"SEARCH01_EN" : "CO-ED",
				"SEARCH01_TC" : "男女",
				"SEARCH02_EN" : "WHOLE DAY",
				"SEARCH02_TC" : "全日",
				"SEARCH03_EN" : "TUEN MUN",
				"SEARCH03_TC" : "屯門區",
				"SEARCH04_EN" : "PRIMARY",
				"SEARCH04_TC" : "小學",
				"SEARCH05_EN" : "AIDED",
				"SEARCH05_TC" : "資助",
				"NSEARCH01_EN" : "NOT APPLICABLE",
				"NSEARCH01_TC" : "不適用",
				"NSEARCH02_EN" : "24621722",
				"NSEARCH02_TC" : "24621722",
				"NSEARCH03_EN" : "24627901",
				"NSEARCH03_TC" : "24627901",
				"NSEARCH04_EN" : "https://www.plkvktc2.edu.hk/index/index44.aspx",
				"NSEARCH04_TC" : "https://www.plkvktc2.edu.hk/index/index44.aspx",
				"NSEARCH05_EN" : "114510000223",
				"NSEARCH05_TC" : "114510000223",
				"NORTHING" : 829495,
				"EASTING" : 814908,
				"LATITUDE" : 22.40461445,
				"LONGITUDE" : 113.96942905,
				"LASTUPDATE" : "20231124121809"
			}
		},
		{
			"type" : "Feature",
			"geometry" : {
				"type" : "Point",
				"coordinates" : [ 113.9635661247, 22.3962720035 ]
			},
			"properties" : {
				"OBJECTID" : 417,
				"DATASET_EN" : "Aided Primary Schools",
				"DATASET_TC" : "資助小學",
				"NAME_EN" : "LOK SIN TONG LEUNG WONG WAI FONG MEMORIAL SCHOOL",
				"ADDRESS_EN" : "SHAN KING ESTATE AREA 7 & 8 TUEN MUN NEW TERRITORIES",
				"NAME_TC" : "樂善堂梁黃蕙芳紀念學校",
				"ADDRESS_TC" : "新界屯門第7及第8區山景邨",
				"SEARCH01_EN" : "CO-ED",
				"SEARCH01_TC" : "男女",
				"SEARCH02_EN" : "WHOLE DAY",
				"SEARCH02_TC" : "全日",
				"SEARCH03_EN" : "TUEN MUN",
				"SEARCH03_TC" : "屯門區",
				"SEARCH04_EN" : "PRIMARY",
				"SEARCH04_TC" : "小學",
				"SEARCH05_EN" : "AIDED",
				"SEARCH05_TC" : "資助",
				"NSEARCH01_EN" : "NOT APPLICABLE",
				"NSEARCH01_TC" : "不適用",
				"NSEARCH02_EN" : "24666712",
				"NSEARCH02_TC" : "24666712",
				"NSEARCH03_EN" : "24541756",
				"NSEARCH03_TC" : "24541756",
				"NSEARCH04_EN" : "http://www.lstlwwfms.edu.hk",
				"NSEARCH04_TC" : "http://www.lstlwwfms.edu.hk",
				"NSEARCH05_EN" : "114880000123",
				"NSEARCH05_TC" : "114880000123",
				"NORTHING" : 828572,
				"EASTING" : 814303,
				"LATITUDE" : 22.39627171,
				"LONGITUDE" : 113.96356612,
				"LASTUPDATE" : "20231124121809"
			}
		},
		{
			"type" : "Feature",
			"geometry" : {
				"type" : "Point",
				"coordinates" : [ 114.1869000033, 22.3107304084 ]
			},
			"properties" : {
				"OBJECTID" : 418,
				"DATASET_EN" : "Aided Primary Schools",
				"DATASET_TC" : "資助小學",
				"NAME_EN" : "S.K.H. ST. TIMOTHY'S PRIMARY SCHOOL",
				"ADDRESS_EN" : "14 & 19 HOK YUEN STREET HUNG HOM KOWLOON",
				"NAME_TC" : "聖公會聖提摩太小學",
				"ADDRESS_TC" : "九龍紅磡鶴園街14號及19號",
				"SEARCH01_EN" : "CO-ED",
				"SEARCH01_TC" : "男女",
				"SEARCH02_EN" : "WHOLE DAY",
				"SEARCH02_TC" : "全日",
				"SEARCH03_EN" : "KOWLOON CITY",
				"SEARCH03_TC" : "九龍城區",
				"SEARCH04_EN" : "PRIMARY",
				"SEARCH04_TC" : "小學",
				"SEARCH05_EN" : "AIDED",
				"SEARCH05_TC" : "資助",
				"NSEARCH01_EN" : "PROTESTANTISM / CHRISTIANITY",
				"NSEARCH01_TC" : "基督教",
				"NSEARCH02_EN" : "23625953",
				"NSEARCH02_TC" : "23625953",
				"NSEARCH03_EN" : "23652050",
				"NSEARCH03_TC" : "23652050",
				"NSEARCH04_EN" : "https://www.stps.edu.hk",
				"NSEARCH04_TC" : "https://www.stps.edu.hk",
				"NSEARCH05_EN" : "513644000123",
				"NSEARCH05_TC" : "513644000123",
				"NORTHING" : 819084,
				"EASTING" : 837301,
				"LATITUDE" : 22.31073012,
				"LONGITUDE" : 114.1869,
				"LASTUPDATE" : "20231124121808"
			}
		},
		{
			"type" : "Feature",
			"geometry" : {
				"type" : "Point",
				"coordinates" : [ 114.1811449662, 22.3187678973 ]
			},
			"properties" : {
				"OBJECTID" : 419,
				"DATASET_EN" : "Aided Primary Schools",
				"DATASET_TC" : "資助小學",
				"NAME_EN" : "CHAN SUI KI (LA SALLE) PRIMARY SCHOOL",
				"ADDRESS_EN" : "22 SHEUNG SHING STREET HOMANTIN KOWLOON",
				"NAME_TC" : "陳瑞祺(喇沙)小學",
				"ADDRESS_TC" : "九龍何文田常盛街22號",
				"SEARCH01_EN" : "CO-ED",
				"SEARCH01_TC" : "男女",
				"SEARCH02_EN" : "WHOLE DAY",
				"SEARCH02_TC" : "全日",
				"SEARCH03_EN" : "KOWLOON CITY",
				"SEARCH03_TC" : "九龍城區",
				"SEARCH04_EN" : "PRIMARY",
				"SEARCH04_TC" : "小學",
				"SEARCH05_EN" : "AIDED",
				"SEARCH05_TC" : "資助",
				"NSEARCH01_EN" : "CATHOLICISM",
				"NSEARCH01_TC" : "天主教",
				"NSEARCH02_EN" : "27116278",
				"NSEARCH02_TC" : "27116278",
				"NSEARCH03_EN" : "27140854",
				"NSEARCH03_TC" : "27140854",
				"NSEARCH04_EN" : "https://www.cskps.edu.hk",
				"NSEARCH04_TC" : "https://www.cskps.edu.hk",
				"NSEARCH05_EN" : "511420000123",
				"NSEARCH05_TC" : "511420000123",
				"NORTHING" : 819974,
				"EASTING" : 836708,
				"LATITUDE" : 22.3187676,
				"LONGITUDE" : 114.18114496,
				"LASTUPDATE" : "20231124121808"
			}
		},
		{
			"type" : "Feature",
			"geometry" : {
				"type" : "Point",
				"coordinates" : [ 114.1859685988, 22.3155076517 ]
			},
			"properties" : {
				"OBJECTID" : 420,
				"DATASET_EN" : "Aided Primary Schools",
				"DATASET_TC" : "資助小學",
				"NAME_EN" : "THE CHURCH OF CHRIST IN CHINA WANCHAI CHURCH KEI TO PRIMARY SCHOOL (KOWLOON CITY)",
				"ADDRESS_EN" : "170 KAU PUI LUNG ROAD KOWLOON CITY KOWLOON",
				"NAME_TC" : "中華基督教會灣仔堂基道小學(九龍城)",
				"ADDRESS_TC" : "九龍九龍城靠背壟道170號",
				"SEARCH01_EN" : "CO-ED",
				"SEARCH01_TC" : "男女",
				"SEARCH02_EN" : "WHOLE DAY",
				"SEARCH02_TC" : "全日",
				"SEARCH03_EN" : "KOWLOON CITY",
				"SEARCH03_TC" : "九龍城區",
				"SEARCH04_EN" : "PRIMARY",
				"SEARCH04_TC" : "小學",
				"SEARCH05_EN" : "AIDED",
				"SEARCH05_TC" : "資助",
				"NSEARCH01_EN" : "PROTESTANTISM / CHRISTIANITY",
				"NSEARCH01_TC" : "基督教",
				"NSEARCH02_EN" : "27147000",
				"NSEARCH02_TC" : "27147000",
				"NSEARCH03_EN" : "27147744",
				"NSEARCH03_TC" : "27147744",
				"NSEARCH04_EN" : "https://ktkc.edu.hk",
				"NSEARCH04_TC" : "https://ktkc.edu.hk",
				"NSEARCH05_EN" : "560634000123",
				"NSEARCH05_TC" : "560634000123",
				"NORTHING" : 819613,
				"EASTING" : 837205,
				"LATITUDE" : 22.31550736,
				"LONGITUDE" : 114.18596859,
				"LASTUPDATE" : "20231124121808"
			}
		},
		{
			"type" : "Feature",
			"geometry" : {
				"type" : "Point",
				"coordinates" : [ 114.1759713882, 22.3708923807 ]
			},
			"properties" : {
				"OBJECTID" : 421,
				"DATASET_EN" : "Aided Primary Schools",
				"DATASET_TC" : "資助小學",
				"NAME_EN" : "IMMACULATE HEART OF MARY SCHOOL",
				"ADDRESS_EN" : "1 MEI TIN ROAD, TAI WAI, SHA TIN, NEW TERRITORIES",
				"NAME_TC" : "聖母無玷聖心學校",
				"ADDRESS_TC" : "新界沙田大圍美田路1號",
				"SEARCH01_EN" : "CO-ED",
				"SEARCH01_TC" : "男女",
				"SEARCH02_EN" : "WHOLE DAY",
				"SEARCH02_TC" : "全日",
				"SEARCH03_EN" : "SHA TIN",
				"SEARCH03_TC" : "沙田區",
				"SEARCH04_EN" : "PRIMARY",
				"SEARCH04_TC" : "小學",
				"SEARCH05_EN" : "AIDED",
				"SEARCH05_TC" : "資助",
				"NSEARCH01_EN" : "CATHOLICISM",
				"NSEARCH01_TC" : "天主教",
				"NSEARCH02_EN" : "26912171",
				"NSEARCH02_TC" : "26912171",
				"NSEARCH03_EN" : "26021110",
				"NSEARCH03_TC" : "26021110",
				"NSEARCH04_EN" : "https://www.ihms.edu.hk/it-school/php/webcms/public/mainpage/main.php3",
				"NSEARCH04_TC" : "https://www.ihms.edu.hk/it-school/php/webcms/public/mainpage/main.php3",
				"NSEARCH05_EN" : "112950000223",
				"NSEARCH05_TC" : "112950000223",
				"NORTHING" : 825746,
				"EASTING" : 836175,
				"LATITUDE" : 22.37089209,
				"LONGITUDE" : 114.17597138,
				"LASTUPDATE" : "20231124121807"
			}
		},
		{
			"type" : "Feature",
			"geometry" : {
				"type" : "Point",
				"coordinates" : [ 113.9716235329, 22.3850304599 ]
			},
			"properties" : {
				"OBJECTID" : 422,
				"DATASET_EN" : "Aided Primary Schools",
				"DATASET_TC" : "資助小學",
				"NAME_EN" : "YAN CHAI HOSPITAL HO SIK NAM PRIMARY SCHOOL",
				"ADDRESS_EN" : "STANDARD PRIMARY SCHOOL, AREA 16, TUEN MUN, NEW TERRITORIES",
				"NAME_TC" : "仁濟醫院何式南小學",
				"ADDRESS_TC" : "新界屯門第16區標準小學",
				"SEARCH01_EN" : "CO-ED",
				"SEARCH01_TC" : "男女",
				"SEARCH02_EN" : "WHOLE DAY",
				"SEARCH02_TC" : "全日",
				"SEARCH03_EN" : "TUEN MUN",
				"SEARCH03_TC" : "屯門區",
				"SEARCH04_EN" : "PRIMARY",
				"SEARCH04_TC" : "小學",
				"SEARCH05_EN" : "AIDED",
				"SEARCH05_TC" : "資助",
				"NSEARCH01_EN" : "NOT APPLICABLE",
				"NSEARCH01_TC" : "不適用",
				"NSEARCH02_EN" : "24510325",
				"NSEARCH02_TC" : "24510325",
				"NSEARCH03_EN" : "24508514",
				"NSEARCH03_TC" : "24508514",
				"NSEARCH04_EN" : "https://www.hosiknam.edu.hk",
				"NSEARCH04_TC" : "https://www.hosiknam.edu.hk",
				"NSEARCH05_EN" : "115100000123",
				"NSEARCH05_TC" : "115100000123",
				"NORTHING" : 827326,
				"EASTING" : 815131,
				"LATITUDE" : 22.38503016,
				"LONGITUDE" : 113.97162353,
				"LASTUPDATE" : "20231124121807"
			}
		},
		{
			"type" : "Feature",
			"geometry" : {
				"type" : "Point",
				"coordinates" : [ 114.2234028543, 22.546581875 ]
			},
			"properties" : {
				"OBJECTID" : 423,
				"DATASET_EN" : "Aided Primary Schools",
				"DATASET_TC" : "資助小學",
				"NAME_EN" : "SHA TAU KOK CENTRAL PRIMARY SCHOOL",
				"ADDRESS_EN" : "SHA TAU KOK HUI SHA TAU KOK NT",
				"NAME_TC" : "沙頭角中心小學",
				"ADDRESS_TC" : "新界沙頭角沙頭角墟",
				"SEARCH01_EN" : "CO-ED",
				"SEARCH01_TC" : "男女",
				"SEARCH02_EN" : "WHOLE DAY",
				"SEARCH02_TC" : "全日",
				"SEARCH03_EN" : "NORTH",
				"SEARCH03_TC" : "北區",
				"SEARCH04_EN" : "PRIMARY",
				"SEARCH04_TC" : "小學",
				"SEARCH05_EN" : "AIDED",
				"SEARCH05_TC" : "資助",
				"NSEARCH01_EN" : "NOT APPLICABLE",
				"NSEARCH01_TC" : "不適用",
				"NSEARCH02_EN" : "26749080",
				"NSEARCH02_TC" : "26749080",
				"NSEARCH03_EN" : "26592055",
				"NSEARCH03_TC" : "26592055",
				"NSEARCH04_EN" : "https://www.stkcps.edu.hk/it-school/php/webcms/public/mainpage/main.php3",
				"NSEARCH04_TC" : "https://www.stkcps.edu.hk/it-school/php/webcms/public/mainpage/main.php3",
				"NSEARCH05_EN" : "115460000123",
				"NSEARCH05_TC" : "115460000123",
				"NORTHING" : 845202,
				"EASTING" : 841054,
				"LATITUDE" : 22.54658158,
				"LONGITUDE" : 114.22340285,
				"LASTUPDATE" : "20231124121807"
			}
		},
		{
			"type" : "Feature",
			"geometry" : {
				"type" : "Point",
				"coordinates" : [ 114.1912570666, 22.3044267154 ]
			},
			"properties" : {
				"OBJECTID" : 424,
				"DATASET_EN" : "Aided Primary Schools",
				"DATASET_TC" : "資助小學",
				"NAME_EN" : "S.K.H. FUNG KEI MILLENNIUM PRIMARY SCHOOL",
				"ADDRESS_EN" : "2 TAK TING STREET WHAMPOA GARDEN HUNG HOM KOWLOON",
				"NAME_TC" : "聖公會奉基千禧小學",
				"ADDRESS_TC" : "九龍紅磡黃埔花園德定街2號",
				"SEARCH01_EN" : "CO-ED",
				"SEARCH01_TC" : "男女",
				"SEARCH02_EN" : "WHOLE DAY",
				"SEARCH02_TC" : "全日",
				"SEARCH03_EN" : "KOWLOON CITY",
				"SEARCH03_TC" : "九龍城區",
				"SEARCH04_EN" : "PRIMARY",
				"SEARCH04_TC" : "小學",
				"SEARCH05_EN" : "AIDED",
				"SEARCH05_TC" : "資助",
				"NSEARCH01_EN" : "PROTESTANTISM / CHRISTIANITY",
				"NSEARCH01_TC" : "基督教",
				"NSEARCH02_EN" : "23627123,23627229",
				"NSEARCH02_TC" : "23627123,23627229",
				"NSEARCH03_EN" : "23637898",
				"NSEARCH03_TC" : "23637898",
				"NSEARCH04_EN" : "https://www.fkmps.edu.hk",
				"NSEARCH04_TC" : "https://www.fkmps.edu.hk",
				"NSEARCH05_EN" : "540218000123",
				"NSEARCH05_TC" : "540218000123",
				"NORTHING" : 818386,
				"EASTING" : 837750,
				"LATITUDE" : 22.30442642,
				"LONGITUDE" : 114.19125706,
				"LASTUPDATE" : "20231124121807"
			}
		},
		{
			"type" : "Feature",
			"geometry" : {
				"type" : "Point",
				"coordinates" : [ 114.2043280229, 22.345848331 ]
			},
			"properties" : {
				"OBJECTID" : 425,
				"DATASET_EN" : "Aided Primary Schools",
				"DATASET_TC" : "資助小學",
				"NAME_EN" : "TSZ WAN SHAN CATHOLIC PRIMARY SCHOOL",
				"ADDRESS_EN" : "172 PO KONG VILLAGE ROAD WONG TAI SIN KOWLOON",
				"NAME_TC" : "慈雲山天主教小學",
				"ADDRESS_TC" : "九龍黃大仙蒲崗村道172號",
				"SEARCH01_EN" : "CO-ED",
				"SEARCH01_TC" : "男女",
				"SEARCH02_EN" : "WHOLE DAY",
				"SEARCH02_TC" : "全日",
				"SEARCH03_EN" : "WONG TAI SIN",
				"SEARCH03_TC" : "黃大仙區",
				"SEARCH04_EN" : "PRIMARY",
				"SEARCH04_TC" : "小學",
				"SEARCH05_EN" : "AIDED",
				"SEARCH05_TC" : "資助",
				"NSEARCH01_EN" : "CATHOLICISM",
				"NSEARCH01_TC" : "天主教",
				"NSEARCH02_EN" : "23273332",
				"NSEARCH02_TC" : "23273332",
				"NSEARCH03_EN" : "23276662",
				"NSEARCH03_TC" : "23276662",
				"NSEARCH04_EN" : "http://www.twscps.edu.hk",
				"NSEARCH04_TC" : "http://www.twscps.edu.hk",
				"NSEARCH05_EN" : "543268000123",
				"NSEARCH05_TC" : "543268000123",
				"NORTHING" : 822973,
				"EASTING" : 839096,
				"LATITUDE" : 22.34584804,
				"LONGITUDE" : 114.20432802,
				"LASTUPDATE" : "20231124121806"
			}
		},
		{
			"type" : "Feature",
			"geometry" : {
				"type" : "Point",
				"coordinates" : [ 114.1956317851, 22.2879363553 ]
			},
			"properties" : {
				"OBJECTID" : 426,
				"DATASET_EN" : "Aided Primary Schools",
				"DATASET_TC" : "資助小學",
				"NAME_EN" : "S.K.H. ST. MICHAEL'S PRIMARY SCHOOL",
				"ADDRESS_EN" : "23 FORTRESS HILL ROAD NORTH POINT HONG KONG",
				"NAME_TC" : "聖公會聖米迦勒小學",
				"ADDRESS_TC" : "香港北角炮台山道23號",
				"SEARCH01_EN" : "CO-ED",
				"SEARCH01_TC" : "男女",
				"SEARCH02_EN" : "WHOLE DAY",
				"SEARCH02_TC" : "全日",
				"SEARCH03_EN" : "EASTERN",
				"SEARCH03_TC" : "東區",
				"SEARCH04_EN" : "PRIMARY",
				"SEARCH04_TC" : "小學",
				"SEARCH05_EN" : "AIDED",
				"SEARCH05_TC" : "資助",
				"NSEARCH01_EN" : "PROTESTANTISM / CHRISTIANITY",
				"NSEARCH01_TC" : "基督教",
				"NSEARCH02_EN" : "25709473",
				"NSEARCH02_TC" : "25709473",
				"NSEARCH03_EN" : "25034378",
				"NSEARCH03_TC" : "25034378",
				"NSEARCH04_EN" : "http://www.skhsms.edu.hk",
				"NSEARCH04_TC" : "http://www.skhsms.edu.hk",
				"NSEARCH05_EN" : "513610000123",
				"NSEARCH05_TC" : "513610000123",
				"NORTHING" : 816560,
				"EASTING" : 838201,
				"LATITUDE" : 22.28793606,
				"LONGITUDE" : 114.19563178,
				"LASTUPDATE" : "20231124121806"
			}
		},
		{
			"type" : "Feature",
			"geometry" : {
				"type" : "Point",
				"coordinates" : [ 114.1812034747, 22.3275275683 ]
			},
			"properties" : {
				"OBJECTID" : 427,
				"DATASET_EN" : "Aided Primary Schools",
				"DATASET_TC" : "資助小學",
				"NAME_EN" : "LA SALLE PRIMARY SCHOOL",
				"ADDRESS_EN" : "1D LA SALLE ROAD KOWLOON",
				"NAME_TC" : "喇沙小學",
				"ADDRESS_TC" : "九龍喇沙利道1D號",
				"SEARCH01_EN" : "BOYS",
				"SEARCH01_TC" : "男",
				"SEARCH02_EN" : "WHOLE DAY",
				"SEARCH02_TC" : "全日",
				"SEARCH03_EN" : "KOWLOON CITY",
				"SEARCH03_TC" : "九龍城區",
				"SEARCH04_EN" : "PRIMARY",
				"SEARCH04_TC" : "小學",
				"SEARCH05_EN" : "AIDED",
				"SEARCH05_TC" : "資助",
				"NSEARCH01_EN" : "CATHOLICISM",
				"NSEARCH01_TC" : "天主教",
				"NSEARCH02_EN" : "23362609",
				"NSEARCH02_TC" : "23362609",
				"NSEARCH03_EN" : "23363153",
				"NSEARCH03_TC" : "23363153",
				"NSEARCH04_EN" : "https://www.la-salle.edu.hk",
				"NSEARCH04_TC" : "https://www.la-salle.edu.hk",
				"NSEARCH05_EN" : "512591000123",
				"NSEARCH05_TC" : "512591000123",
				"NORTHING" : 820944,
				"EASTING" : 836714,
				"LATITUDE" : 22.32752728,
				"LONGITUDE" : 114.18120347,
				"LASTUPDATE" : "20231124121806"
			}
		},
		{
			"type" : "Feature",
			"geometry" : {
				"type" : "Point",
				"coordinates" : [ 114.1991087966, 22.3682990856 ]
			},
			"properties" : {
				"OBJECTID" : 428,
				"DATASET_EN" : "Aided Primary Schools",
				"DATASET_TC" : "資助小學",
				"NAME_EN" : "TWGHS TSOI WING SING PRIMARY SCHOOL",
				"ADDRESS_EN" : "19 POK CHUEN STREET, SHATIN, NEW TERRITORIES",
				"NAME_TC" : "東華三院蔡榮星小學",
				"ADDRESS_TC" : "新界沙田博泉街19號",
				"SEARCH01_EN" : "CO-ED",
				"SEARCH01_TC" : "男女",
				"SEARCH02_EN" : "WHOLE DAY",
				"SEARCH02_TC" : "全日",
				"SEARCH03_EN" : "SHA TIN",
				"SEARCH03_TC" : "沙田區",
				"SEARCH04_EN" : "PRIMARY",
				"SEARCH04_TC" : "小學",
				"SEARCH05_EN" : "AIDED",
				"SEARCH05_TC" : "資助",
				"NSEARCH01_EN" : "NOT APPLICABLE",
				"NSEARCH01_TC" : "不適用",
				"NSEARCH02_EN" : "29593606",
				"NSEARCH02_TC" : "29593606",
				"NSEARCH03_EN" : "29593615",
				"NSEARCH03_TC" : "29593615",
				"NSEARCH04_EN" : "https://www.twghtwsps.edu.hk",
				"NSEARCH04_TC" : "https://www.twghtwsps.edu.hk",
				"NSEARCH05_EN" : "610160000223",
				"NSEARCH05_TC" : "610160000223",
				"NORTHING" : 825459,
				"EASTING" : 838558,
				"LATITUDE" : 22.36829879,
				"LONGITUDE" : 114.19910879,
				"LASTUPDATE" : "20231124121805"
			}
		},
		{
			"type" : "Feature",
			"geometry" : {
				"type" : "Point",
				"coordinates" : [ 114.1557456848, 22.5043431835 ]
			},
			"properties" : {
				"OBJECTID" : 429,
				"DATASET_EN" : "Aided Primary Schools",
				"DATASET_TC" : "資助小學",
				"NAME_EN" : "THE SALVATION ARMY CENTALINE CHARITY FUND QUEEN'S HILL SCHOOL",
				"ADDRESS_EN" : "2 LUNG CHUN ROAD, FANLING, NEW TERRITORIES",
				"NAME_TC" : "救世軍中原慈善基金皇后山學校",
				"ADDRESS_TC" : "新界粉嶺龍峻路2號",
				"SEARCH01_EN" : "CO-ED",
				"SEARCH01_TC" : "男女",
				"SEARCH02_EN" : "WHOLE DAY",
				"SEARCH02_TC" : "全日",
				"SEARCH03_EN" : "NORTH",
				"SEARCH03_TC" : "北區",
				"SEARCH04_EN" : "PRIMARY",
				"SEARCH04_TC" : "小學",
				"SEARCH05_EN" : "AIDED",
				"SEARCH05_TC" : "資助",
				"NSEARCH01_EN" : "PROTESTANTISM / CHRISTIANITY",
				"NSEARCH01_TC" : "基督教",
				"NSEARCH02_EN" : "31510323",
				"NSEARCH02_TC" : "31510323",
				"NSEARCH03_EN" : "31510333",
				"NSEARCH03_TC" : "31510333",
				"NSEARCH04_EN" : "https://www.saccfqhs.edu.hk",
				"NSEARCH04_TC" : "https://www.saccfqhs.edu.hk",
				"NSEARCH05_EN" : "618128000123",
				"NSEARCH05_TC" : "618128000123",
				"NORTHING" : 840524,
				"EASTING" : 834094,
				"LATITUDE" : 22.50434289,
				"LONGITUDE" : 114.15574568,
				"LASTUPDATE" : "20231124121805"
			}
		},
		{
			"type" : "Feature",
			"geometry" : {
				"type" : "Point",
				"coordinates" : [ 114.1555319453, 22.5038555144 ]
			},
			"properties" : {
				"OBJECTID" : 430,
				"DATASET_EN" : "Aided Primary Schools",
				"DATASET_TC" : "資助小學",
				"NAME_EN" : "TWGHS TSENG HIN PEI PRIMARY SCHOOL",
				"ADDRESS_EN" : "53 LUNG MA ROAD, FANLING, NEW TERRITORIES",
				"NAME_TC" : "東華三院曾憲備小學",
				"ADDRESS_TC" : "新界粉嶺龍馬路53號",
				"SEARCH01_EN" : "CO-ED",
				"SEARCH01_TC" : "男女",
				"SEARCH02_EN" : "WHOLE DAY",
				"SEARCH02_TC" : "全日",
				"SEARCH03_EN" : "NORTH",
				"SEARCH03_TC" : "北區",
				"SEARCH04_EN" : "PRIMARY",
				"SEARCH04_TC" : "小學",
				"SEARCH05_EN" : "AIDED",
				"SEARCH05_TC" : "資助",
				"NSEARCH01_EN" : "NOT APPLICABLE",
				"NSEARCH01_TC" : "不適用",
				"NSEARCH02_EN" : "23709811",
				"NSEARCH02_TC" : "23709811",
				"NSEARCH03_EN" : "23709819",
				"NSEARCH03_TC" : "23709819",
				"NSEARCH04_EN" : "https://www.thpps.edu.hk",
				"NSEARCH04_TC" : "https://www.thpps.edu.hk",
				"NSEARCH05_EN" : "617407000123",
				"NSEARCH05_TC" : "617407000123",
				"NORTHING" : 840470,
				"EASTING" : 834072,
				"LATITUDE" : 22.50385522,
				"LONGITUDE" : 114.15553194,
				"LASTUPDATE" : "20231124121805"
			}
		},
		{
			"type" : "Feature",
			"geometry" : {
				"type" : "Point",
				"coordinates" : [ 114.1867266705, 22.3300739499 ]
			},
			"properties" : {
				"OBJECTID" : 431,
				"DATASET_EN" : "Aided Primary Schools",
				"DATASET_TC" : "資助小學",
				"NAME_EN" : "IU SHAN SCHOOL",
				"ADDRESS_EN" : "24 GRAMPIAN ROAD KOWLOON",
				"NAME_TC" : "耀山學校",
				"ADDRESS_TC" : "九龍嘉林邊道24號",
				"SEARCH01_EN" : "CO-ED",
				"SEARCH01_TC" : "男女",
				"SEARCH02_EN" : "WHOLE DAY",
				"SEARCH02_TC" : "全日",
				"SEARCH03_EN" : "KOWLOON CITY",
				"SEARCH03_TC" : "九龍城區",
				"SEARCH04_EN" : "PRIMARY",
				"SEARCH04_TC" : "小學",
				"SEARCH05_EN" : "AIDED",
				"SEARCH05_TC" : "資助",
				"NSEARCH01_EN" : "NOT APPLICABLE",
				"NSEARCH01_TC" : "不適用",
				"NSEARCH02_EN" : "23362115",
				"NSEARCH02_TC" : "23362115",
				"NSEARCH03_EN" : "23363144",
				"NSEARCH03_TC" : "23363144",
				"NSEARCH04_EN" : "http://www.iushan.edu.hk",
				"NSEARCH04_TC" : "http://www.iushan.edu.hk",
				"NSEARCH05_EN" : "131806000123",
				"NSEARCH05_TC" : "131806000123",
				"NORTHING" : 821226,
				"EASTING" : 837283,
				"LATITUDE" : 22.33007366,
				"LONGITUDE" : 114.18672667,
				"LASTUPDATE" : "20231124121805"
			}
		}
	]
}